266,2011-06-01,19.1,.9,81.4
266,2011-06-02,20.7,1.2,78
266,2011-06-03,21,1.6,74.1
266,2011-06-04,21.7,2.2,74.8
266,2011-06-05,23.5,1,68.3
266,2011-06-06,22.8,1,69
266,2011-06-07,23.4,1.1,69.3
266,2011-06-08,23.5,1.1,61.1
266,2011-06-09,21.3,1.3,81.3
266,2011-06-10,20.2,1.3,94.9
266,2011-06-11,22.4,.9,74.3
266,2011-06-12,21.9,.9,77.6
266,2011-06-13,22.8,2.3,69.5
266,2011-06-14,21.4,1.2,79.6
266,2011-06-15,21.3,1.6,76.6
266,2011-06-16,22.8,3.3,67.5
266,2011-06-17,22.6,1.4,67.9
266,2011-06-18,22.3,1,78.1
266,2011-06-19,22.9,1.7,71.8
266,2011-06-20,23.9,1.2,69.8
266,2011-06-21,24.4,1.3,71.3
266,2011-06-22,23.2,1.3,95.5
266,2011-06-23,25.1,2.6,91.9
266,2011-06-24,25.6,2.6,90.5
266,2011-06-25,22,3.3,97.8
266,2011-06-26,21.7,4.4,93
266,2011-06-27,22.3,1.7,87.9
266,2011-06-28,23,.8,92.5
266,2011-06-29,24.8,1.5,92.3
266,2011-06-30,24,.8,94.8
266,2011-07-01,25.9,1.4,89.3
266,2011-07-02,26.6,1.5,87
266,2011-07-03,25.2,1.6,93.6
266,2011-07-04,26,2.7,74
266,2011-07-05,25.5,1.2,72
266,2011-07-06,21.1,.9,96.6
266,2011-07-07,23.2,1.3,96.1
266,2011-07-08,25.9,1.5,92.4
266,2011-07-09,22.4,1.3,99
266,2011-07-10,24.9,1.3,97.3
266,2011-07-11,25.6,1.3,88.4
266,2011-07-12,25.1,1.3,95.1
266,2011-07-13,25.2,1.2,96.8
266,2011-07-14,25.9,1.7,96.1
266,2011-07-15,27.1,1.8,89.9
266,2011-07-16,27.3,1.1,86.5
266,2011-07-17,28,1,77.4
266,2011-07-18,28.8,4.5,70
266,2011-07-19,29.8,6.1,61.1
266,2011-07-20,28.7,1.7,69.4
266,2011-07-21,22.8,1.5,95.1
266,2011-07-22,22.7,.8,87.1
266,2011-07-23,25.5,.9,83.3
266,2011-07-24,24.8,.9,89.5
266,2011-07-25,25.5,1.4,77.3
266,2011-07-26,26,1.4,92.1
266,2011-07-27,27.6,2.1,86
266,2011-07-28,28.2,2.2,78.5
266,2011-07-29,28.4,1.5,77.9
266,2011-07-30,28.6,1.3,74
266,2011-07-31,27.8,.9,77.5
266,2011-08-01,25.3,1.3,93.4
266,2011-08-02,26.3,1.4,89.1
266,2011-08-03,27.4,1.2,81.8
266,2011-08-04,28.6,1.6,72.5
266,2011-08-05,29.1,3.2,67.4
266,2011-08-06,28.3,3.9,74.9
266,2011-08-07,26.5,6.1,87.5
266,2011-08-08,27.3,3.3,81
266,2011-08-09,26.5,1.4,90.1
266,2011-08-10,26.8,1.4,89.6
266,2011-08-11,28.1,1.2,83.3
266,2011-08-12,28,1.3,82
266,2011-08-13,26.2,1.5,88
266,2011-08-14,27.1,1,85.4
266,2011-08-15,26.9,1.5,83.6
266,2011-08-16,27.4,1.4,84.5
266,2011-08-17,26.8,1.7,86.9
266,2011-08-18,26.6,1.9,81.8
266,2011-08-19,24.3,.7,87
266,2011-08-20,20.8,1.6,90.4
266,2011-08-21,23.7,2.3,75.5
266,2011-08-22,22.4,3.4,75.1
266,2011-08-23,21.6,4.4,80.4
266,2011-08-24,23.9,3.7,75.4
266,2011-08-25,23.8,3.1,78.1
266,2011-08-26,25.8,2.9,75.9
266,2011-08-27,26.6,3,76.4
266,2011-08-28,27,1.9,73.1
266,2011-08-29,27.7,1.2,73.9
266,2011-08-30,27.8,.7,75.8
266,2011-08-31,27.9,.8,77.1
266,2011-09-01,27.7,.7,77.9
266,2011-09-02,27.5,2.7,67
266,2011-09-03,27.3,2.6,60.9
266,2011-09-04,25.1,1.3,71.3
266,2011-09-05,24.4,1.2,75.1
266,2011-09-06,24.5,1.6,63.5
266,2011-09-07,23.9,1,59.5
266,2011-09-08,24.8,1,58.9
266,2011-09-09,24.9,1,60.6
266,2011-09-10,21.6,4.3,78.4
266,2011-09-11,23.1,1.9,89.4
266,2011-09-12,26.9,1.1,79.5
266,2011-09-13,26.9,1,74.6
266,2011-09-14,26.8,.8,72.4
266,2011-09-15,27.3,.5,69
266,2011-09-16,27.6,1.3,72.5
266,2011-09-17,28.1,1.8,69.6
266,2011-09-18,25.2,2,74.1
266,2011-09-19,19.3,6.8,64.4
266,2011-09-20,19.4,5.2,59.9
266,2011-09-21,20.3,2.6,51.6
266,2011-09-22,20.6,1.3,47.4
266,2011-09-23,21.1,.8,52.5
266,2011-09-24,21.3,.9,60.5
266,2011-09-25,21.3,.9,59.8
266,2011-09-26,21.4,1.4,54.3
266,2011-09-27,21.3,2.8,57.5
266,2011-09-28,21.6,2.6,66.3
266,2011-09-29,20.6,1,85.6
266,2011-09-30,19.4,3.1,54.4
266,2011-10-01,16.3,1.5,52.9
266,2011-10-02,16.3,1.6,43.4
266,2011-10-03,15.9,1.3,41.4
266,2011-10-04,17.8,1,52
266,2011-10-05,18.9,.8,53.6
266,2011-10-06,18.3,2.5,49.9
266,2011-10-07,17.5,1,49.1
266,2011-10-08,18.6,.8,52.8
266,2011-10-09,19.6,.8,59.9
266,2011-10-10,20.4,.8,61.6
266,2011-10-11,20.4,.9,54.8
266,2011-10-12,19.6,1,59
266,2011-10-13,21.1,.8,51
266,2011-10-14,16.7,.3,82.4
266,2011-10-15,17.5,2.4,71.3
266,2011-10-16,16.8,2.7,57.9
266,2011-10-17,16,2.1,50.6
266,2011-10-18,14.6,1.2,45.9
266,2011-10-19,16.7,2.2,57.8
266,2011-10-20,18.8,3.7,56.3
266,2011-10-21,18.4,3.3,72.8
266,2011-10-22,17.1,1.3,85
266,2011-10-23,16.7,.6,73.8
266,2011-10-24,15.4,1.3,77.6
266,2011-10-25,11.1,2.9,42.6
266,2011-10-26,11.3,1,45.1
266,2011-10-27,14.2,.9,62.8
266,2011-10-28,15.9,.8,62.6
266,2011-10-29,17.1,.7,66.1
266,2011-10-30,18.1,.9,68.8
266,2011-10-31,16.7,2.3,55.4
266,2011-11-01,19.2,3.4,58.3
266,2011-11-02,19.6,.7,64.8
266,2011-11-03,20.5,1.3,71.9
266,2011-11-04,20.8,2.8,72.3
266,2011-11-05,21.5,1.8,79.3
266,2011-11-06,18.5,1.2,87.1
266,2011-11-07,18.1,.6,82.4
266,2011-11-08,16.7,2.4,77.4
266,2011-11-09,15.3,3.4,72.9
266,2011-11-10,14.9,4.7,63.9
266,2011-11-11,14.8,2.1,72
266,2011-11-12,14.3,2,66.4
266,2011-11-13,14.2,1.9,55.5
266,2011-11-14,11.4,2.5,41
266,2011-11-15,11,1.2,40.4
266,2011-11-16,12.5,.7,44.5
266,2011-11-17,14.3,2.8,56.9
266,2011-11-18,15.7,1.1,90.4
266,2011-11-19,15.1,3.2,75.1
266,2011-11-20,5.9,3.7,45.5
266,2011-11-21,6.1,1.7,46.9
266,2011-11-22,7.7,.5,49.5
266,2011-11-23,7.9,3.7,66.6
266,2011-11-24,4.7,3.2,46.1
266,2011-11-25,6,.9,52.1
266,2011-11-26,9.2,.6,57.4
266,2011-11-27,13.7,.5,70.4
266,2011-11-28,15.6,.6,80.9
266,2011-11-29,16.2,.9,80.8
266,2011-11-30,11.7,3.7,84.8
266,2011-12-01,6.9,6.8,72.9
266,2011-12-02,8.5,5,66.3
266,2011-12-03,9.6,2.3,63.9
266,2011-12-04,7.5,2.7,58.3
266,2011-12-05,7.2,1,44
266,2011-12-06,8.4,.9,56.4
266,2011-12-07,8.4,.4,51
266,2011-12-08,5.6,2.7,55.6
266,2011-12-09,1.8,3.4,53.6
266,2011-12-10,2.1,2.2,56.6
266,2011-12-11,5.3,3.1,58
266,2011-12-12,6.8,1.2,57
266,2011-12-13,7.4,.7,41.8
266,2011-12-14,8.3,1,45.6
266,2011-12-15,2.8,4.1,41.9
266,2011-12-16,-.7,2.9,50.8
266,2011-12-17,0,3.1,50.9
266,2011-12-18,2.2,2.1,60.5
266,2011-12-19,3.1,1.6,43.5
266,2011-12-20,3.8,.8,45
266,2011-12-21,4.9,1.2,57.5
266,2011-12-22,1,3.8,42.8
266,2011-12-23,-1,2.4,33
266,2011-12-24,-.2,1.9,48
266,2011-12-25,-.9,3.1,46.4
266,2011-12-26,-1.1,2.9,36.9
266,2011-12-27,1.1,.6,29.4
266,2011-12-28,3.4,.6,34.9
266,2011-12-29,3.6,2.4,48.3
266,2011-12-30,2.6,1.1,43.6
266,2011-12-31,2.2,1.4,48.3
266,2012-01-01,2.1,2.5,62.9
266,2012-01-02,.2,2.4,51
266,2012-01-03,1.3,2.7,62.1
266,2012-01-04,-1.6,4.1,59
266,2012-01-05,-.1,2.8,51.5
266,2012-01-06,1,1.3,51
266,2012-01-07,1.7,.7,44.4
266,2012-01-08,2.8,1.5,35.4
266,2012-01-09,3,1.2,50.6
266,2012-01-10,2.7,2.1,49.9
266,2012-01-11,-.1,3.3,46.5
266,2012-01-12,-.7,2.2,49.1
266,2012-01-13,2.6,1.8,54.9
266,2012-01-14,2.6,1.3,33.8
266,2012-01-15,3.2,1,37.5
266,2012-01-16,6.5,3,53.6
266,2012-01-17,7.6,1,68.3
266,2012-01-18,6.8,1.8,75.5
266,2012-01-19,7.8,4.8,77.8
266,2012-01-20,8.9,6.5,61.4
266,2012-01-21,7.5,3.2,66.1
266,2012-01-22,1.2,4.5,48.5
266,2012-01-23,-3.5,3.2,42
266,2012-01-24,-2.8,1.9,51.4
266,2012-01-25,-3.1,2.5,51.1
266,2012-01-26,0,1.2,45.5
266,2012-01-27,4.3,1.6,53.9
266,2012-01-28,5.1,1.7,33.4
266,2012-01-29,3.9,1.2,27
266,2012-01-30,1.6,2.8,20.3
266,2012-01-31,1.6,1.9,47.9
266,2012-02-01,-2.5,4.7,52.4
266,2012-02-02,-6.6,4.1,44.9
266,2012-02-03,-2.9,1.9,50.6
266,2012-02-04,1.2,1.8,52.3
266,2012-02-05,1.8,.2,61
266,2012-02-06,3.6,.4,76.5
266,2012-02-07,-1.9,4.1,53.6
266,2012-02-08,-3.7,2.9,51.8
266,2012-02-09,-.5,2.4,49.6
266,2012-02-10,1.4,1.7,45.5
266,2012-02-11,1.3,2.2,33.5
266,2012-02-12,3.1,.8,31.6
266,2012-02-13,4.3,1.3,55.8
266,2012-02-14,5.4,.4,86.1
266,2012-02-15,6,1.4,46.6
266,2012-02-16,3.3,2.9,25.9
266,2012-02-17,-1.7,4,46.3
266,2012-02-18,-2.7,3.2,45.5
266,2012-02-19,0,3.1,41.9
266,2012-02-20,2.3,1.1,40.1
266,2012-02-21,2.6,2.2,57.1
266,2012-02-22,7.2,3.9,69.1
266,2012-02-23,10,2,54.4
266,2012-02-24,7.7,3.2,54.8
266,2012-02-25,4.7,3.1,58.6
266,2012-02-26,2.7,1.2,46.9
266,2012-02-27,3.7,1.1,38.1
266,2012-02-28,4.4,4.6,63.9
266,2012-02-29,8.4,2.5,59.6
266,2012-03-01,9.9,.9,57
266,2012-03-02,8.2,2.2,73.4
266,2012-03-03,9.1,3.2,61.5
266,2012-03-04,6.5,6.7,77.1
266,2012-03-05,6.4,5.4,89.4
266,2012-03-06,7,3.3,73
266,2012-03-07,6.8,.9,55.3
266,2012-03-08,7.8,1.3,46.4
266,2012-03-09,8.1,1.4,50.3
266,2012-03-10,8.2,2.6,44.3
266,2012-03-11,1.3,4.7,45.4
266,2012-03-12,1.5,4,38.1
266,2012-03-13,4.6,1.4,37
266,2012-03-14,7.5,1.9,44.6
266,2012-03-15,9.5,2.4,47.9
266,2012-03-16,8.4,4.3,78.3
266,2012-03-17,12.1,1.7,82.3
266,2012-03-18,10.9,3.4,66.4
266,2012-03-19,7.4,1.8,49
266,2012-03-20,7.3,2.7,34.4
266,2012-03-21,7.6,1.6,38.5
266,2012-03-22,6.1,1.9,73
266,2012-03-23,7.8,4.3,87
266,2012-03-24,5.9,5.4,55
266,2012-03-25,5.4,3.8,39.3
266,2012-03-26,7,3.9,39.9
266,2012-03-27,10.9,2.1,41.4
266,2012-03-28,14.3,2.2,49.4
266,2012-03-29,13.8,1.3,66.6
266,2012-03-30,13.3,2,89.6
266,2012-03-31,8.3,4.6,39.9
266,2012-04-01,7.4,1.9,41.1
266,2012-04-02,11.8,1.5,69.3
266,2012-04-03,8.4,6.7,61.9
266,2012-04-04,9.7,3.9,47.8
266,2012-04-05,11.1,4,37.6
266,2012-04-06,8.8,4,30.6
266,2012-04-07,10.2,3,31.8
266,2012-04-08,15.2,3,41
266,2012-04-09,17.5,2.2,63.5
266,2012-04-10,14.2,1.2,83.1
266,2012-04-11,15.5,2.4,75
266,2012-04-12,14.3,2.5,39
266,2012-04-13,13,1.4,52.1
266,2012-04-14,15.7,1.4,55.8
266,2012-04-15,17.7,1.1,48
266,2012-04-16,18.7,1.8,37.8
266,2012-04-17,14.8,1.4,59.1
266,2012-04-18,16,1.4,50
266,2012-04-19,13.5,2.5,63.6
266,2012-04-20,14,5.2,80.8
266,2012-04-21,13.5,5.6,94.3
266,2012-04-22,14.4,3.2,76.5
266,2012-04-23,17.2,1.5,70.3
266,2012-04-24,19,.9,71.1
266,2012-04-25,15.2,3.4,87.8
266,2012-04-26,14.7,3.9,43.6
266,2012-04-27,16,1.1,36.6
266,2012-04-28,17.7,1.3,52.8
266,2012-04-29,17.4,1.1,75.1
266,2012-04-30,17.2,5,78.3
266,2012-05-01,17.9,3.8,81.9
266,2012-05-02,20.5,3.6,74.8
266,2012-05-03,19.9,1.6,74.8
266,2012-05-04,22.3,1.9,56.6
266,2012-05-05,22.8,3.8,40.6
266,2012-05-06,20.8,2.4,34
266,2012-05-07,21.7,1.2,52.3
266,2012-05-08,22,1.2,63.6
266,2012-05-09,21.8,1.5,61.5
266,2012-05-10,17.1,1.2,78.1
266,2012-05-11,15.2,2.7,71.3
266,2012-05-12,15.9,2,62.6
266,2012-05-13,17,.5,64.4
266,2012-05-14,16.6,1.2,87.3
266,2012-05-15,20.4,2.2,56.8
266,2012-05-16,19.5,1.7,61.3
266,2012-05-17,19.1,3.3,54
266,2012-05-18,18.9,1.4,50.1
266,2012-05-19,18.8,.6,53.8
266,2012-05-20,20.8,.9,54.5
266,2012-05-21,22.1,1.8,52.3
266,2012-05-22,22.6,2.6,46.4
266,2012-05-23,23,1.1,54.1
266,2012-05-24,22.2,.9,57.1
266,2012-05-25,19.7,1.4,76
266,2012-05-26,21.3,1.1,46.9
266,2012-05-27,23.4,1.3,39.1
266,2012-05-28,22.5,1.2,52.3
266,2012-05-29,21.8,1.3,69.9
266,2012-05-30,18.8,3.1,80
266,2012-05-31,20.9,1.9,72.4
266,2012-06-01,20.6,.9,77.6
266,2012-06-02,22,1.6,60.1
266,2012-06-03,22.1,1.2,63.6
266,2012-06-04,22,.9,67
266,2012-06-05,23.6,1.2,67.9
266,2012-06-06,23.7,1.2,66.4
266,2012-06-07,23,1.4,74.1
266,2012-06-08,20.3,1.4,90.3
266,2012-06-09,21.5,1,83.9
266,2012-06-10,22.7,1.4,71.1
266,2012-06-11,22.1,1.2,73.5
266,2012-06-12,23.3,1.4,74.8
266,2012-06-13,22.9,1.9,74.6
266,2012-06-14,22.1,3,72
266,2012-06-15,20,4.1,84.5
266,2012-06-16,22.5,1.3,77.8
266,2012-06-17,23.3,1,76
266,2012-06-18,20.7,1.2,90.3
266,2012-06-19,23.2,2.2,76.6
266,2012-06-20,21.7,.9,84.9
266,2012-06-21,24,1.7,73.6
266,2012-06-22,23.3,1.3,81.1
266,2012-06-23,23.2,1.3,77.5
266,2012-06-24,21.9,3,79.3
266,2012-06-25,23,4.7,60.5
266,2012-06-26,21.2,5.4,70.4
266,2012-06-27,21,5.3,75.8
266,2012-06-28,23.7,2.3,73.5
266,2012-06-29,21.8,1.3,90.9
266,2012-06-30,24.1,1.8,98
266,2012-07-01,23.9,1.5,85.3
266,2012-07-02,24.3,1.5,85.6
266,2012-07-03,25.1,1.8,87.3
266,2012-07-04,24.9,2,89.5
266,2012-07-05,24.3,.8,97.9
266,2012-07-06,24.7,2.5,97
266,2012-07-07,22.3,1.5,95.9
266,2012-07-08,24.5,1.1,85.5
266,2012-07-09,24.4,.8,91.1
266,2012-07-10,22.8,2,92
266,2012-07-11,24.1,1.8,99
266,2012-07-12,25.9,1.2,89.5
266,2012-07-13,25,.7,94.6
266,2012-07-14,23,1.5,99
266,2012-07-15,24.6,1.3,98.5
266,2012-07-16,24.2,.8,94.6
266,2012-07-17,23.7,3,97.6
266,2012-07-18,25.6,4.6,96.1
266,2012-07-19,25.2,2.5,97.5
266,2012-07-20,27,1.3,90.1
266,2012-07-21,26.5,.8,91.1
266,2012-07-22,25.3,1,96.9
266,2012-07-23,27.1,1.1,91.8
266,2012-07-24,28.1,1.4,86.1
266,2012-07-25,28.6,1.1,85.3
266,2012-07-26,28.9,1.3,81.1
266,2012-07-27,28.2,1.2,86
266,2012-07-28,29.3,1.7,83.5
266,2012-07-29,29.4,1.6,82.8
266,2012-07-30,29,1.4,82
266,2012-07-31,29.3,.7,79.3
266,2012-08-01,30.2,3.4,69.1
266,2012-08-02,28.3,4.7,79.8
266,2012-08-03,28.6,3.2,77
266,2012-08-04,29.3,3,73.5
266,2012-08-05,29.9,2.6,69.5
266,2012-08-06,29.8,2.6,72.8
266,2012-08-07,28.4,3.1,73.9
266,2012-08-08,27.5,2.7,72.6
266,2012-08-09,27.7,.7,82.1
266,2012-08-10,26.8,1,90.1
266,2012-08-11,28,1.3,74.3
266,2012-08-12,27.9,1.4,89.6
266,2012-08-13,26.6,1.5,97.1
266,2012-08-14,24.8,2.5,96.9
266,2012-08-15,27.9,2.3,92
266,2012-08-16,26.9,1,94.3
266,2012-08-17,27.8,1.4,92.6
266,2012-08-18,27.8,1.2,93
266,2012-08-19,28.7,1.6,89
266,2012-08-20,28,1.4,92.1
266,2012-08-21,26.2,1,96.4
266,2012-08-22,25.1,.9,97.3
266,2012-08-23,23,3.8,99
266,2012-08-24,23.4,3.5,98.5
266,2012-08-25,27.2,2,88.1
266,2012-08-26,28.6,3.4,72.4
266,2012-08-27,27.2,6.3,80
266,2012-08-28,25.1,7.5,95.4
266,2012-08-29,26.2,1.3,91.4
266,2012-08-30,24.2,4.5,90.9
266,2012-08-31,24.1,1.6,75
266,2012-09-01,24.2,.9,78.6
266,2012-09-02,24.9,1.2,81.5
266,2012-09-03,24.1,1.7,86.4
266,2012-09-04,24.7,1.2,93.8
266,2012-09-05,24.4,1.7,86.5
266,2012-09-06,23.6,1,72.8
266,2012-09-07,23.9,2,87.5
266,2012-09-08,24,1.7,85.8
266,2012-09-09,20,1.1,96.5
266,2012-09-10,21.7,1.9,85.9
266,2012-09-11,22.6,2.1,77
266,2012-09-12,22.8,.9,78
266,2012-09-13,22.7,.7,89.5
266,2012-09-14,21.7,.8,89.8
266,2012-09-15,21.2,2.4,85.8
266,2012-09-16,19.6,6.2,98.1
266,2012-09-17,20.6,8.3,92.8
266,2012-09-18,20.9,2.3,81
266,2012-09-19,20,1.6,78.1
266,2012-09-20,21.5,.8,70.1
266,2012-09-21,21.9,.7,70.6
266,2012-09-22,22,.8,70.5
266,2012-09-23,23.1,.8,69.8
266,2012-09-24,22.4,1.1,69.3
266,2012-09-25,22,3.1,62.6
266,2012-09-26,21.9,3.1,62.3
266,2012-09-27,22.4,2.3,66.1
266,2012-09-28,22.1,1.4,70.3
266,2012-09-29,19.5,2.1,62.1
266,2012-09-30,19.4,1.7,61.3
266,2012-10-01,20.5,.8,63.8
266,2012-10-02,21.7,.7,64.9
266,2012-10-03,21.2,1.8,59.5
266,2012-10-04,21.4,1,61.3
266,2012-10-05,20.8,.6,69.4
266,2012-10-06,21.2,.7,64.6
266,2012-10-07,20.1,2.1,56.6
266,2012-10-08,19.3,3.7,56.3
266,2012-10-09,19.1,1.8,59.5
266,2012-10-10,19.7,1.6,65.4
266,2012-10-11,17.7,1.5,49.9
266,2012-10-12,18,1,51
266,2012-10-13,18.8,.7,51.4
266,2012-10-14,20.1,.6,55.6
266,2012-10-15,19.1,1.3,48.9
266,2012-10-16,19.6,3,60.6
266,2012-10-17,16.7,2.3,62.3
266,2012-10-18,15.1,1.2,41.1
266,2012-10-19,16.8,.9,47.1
266,2012-10-20,17.6,.8,59.8
266,2012-10-21,18.9,.5,53.6
266,2012-10-22,18.2,2,76.1
266,2012-10-23,14.1,3.7,51.5
266,2012-10-24,15.6,1,52.8
266,2012-10-25,18,.8,58.9
266,2012-10-26,18.8,1.3,62.6
266,2012-10-27,17.7,1.9,87.4
266,2012-10-28,17.8,2.9,60.3
266,2012-10-29,16,1,53.9
266,2012-10-30,14,2.8,55.6
266,2012-10-31,11.8,2.4,52.5
266,2012-11-01,10.1,2.9,46.1
266,2012-11-02,11.7,1,45.5
266,2012-11-03,13.3,1.5,52.8
266,2012-11-04,13.2,4.3,77.4
266,2012-11-05,13.1,2.2,63.4
266,2012-11-06,12.7,3.3,65.9
266,2012-11-07,13,3.1,61.5
266,2012-11-08,14.2,1.6,59.1
266,2012-11-09,14.7,1.7,61.6
266,2012-11-10,13.7,6,65.6
266,2012-11-11,12.4,5,71.6
266,2012-11-12,11.6,4.5,51.4
266,2012-11-13,10.6,3.4,55.8
266,2012-11-14,7.6,3.3,63.8
266,2012-11-15,9.7,1.6,48.6
266,2012-11-16,10.3,.4,68.5
266,2012-11-17,10.1,2.8,64.9
266,2012-11-18,9.8,1.4,54.3
266,2012-11-19,9.3,2.9,58
266,2012-11-20,7.3,1.5,46.3
266,2012-11-21,9.2,.4,50.9
266,2012-11-22,11.1,.9,51.9
266,2012-11-23,9.5,2.4,54.4
266,2012-11-24,7,3,42.8
266,2012-11-25,7.7,.9,53.1
266,2012-11-26,6.9,2.8,64.1
266,2012-11-27,6,1.4,55.6
266,2012-11-28,10.3,2.2,59.9
266,2012-11-29,8.3,.6,48
266,2012-11-30,7,1.3,42.4
266,2012-12-01,5.2,3.1,44.3
266,2012-12-02,7.5,1.6,76.6
266,2012-12-03,7.5,2.5,71.9
266,2012-12-04,3.2,3.4,56.3
266,2012-12-05,4.1,2.3,65.6
266,2012-12-06,1.2,2.9,59.6
266,2012-12-07,2.3,1,76.1
266,2012-12-08,1.3,3.2,71.1
266,2012-12-09,-.6,3.5,60.3
266,2012-12-10,.9,2.5,51.8
266,2012-12-11,1.4,2,55.9
266,2012-12-12,2.9,.8,45.5
266,2012-12-13,5.6,.6,43.3
266,2012-12-14,9.4,.8,83.8
266,2012-12-15,11,1.5,79.3
266,2012-12-16,8.9,1.3,63.8
266,2012-12-17,6.8,3.4,62.9
266,2012-12-18,0,4.1,49.6
266,2012-12-19,.4,1.8,44.4
266,2012-12-20,3.4,1.3,39
266,2012-12-21,6.1,2.8,74.5
266,2012-12-22,3.6,4,66.5
266,2012-12-23,-1.3,3.7,54.8
266,2012-12-24,-1.9,1.6,54.6
266,2012-12-25,-.1,4.1,60.8
266,2012-12-26,-.9,.9,33.8
266,2012-12-27,2.7,.9,34.4
266,2012-12-28,4.1,.8,84.3
266,2012-12-29,5.4,1.2,78.3
266,2012-12-30,-.3,4.1,62.6
266,2012-12-31,-.7,2.3,59.4
266,2013-01-01,2.3,1.7,67.9
266,2013-01-02,0,3.6,55.6
266,2013-01-03,-4.3,3.5,42.3
266,2013-01-04,-1.7,.8,38.3
266,2013-01-05,-.1,1.7,48.3
266,2013-01-06,2,1.1,47.8
266,2013-01-07,2,1,42
266,2013-01-08,2.6,1.1,41.1
266,2013-01-09,-.9,4.1,44.8
266,2013-01-10,-.8,1.1,41.1
266,2013-01-11,1.4,.6,42
266,2013-01-12,5.5,1.6,53.9
266,2013-01-13,5.3,1.7,40.9
266,2013-01-14,5.1,2.1,49.3
266,2013-01-15,4.7,.9,57.9
266,2013-01-16,3.7,2.8,58.6
266,2013-01-17,0,4,55.6
266,2013-01-18,1.3,1.8,45.5
266,2013-01-19,3.7,2.2,56.1
266,2013-01-20,6.1,2.4,57.5
266,2013-01-21,7.7,3.1,87.8
266,2013-01-22,7.4,2.6,77.8
266,2013-01-23,5.8,1.7,79.1
266,2013-01-24,3.6,3.1,66.8
266,2013-01-25,-1.1,4.9,50.6
266,2013-01-26,-1.9,4.8,49.8
266,2013-01-27,-1.5,4.1,58.4
266,2013-01-28,2.4,2.5,53.4
266,2013-01-29,6.5,.7,62.8
266,2013-01-30,8.4,.6,61
266,2013-01-31,9.8,1.8,66.6
266,2013-02-01,12.8,2.5,88.5
266,2013-02-02,7.1,3.3,46
266,2013-02-03,4.9,.9,51.8
266,2013-02-04,6.9,2.1,72.3
266,2013-02-05,5.5,3.7,71.9
266,2013-02-06,3.9,3.8,71
266,2013-02-07,-2.8,4.8,52.6
266,2013-02-08,-4,3.1,45.5
266,2013-02-09,-.6,1.8,45.8
266,2013-02-10,2.2,2,51.9
266,2013-02-11,3.7,1.4,39.8
266,2013-02-12,2.5,1.5,59.4
266,2013-02-13,3.7,1.2,49.9
266,2013-02-14,6.7,.8,42.8
266,2013-02-15,5,3.5,36.1
266,2013-02-16,2.9,1.7,34.8
266,2013-02-17,5.3,.8,64.6
266,2013-02-18,6.6,.8,77.6
266,2013-02-19,2.8,3.3,40.8
266,2013-02-20,.8,3.2,36.6
266,2013-02-21,3,2.5,43.4
266,2013-02-22,4.5,2.6,49
266,2013-02-23,2.3,3.1,39.1
266,2013-02-24,4.7,1.6,43
266,2013-02-25,6.7,.7,40.6
266,2013-02-26,7.3,1.1,63.3
266,2013-02-27,9.7,.8,58.8
266,2013-02-28,11,.8,48.5
266,2013-03-01,6,4.1,64.9
266,2013-03-02,2.2,3,51.5
266,2013-03-03,3.4,3.1,47
266,2013-03-04,6.2,2.7,43.6
266,2013-03-05,7.1,1.7,42.4
266,2013-03-06,10.1,1.4,45.9
266,2013-03-07,12,1,73.5
266,2013-03-08,13.4,1.8,56.3
266,2013-03-09,15.3,1.4,58.3
266,2013-03-10,11.1,3.6,40.9
266,2013-03-11,7.7,1.8,50
266,2013-03-12,11.1,1.1,72.5
266,2013-03-13,10.1,3.3,84.4
266,2013-03-14,7.2,2.6,69.3
266,2013-03-15,9.4,1.9,62.1
266,2013-03-16,11.8,1.3,40.1
266,2013-03-17,10.4,.9,73.9
266,2013-03-18,14.3,3.1,77
266,2013-03-19,12.8,1.4,74.4
266,2013-03-20,9.3,3.2,62.3
266,2013-03-21,4.3,1.6,49.8
266,2013-03-22,8.4,2.2,57
266,2013-03-23,9.1,1.6,57.9
266,2013-03-24,10.2,2.5,51
266,2013-03-25,5.9,3.6,48.4
266,2013-03-26,7.7,1.4,56.9
266,2013-03-27,11.9,1.3,67.8
266,2013-03-28,13.6,2,49.8
266,2013-03-29,11.2,2.1,46.8
266,2013-03-30,10.6,1.4,50.3
266,2013-03-31,10.3,1.8,68
266,2013-04-01,11.5,2.1,63.3
266,2013-04-02,9.4,3.7,72
266,2013-04-03,12.2,1.7,53.8
266,2013-04-04,14,1.9,47.9
266,2013-04-05,14.5,2.2,66
266,2013-04-06,10.2,4.9,89.4
266,2013-04-07,5.7,4.7,63.8
266,2013-04-08,10.1,2.3,48.8
266,2013-04-09,9.7,5.2,40.1
266,2013-04-10,6.1,3.8,50
266,2013-04-11,8.8,3.9,42.6
266,2013-04-12,8.7,3.3,44.5
266,2013-04-13,11.6,1.9,50.8
266,2013-04-14,14,3.4,49
266,2013-04-15,11.5,1.6,48.4
266,2013-04-16,17.1,1.9,79.1
266,2013-04-17,14.9,2.3,93.1
266,2013-04-18,15,2.4,63.9
266,2013-04-19,11.3,3.2,57.8
266,2013-04-20,7.3,2,82.8
266,2013-04-21,10.9,2.4,55.1
266,2013-04-22,12.7,1.4,45.8
266,2013-04-23,11.7,1.8,89.1
266,2013-04-24,15.6,3.7,71.9
266,2013-04-25,13.5,2.6,65.1
266,2013-04-26,13.5,4.3,44.9
266,2013-04-27,13.7,2.3,57.6
266,2013-04-28,15.3,1.2,77.9
266,2013-04-29,16.5,1.8,76.8
266,2013-04-30,15.5,1.8,38.3
266,2013-05-01,12.7,2.3,65.1
266,2013-05-02,14.6,2.3,65
266,2013-05-03,14.9,1.6,58.3
266,2013-05-04,16.4,1.6,56.1
266,2013-05-05,18.6,1.8,46.1
266,2013-05-06,20.9,1.7,37.1
266,2013-05-07,17.5,1.9,62.6
266,2013-05-08,17.4,1.2,60
266,2013-05-09,17.7,1,78.8
266,2013-05-10,17.1,2.1,87.1
266,2013-05-11,20,1.9,61.9
266,2013-05-12,20.3,2.2,71.4
266,2013-05-13,21.3,1.4,63.3
266,2013-05-14,20.3,1.5,68.5
266,2013-05-15,21.5,1.6,77.1
266,2013-05-16,18.3,4.4,72.1
266,2013-05-17,17,3.8,68.9
266,2013-05-18,18.3,.9,76.1
266,2013-05-19,19,2.1,90
266,2013-05-20,19.9,2,73.9
266,2013-05-21,20,1.3,51.9
266,2013-05-22,22,1,61.5
266,2013-05-23,22.8,.8,68.6
266,2013-05-24,24,.7,66.9
266,2013-05-25,22.1,1.3,77.3
266,2013-05-26,21.7,.9,79.6
266,2013-05-27,19,3.5,91.8
266,2013-05-28,20.6,1.7,96.4
266,2013-05-29,19.7,2.8,86.3
266,2013-05-30,21.2,1.2,63.9
266,2013-05-31,20.7,.5,68.4
266,2013-06-01,20.4,.6,78.3
266,2013-06-02,21.1,1,76.4
266,2013-06-03,21.7,1.2,70.3
266,2013-06-04,23.3,1,62.4
266,2013-06-05,23.2,.8,70.8
266,2013-06-06,23.6,1.2,72.1
266,2013-06-07,22.4,1.5,82
266,2013-06-08,21.8,3.1,70.4
266,2013-06-09,22.2,5,67.6
266,2013-06-10,23.2,4.1,70.6
266,2013-06-11,21.3,3.9,87
266,2013-06-12,21,1.2,99
266,2013-06-13,22.9,.8,91.4
266,2013-06-14,21.5,1,97.3
266,2013-06-15,24.6,1,83.9
266,2013-06-16,25.8,1.3,79.1
266,2013-06-17,25,2.2,81.3
266,2013-06-18,23.2,1.5,98.6
266,2013-06-19,22.7,1.7,98.1
266,2013-06-20,24.2,1.3,87.1
266,2013-06-21,23.3,1.5,88
266,2013-06-22,23.3,1.2,85.1
266,2013-06-23,21.1,.6,97.8
266,2013-06-24,23.3,.8,81.4
266,2013-06-25,21.6,1.7,93.5
266,2013-06-26,23.7,1.6,83.6
266,2013-06-27,23,.9,87.8
266,2013-06-28,24.2,1.5,84.1
266,2013-06-29,25.1,1.8,78.4
266,2013-06-30,24.6,2.7,81.3
266,2013-07-01,25,1.3,87.6
266,2013-07-02,24.9,1.2,96.8
266,2013-07-03,24.9,2.1,97
266,2013-07-04,24.9,1.2,97.8
266,2013-07-05,24.9,2,95.8
266,2013-07-06,25.4,1.5,89.5
266,2013-07-07,24,.9,98.8
266,2013-07-08,,2.1,
266,2013-07-09,,1.9,
266,2013-07-10,,1.9,
266,2013-07-11,27.8,2.2,81.3
266,2013-07-12,27.6,1.9,82.5
266,2013-07-13,28.4,1.8,84.5
266,2013-07-14,28.3,1.9,85.6
266,2013-07-15,27.9,1.8,82.8
266,2013-07-16,27.6,2.4,80.5
266,2013-07-17,28.1,2.5,75.5
266,2013-07-18,28.4,1.6,73.5
266,2013-07-19,28.6,1.3,75.9
266,2013-07-20,28.5,1.5,79.4
266,2013-07-21,28.2,2,81.3
266,2013-07-22,28.6,1.7,80.1
266,2013-07-23,26.7,1.7,90.6
266,2013-07-24,26.7,2.1,92.5
266,2013-07-25,27.9,1.6,79
266,2013-07-26,29,1.6,73.1
266,2013-07-27,28.7,.8,72.1
266,2013-07-28,27.8,1,88.1
266,2013-07-29,27.7,1.7,92.1
266,2013-07-30,29,1.5,86.5
266,2013-07-31,29,1.6,86
266,2013-08-01,29.7,1.3,82.1
266,2013-08-02,29,1.3,81.6
266,2013-08-03,28.7,1.7,83.3
266,2013-08-04,27.7,1.4,87.5
266,2013-08-05,27.4,1.2,86
266,2013-08-06,29.4,1.1,80.6
266,2013-08-07,30.4,1.1,82.1
266,2013-08-08,30.5,1.3,81.8
266,2013-08-09,30.6,1.4,80.9
266,2013-08-10,31.5,1.2,75.8
266,2013-08-11,31.8,1,71.6
266,2013-08-12,30.6,1.1,74.3
266,2013-08-13,29.5,1.3,78.5
266,2013-08-14,29,1.3,79
266,2013-08-15,29,1.3,78.4
266,2013-08-16,29.1,1.3,78.8
266,2013-08-17,29.2,1.6,78.6
266,2013-08-18,29.4,1.5,80.3
266,2013-08-19,30.1,1.4,78
266,2013-08-20,29.6,.8,83.8
266,2013-08-21,29.1,2,82.4
266,2013-08-22,27.4,.9,94
266,2013-08-23,25.9,.9,98.8
266,2013-08-24,24.9,.5,99
266,2013-08-25,25.2,1.6,86.3
266,2013-08-26,26.5,1.4,74.9
266,2013-08-27,26.7,1.2,75
266,2013-08-28,26.2,.9,75.6
266,2013-08-29,26.4,2.3,90.8
266,2013-08-30,24.9,.8,93.1
266,2013-08-31,24.9,1.6,75.6
266,2013-09-01,24.4,1.5,79.9
266,2013-09-02,24.5,1.2,75.9
266,2013-09-03,21.7,1.6,66.3
266,2013-09-04,23,1.4,57.3
266,2013-09-05,21.8,2.4,69
266,2013-09-06,19,1.9,88.1
266,2013-09-07,21.3,1.3,86.3
266,2013-09-08,22.8,.6,82
266,2013-09-09,23,.8,80
266,2013-09-10,23.9,.6,75.8
266,2013-09-11,24.5,1,85
266,2013-09-12,23.8,1.1,85.9
266,2013-09-13,26.3,1.3,86.5
266,2013-09-14,23.6,1.2,95.5
266,2013-09-15,25,.8,71.4
266,2013-09-16,23.2,.9,66.6
266,2013-09-17,23,.9,74
266,2013-09-18,24.1,1.1,71.6
266,2013-09-19,24.1,3.3,72.4
266,2013-09-20,24.4,.9,77.5
266,2013-09-21,25,.8,77
266,2013-09-22,24.5,4.4,72.3
266,2013-09-23,23.9,3,72.8
266,2013-09-24,24.5,1.3,79.9
266,2013-09-25,21.6,1.9,72.4
266,2013-09-26,19.8,1.4,56.8
266,2013-09-27,20.6,1.1,60.9
266,2013-09-28,20.3,2.2,78.9
266,2013-09-29,20.4,.8,98.8
266,2013-09-30,23,1,89.6
266,2013-10-01,23.1,1.6,83.8
266,2013-10-02,20.1,1.7,84.4
266,2013-10-03,18.4,1.1,65.5
266,2013-10-04,18.7,2.6,63.6
266,2013-10-05,21.1,4.7,68.8
266,2013-10-06,23,6.1,82.4
266,2013-10-07,24.6,5.1,80.5
266,2013-10-08,21.9,4.9,94.5
266,2013-10-09,20.4,2.1,90.6
266,2013-10-10,21.6,.9,94.4
266,2013-10-11,19.9,3.2,68.4
266,2013-10-12,17.5,1.2,55.9
266,2013-10-13,18.2,1.6,64.5
266,2013-10-14,20.9,1.6,70.9
266,2013-10-15,18.1,2.6,76.4
266,2013-10-16,13.6,2,62.3
266,2013-10-17,14.5,1.3,60.6
266,2013-10-18,17,4,60.9
266,2013-10-19,17.8,3.7,66.9
266,2013-10-20,19,1.2,68
266,2013-10-21,17.8,1.5,68.6
266,2013-10-22,17.6,5.3,64.4
266,2013-10-23,18.1,4.9,64.4
266,2013-10-24,17.2,1.7,68.4
266,2013-10-25,13.5,2.2,49.8
266,2013-10-26,12.1,1.7,63.9
266,2013-10-27,12.9,.8,60.9
266,2013-10-28,14,.7,61.1
266,2013-10-29,15.2,1,59.4
266,2013-10-30,15.5,1.5,61.4
266,2013-10-31,15.2,.8,64.4
266,2013-11-01,16.2,1.2,74
266,2013-11-02,18.1,.7,76.4
266,2013-11-03,17,1,77
266,2013-11-04,14.9,1.9,66.1
266,2013-11-05,14.9,1.1,65.9
266,2013-11-06,15.4,.7,84.5
266,2013-11-07,14.7,2.5,60.5
266,2013-11-08,12.4,1.4,54.4
266,2013-11-09,13.8,1.5,84.4
266,2013-11-10,11.3,4.3,65.4
266,2013-11-11,7.5,3.8,51.4
266,2013-11-12,7.5,2,52.6
266,2013-11-13,7.6,.8,60.5
266,2013-11-14,9,1.1,75.3
266,2013-11-15,11.2,1.5,71.5
266,2013-11-16,10.4,1,65.3
266,2013-11-17,8.6,2.9,63.4
266,2013-11-18,3.4,3,83.4
266,2013-11-19,5,3,67.6
266,2013-11-20,5.3,2.5,63.9
266,2013-11-21,6.4,2.9,62.3
266,2013-11-22,7.8,2.4,61.6
266,2013-11-23,8.7,1.3,66.1
266,2013-11-24,11.1,1.3,75.1
266,2013-11-25,8.3,5.1,73.8
266,2013-11-26,5.7,2.4,61.4
266,2013-11-27,4.7,3.4,78.3
266,2013-11-28,.4,2.2,80.8
266,2013-11-29,3.3,2.9,74.6
266,2013-11-30,6.5,2.1,71
266,2013-12-01,7.3,2,70.1
266,2013-12-02,6,1.3,64.5
266,2013-12-03,6.4,1.2,69.8
266,2013-12-04,8.2,1.3,68.5
266,2013-12-05,8.2,1,70.8
266,2013-12-06,7.6,2.7,53.3
266,2013-12-07,6.5,1.2,52.5
266,2013-12-08,8.2,.5,65.3
266,2013-12-09,8.9,2.1,81.9
266,2013-12-10,4.9,4.5,58.5
266,2013-12-11,3.1,3.7,66.8
266,2013-12-12,3.9,2.6,64.5
266,2013-12-13,.8,3.4,69.4
266,2013-12-14,2.8,2.5,66.9
266,2013-12-15,3.3,2,52.4
266,2013-12-16,3.1,.7,41
266,2013-12-17,7.1,3.8,49.6
266,2013-12-18,6.5,4,71.5
266,2013-12-19,1.5,4.1,69.8
266,2013-12-20,2.1,4.5,74.8
266,2013-12-21,2.5,3,59.4
266,2013-12-22,2.1,1.3,60.1
266,2013-12-23,2.7,2.3,59.9
266,2013-12-24,3.8,1.1,40.3
266,2013-12-25,5.1,.7,62.3
266,2013-12-26,3.6,2,68
266,2013-12-27,-.3,4.1,56.8
266,2013-12-28,-1.1,2.4,58.4
266,2013-12-29,-.4,1.9,72.4
266,2013-12-30,4,1.9,65.4
266,2013-12-31,6.1,2.2,64
266,2014-01-01,6.4,3.4,51.3
266,2014-01-02,6.1,1,49.5
266,2014-01-03,7.1,.9,49.9
266,2014-01-04,5.6,1.5,53.5
266,2014-01-05,4.1,1.8,45.9
266,2014-01-06,3.8,.8,44
266,2014-01-07,5.6,.4,54.4
266,2014-01-08,3.4,1.8,78.3
266,2014-01-09,-2.6,3.5,38.5
266,2014-01-10,-.9,1.8,56.8
266,2014-01-11,1.7,1.6,62
266,2014-01-12,2,2.2,61.1
266,2014-01-13,-.4,1.8,38
266,2014-01-14,.1,1.1,36.8
266,2014-01-15,1,2,44.4
266,2014-01-16,2.1,1,51
266,2014-01-17,3,1.3,59.8
266,2014-01-18,1.3,3.3,62.3
266,2014-01-19,.6,1.3,49.3
266,2014-01-20,3.6,2.8,69.3
266,2014-01-21,-1.4,3.4,69.5
266,2014-01-22,-.4,1.7,58.5
266,2014-01-23,2,.8,54.5
266,2014-01-24,8.3,1.6,69.8
266,2014-01-25,10.2,2,78.6
266,2014-01-26,4.5,2.3,44.3
266,2014-01-27,4.7,1.6,53
266,2014-01-28,6.8,1.9,64.1
266,2014-01-29,7.4,.7,71.6
266,2014-01-30,9.1,2.7,84.6
266,2014-01-31,7.5,.8,53.9
266,2014-02-01,12.3,.3,80
266,2014-02-02,13.3,1.2,87.3
266,2014-02-03,5.8,3,57.8
266,2014-02-04,-2.9,4.7,36.9
266,2014-02-05,-1,1.3,36.1
266,2014-02-06,2.6,2.8,50.4
266,2014-02-07,4.9,5.7,70.8
266,2014-02-08,4.4,4.2,76.8
266,2014-02-09,3.3,2.5,65.1
266,2014-02-10,2.5,5.4,69.1
266,2014-02-11,2.6,5,57.3
266,2014-02-12,3.9,4.4,55.5
266,2014-02-13,4.4,4.5,59.4
266,2014-02-14,3.7,4.8,59.3
266,2014-02-15,4.4,1.6,57.4
266,2014-02-16,6.2,.9,66
266,2014-02-17,6.1,3.5,75.6
266,2014-02-18,3.9,5.3,67.9
266,2014-02-19,4,3.6,55.4
266,2014-02-20,4.5,1.9,57.5
266,2014-02-21,3.6,1.2,48.6
266,2014-02-22,5.4,1.2,49.8
266,2014-02-23,6.6,.8,54.1
266,2014-02-24,8,.8,54.5
266,2014-02-25,8.8,.7,53.4
266,2014-02-26,9.2,4.8,78.1
266,2014-02-27,12.1,2.4,68.4
266,2014-02-28,9.9,1.8,67.5
266,2014-03-01,8.5,1.1,92.6
266,2014-03-02,8.5,1.9,56.1
266,2014-03-03,7.4,2,48.3
266,2014-03-04,7.4,2.4,62.5
266,2014-03-05,5.2,4.3,45.8
266,2014-03-06,3.2,2.4,39.1
266,2014-03-07,3.4,3.1,39.9
266,2014-03-08,4.7,2.8,39.5
266,2014-03-09,4.3,2.9,55.4
266,2014-03-10,4.6,2.8,37.4
266,2014-03-11,6.9,1.2,46.9
266,2014-03-12,8.8,.3,91.9
266,2014-03-13,5.8,3,95.5
266,2014-03-14,4.2,1.4,78.8
266,2014-03-15,8.3,2.3,66.3
266,2014-03-16,11.9,1.6,73.3
266,2014-03-17,13.3,1.4,84.5
266,2014-03-18,15.3,3.1,76.1
266,2014-03-19,10.3,2.5,71
266,2014-03-20,8.4,3.9,59.3
266,2014-03-21,7,3.6,55
266,2014-03-22,9.6,1.8,53.1
266,2014-03-23,13.4,2.3,44.8
266,2014-03-24,12.9,1.7,51.8
266,2014-03-25,13.8,.5,90.6
266,2014-03-26,14.8,1.3,95.6
266,2014-03-27,15.8,1.1,72.4
266,2014-03-28,15.9,.8,72.3
266,2014-03-29,14.4,2.3,98
266,2014-03-30,16,3.4,82.3
266,2014-03-31,14.8,1.1,74.5
266,2014-04-01,15.2,1.2,68.8
266,2014-04-02,15.9,1,60.9
266,2014-04-03,14.3,2.1,57.4
266,2014-04-04,9,3.9,47.1
266,2014-04-05,8.2,3,47.8
266,2014-04-06,9.6,3.4,41.8
266,2014-04-07,13.7,2.5,39.9
266,2014-04-08,15,1.2,38.3
266,2014-04-09,16.1,1.1,56.1
266,2014-04-10,15.3,1.4,68.1
266,2014-04-11,13.9,2.1,58.1
266,2014-04-12,15,1.6,57.1
266,2014-04-13,13.7,2.9,72.9
266,2014-04-14,15,1.2,43.1
266,2014-04-15,18.6,2.4,50.8
266,2014-04-16,18.4,1.2,52.8
266,2014-04-17,13.4,2.5,68.9
266,2014-04-18,13.6,2.7,87.5
266,2014-04-19,12.5,4.8,69.3
266,2014-04-20,14.1,2.8,62.5
266,2014-04-21,17.4,1.4,59.9
266,2014-04-22,17.4,1.2,55
266,2014-04-23,17.5,1.2,46.6
266,2014-04-24,17.8,1.1,43
266,2014-04-25,18.2,.9,43.3
266,2014-04-26,17.9,1,55.3
266,2014-04-27,16.2,2,79.8
266,2014-04-28,13.6,5.9,98
266,2014-04-29,14.3,1,98.5
266,2014-04-30,15.4,.7,93.6
266,2014-05-01,18.2,1.3,73.6
266,2014-05-02,18.6,2.1,66.3
266,2014-05-03,16.7,2.3,53.6
266,2014-05-04,15.4,1.9,72.8
266,2014-05-05,13.1,3,39.4
266,2014-05-06,13.7,1.7,54.3
266,2014-05-07,15.5,1.4,62.9
266,2014-05-08,17.7,2.7,65.1
266,2014-05-09,17.2,1.4,57.6
266,2014-05-10,17.9,3.2,52.5
266,2014-05-11,18.3,3.9,66.1
266,2014-05-12,19.8,3.3,67.8
266,2014-05-13,21.2,1.9,63.1
266,2014-05-14,16.4,1.2,89
266,2014-05-15,20.2,2.1,57
266,2014-05-16,21.4,1.9,47.6
266,2014-05-17,21.9,1.6,43.6
266,2014-05-18,21.1,1.1,51.4
266,2014-05-19,21.3,1.1,57.6
266,2014-05-20,17.2,.9,93.9
266,2014-05-21,20.8,2.4,62.1
266,2014-05-22,21.3,1.4,62.4
266,2014-05-23,19.3,1.6,83.1
266,2014-05-24,20.5,1.2,81.6
266,2014-05-25,19.5,1.6,93.6
266,2014-05-26,21.8,2.4,59.3
266,2014-05-27,22,1.8,56.8
266,2014-05-28,22.3,1.4,78.1
266,2014-05-29,24,.9,65.1
266,2014-05-30,24.5,1.1,62.9
266,2014-05-31,25.1,1,61.9
266,2014-06-01,22.9,.7,73.1
266,2014-06-02,19.4,3.3,83.4
266,2014-06-03,18.2,4.8,98.5
266,2014-06-04,21.6,5.4,81.1
266,2014-06-05,21.4,3.6,75.1
266,2014-06-06,21.7,1,77
266,2014-06-07,21,1,84.9
266,2014-06-08,20.9,1.2,86.8
266,2014-06-09,20.8,1.8,87.8
266,2014-06-10,21.9,2.5,83.5
266,2014-06-11,20.8,1.6,89.3
266,2014-06-12,18.8,1.1,92
266,2014-06-13,22,2,75.6
266,2014-06-14,22.9,1.9,71.5
266,2014-06-15,23.7,1.5,64.4
266,2014-06-16,24.3,1.1,67.5
266,2014-06-17,21.1,1.9,84.1
266,2014-06-18,22.8,2.2,72
266,2014-06-19,23.2,1.1,81.9
266,2014-06-20,22.4,1.9,86.9
266,2014-06-21,21.2,3.8,86.8
266,2014-06-22,21.8,1.6,83
266,2014-06-23,20.8,1.1,93
266,2014-06-24,22.4,1.4,87.6
266,2014-06-25,22.7,1,82.8
266,2014-06-26,23.3,.9,83.5
266,2014-06-27,23.8,1.4,81.6
266,2014-06-28,25.2,2,67.3
266,2014-06-29,24.1,1.9,75.1
266,2014-06-30,25.2,1.1,77.4
266,2014-07-01,25.5,1.3,74.9
266,2014-07-02,21.8,1.7,88
266,2014-07-03,21.1,2.8,97.3
266,2014-07-04,22.8,1,92.3
266,2014-07-05,22.8,1.2,91
266,2014-07-06,20.2,4.1,97.8
266,2014-07-07,21.9,2.2,97.4
266,2014-07-08,23.2,.6,99
266,2014-07-09,25.6,6,94.8
266,2014-07-10,28.1,3.3,71.4
266,2014-07-11,27.6,2.1,62.5
266,2014-07-12,24.4,.7,79.6
266,2014-07-13,23,1.1,94.1
266,2014-07-14,25.9,1.4,82.4
266,2014-07-15,23.2,1,95.8
266,2014-07-16,24.1,1,93
266,2014-07-17,22.9,.7,98.6
266,2014-07-18,24,1.1,96.4
266,2014-07-19,24.9,1.5,91.5
266,2014-07-20,27,.9,86.1
266,2014-07-21,26.3,1.3,88.9
266,2014-07-22,26.1,2.1,88.5
266,2014-07-23,27.6,2.3,86.4
266,2014-07-24,28.4,1.8,91
266,2014-07-25,28.2,2.6,91.6
266,2014-07-26,26.8,3.5,80.9
266,2014-07-27,24.8,1,70
266,2014-07-28,23.4,1.3,84.9
266,2014-07-29,25.6,1,83.4
266,2014-07-30,29,1.3,77.1
266,2014-07-31,30.4,1.9,69.6
266,2014-08-01,27.6,5.6,80.3
266,2014-08-02,25.1,6.7,94.6
266,2014-08-03,24.2,3.3,98.8
266,2014-08-04,24.1,1.8,98.9
266,2014-08-05,28,2,87.1
266,2014-08-06,28.5,1.5,81
266,2014-08-07,26.3,1.4,89.5
266,2014-08-08,24.9,6,81.3
266,2014-08-09,26.2,6.8,71.8
266,2014-08-10,27.1,2,74
266,2014-08-11,26.4,1.2,70.9
266,2014-08-12,26.7,1,67.9
266,2014-08-13,25.5,1.3,80.4
266,2014-08-14,22.4,3.6,92.1
266,2014-08-15,25,1,86.8
266,2014-08-16,25.9,1.2,82
266,2014-08-17,23.8,2.4,89.4
266,2014-08-18,22.7,1.4,97.3
266,2014-08-19,24.7,1,93.8
266,2014-08-20,24.4,.4,97.1
266,2014-08-21,25.5,2.7,87.5
266,2014-08-22,26.1,1.5,78.6
266,2014-08-23,26.2,1.1,76.8
266,2014-08-24,24.5,.5,89.8
266,2014-08-25,25.1,.9,95.9
266,2014-08-26,27.2,.9,81.4
266,2014-08-27,23.2,2.3,90.5
266,2014-08-28,21.3,2,91.3
266,2014-08-29,21.8,2.8,87.3
266,2014-08-30,22.8,2.7,79
266,2014-08-31,21.6,2,80
266,2014-09-01,23.1,2.2,74.9
266,2014-09-02,21.4,3.8,89.5
266,2014-09-03,22.6,1.5,98.5
266,2014-09-04,23.7,1.5,81.6
266,2014-09-05,24.3,.6,78
266,2014-09-06,22.3,.7,91.9
266,2014-09-07,24.1,1,82.1
266,2014-09-08,25,.7,80.5
266,2014-09-09,24.4,.9,77.5
266,2014-09-10,23.6,.9,69.4
266,2014-09-11,23.5,1.4,77.9
266,2014-09-12,22.2,1.8,80.8
266,2014-09-13,22.5,3.2,73.4
266,2014-09-14,21.8,2.5,72.3
266,2014-09-15,22.7,.7,77.5
266,2014-09-16,23.8,1.2,69.9
266,2014-09-17,21.7,1.1,91.9
266,2014-09-18,21.6,2.9,74.6
266,2014-09-19,20.7,3.4,68.9
266,2014-09-20,21.8,3.2,64.4
266,2014-09-21,21.8,1.7,66.6
266,2014-09-22,21.8,2.4,69.5
266,2014-09-23,21.1,4.4,74.9
266,2014-09-24,21.1,2,99
266,2014-09-25,21.5,.9,86.1
266,2014-09-26,21.6,2,81.6
266,2014-09-27,22,1,75.5
266,2014-09-28,22.6,1,78.3
266,2014-09-29,21.4,1.7,88.4
266,2014-09-30,20.4,2.8,85
266,2014-10-01,19.4,3.1,78.8
266,2014-10-02,20.3,1.5,78
266,2014-10-03,18.9,3,70
266,2014-10-04,18.4,4.6,66
266,2014-10-05,18.3,5.7,60.1
266,2014-10-06,17.9,1.4,61.9
266,2014-10-07,18,1,65.3
266,2014-10-08,18.3,1.2,71.1
266,2014-10-09,19.2,2.6,64.4
266,2014-10-10,19.8,3.4,69.1
266,2014-10-11,20.3,6.1,60.9
266,2014-10-12,19.4,6,70.9
266,2014-10-13,18,5,80.1
266,2014-10-14,15.8,1.5,70.1
266,2014-10-15,15.2,.9,84.1
266,2014-10-16,14.6,2.4,62.5
266,2014-10-17,14.8,.9,52.6
266,2014-10-18,15.8,.6,58.8
266,2014-10-19,17.2,.8,70
266,2014-10-20,19.3,.5,98.5
266,2014-10-21,19.2,2,96.9
266,2014-10-22,14.4,5.4,87.4
266,2014-10-23,14.7,1.4,71.6
266,2014-10-24,15.9,.8,83.8
266,2014-10-25,17,.7,79.8
266,2014-10-26,17.9,1.6,78.4
266,2014-10-27,16.4,1.8,64.1
266,2014-10-28,14,.7,64.6
266,2014-10-29,14.6,.5,74.4
266,2014-10-30,15.3,1,79.8
266,2014-10-31,14.2,3.6,91.4
266,2014-11-01,16,.9,93.6
266,2014-11-02,13.4,3.5,72.5
266,2014-11-03,10.3,2.5,53.4
266,2014-11-04,11.1,.8,66.5
266,2014-11-05,12.7,.6,73.8
266,2014-11-06,14.5,1,68.1
266,2014-11-07,13.9,.9,63
266,2014-11-08,13.1,.6,92.4
266,2014-11-09,13.1,1.8,70.1
266,2014-11-10,12.3,1.1,59.9
266,2014-11-11,11.9,1.1,67.9
266,2014-11-12,10.7,4.4,66.3
266,2014-11-13,4.5,3.4,64.6
266,2014-11-14,7,1.6,65.1
266,2014-11-15,8.6,1.5,60.4
266,2014-11-16,10.3,1.1,58.8
266,2014-11-17,9.6,2,66.5
266,2014-11-18,8.5,1.7,56.6
266,2014-11-19,8,1,60.8
266,2014-11-20,10,.7,54.3
266,2014-11-21,11.5,.7,74.1
266,2014-11-22,13.1,1,76.3
266,2014-11-23,13.2,1.1,72.8
266,2014-11-24,12.8,3.1,92
266,2014-11-25,12.4,5.3,77.6
266,2014-11-26,12,2.3,66.8
266,2014-11-27,12.1,.6,77.8
266,2014-11-28,12.3,1.7,91
266,2014-11-29,12.8,1.7,74.8
266,2014-11-30,12.4,3.5,90.5
266,2014-12-01,4.9,6.1,68.3
266,2014-12-02,-1,4.2,66.6
266,2014-12-03,3.4,3.9,72.8
266,2014-12-04,2.6,,80.8
266,2014-12-05,-.2,3.4,68.6
266,2014-12-06,.9,3,64.1
266,2014-12-07,2.4,1.2,65.4
266,2014-12-08,3.4,1.8,78.3
266,2014-12-09,3.2,1.2,46.8
266,2014-12-10,8,1.6,70.9
266,2014-12-11,5,3.5,65.5
266,2014-12-12,2.1,3.1,67.9
266,2014-12-13,.4,3.3,71.3
266,2014-12-14,1.3,1.5,58.8
266,2014-12-15,4.6,.7,67.9
266,2014-12-16,1.1,3.9,80.1
266,2014-12-17,-3.8,5.2,66.5
266,2014-12-18,-.6,3.1,45.9
266,2014-12-19,2.1,.3,67.6
266,2014-12-20,2.8,3.2,75.6
266,2014-12-21,-.5,2.7,69.3
266,2014-12-22,.3,2.5,78
266,2014-12-23,3.2,1.1,73.6
266,2014-12-24,5.9,2.5,67.3
266,2014-12-25,2,3.4,52.8
266,2014-12-26,1.3,1.1,49.1
266,2014-12-27,3.5,.7,50.9
266,2014-12-28,3.5,.7,59.1
266,2014-12-29,5.3,1.5,69.9
266,2014-12-30,7,1.7,53.9
266,2014-12-31,3.3,3.1,63.1
266,2015-01-01,-2.7,3.9,60
266,2015-01-02,-1.3,3.5,67.5
266,2015-01-03,.3,1.5,53.5
266,2015-01-04,6.1,1.2,70.6
266,2015-01-05,7.2,.4,79
266,2015-01-06,4.9,4,59.1
266,2015-01-07,-.1,3.8,41
266,2015-01-08,.7,3.2,50.4
266,2015-01-09,2.9,3.4,63
266,2015-01-10,4,3,56.6
266,2015-01-11,2.7,2.8,62.8
266,2015-01-12,1.2,1.9,47.5
266,2015-01-13,4.1,.5,61.4
266,2015-01-14,5.5,.6,66.8
266,2015-01-15,6.8,1.5,53.5
266,2015-01-16,3.5,2.6,71.4
266,2015-01-17,1.3,4.2,51.6
266,2015-01-18,1.7,1.8,57.8
266,2015-01-19,4.5,3.8,59.3
266,2015-01-20,3.1,1,58.4
266,2015-01-21,5.7,.7,84
266,2015-01-22,5,1.9,86.4
266,2015-01-23,4,1.1,74.9
266,2015-01-24,4.4,1,71.8
266,2015-01-25,6.5,1.3,83.1
266,2015-01-26,8.7,1.9,92.1
266,2015-01-27,2.8,3.9,64.6
266,2015-01-28,1.6,2.2,51.3
266,2015-01-29,4,3,80.5
266,2015-01-30,1.6,2.8,68.9
266,2015-01-31,-.4,2.9,47.5
266,2015-02-01,1.4,.8,51.8
266,2015-02-02,3.9,.8,55.4
266,2015-02-03,4.6,.9,63.5
266,2015-02-04,3.5,2.6,56.4
266,2015-02-05,2.4,3.6,59.5
266,2015-02-06,3.7,1.7,58.3
266,2015-02-07,3.9,2.7,66
266,2015-02-08,-3.1,5.2,51.5
266,2015-02-09,-2.7,3.8,48.6
266,2015-02-10,3.9,2.8,61.5
266,2015-02-11,6,2,68.1
266,2015-02-12,2.6,,51.8
266,2015-02-13,1,4.1,44.1
266,2015-02-14,4.4,2.2,68.3
266,2015-02-15,6.7,2.7,81
266,2015-02-16,6.2,4.4,97.9
266,2015-02-17,5.4,3.4,68.8
266,2015-02-18,3.1,4.2,72.1
266,2015-02-19,4.7,1.6,62.3
266,2015-02-20,5.8,1.4,71.4
266,2015-02-21,8.2,3.1,90.8
266,2015-02-22,8.6,3,77.6
266,2015-02-23,5.4,2.7,56.3
266,2015-02-24,6.3,1.6,49
266,2015-02-25,8,.8,61
266,2015-02-26,5.9,3.4,56.5
266,2015-02-27,1.9,3.3,42
266,2015-02-28,3.6,4.2,67.6
266,2015-03-01,3.8,3.2,75.4
266,2015-03-02,4.9,1.4,52.6
266,2015-03-03,4,1.1,85.4
266,2015-03-04,1,4.8,47.8
266,2015-03-05,3,1.3,49.3
266,2015-03-06,6.5,2.3,61.4
266,2015-03-07,7.7,.8,70.9
266,2015-03-08,8.8,1.2,66
266,2015-03-09,6.2,4.3,52.3
266,2015-03-10,-.6,5.2,43.8
266,2015-03-11,4.5,4.4,52.4
266,2015-03-12,5.4,3.4,44.5
266,2015-03-13,7,1.3,75.8
266,2015-03-14,7.4,1.3,58.9
266,2015-03-15,10,.9,48.4
266,2015-03-16,12.2,.9,49.5
266,2015-03-17,14.1,.9,63.9
266,2015-03-18,11.5,5.7,96
266,2015-03-19,13,1.9,83
266,2015-03-20,14.5,1.2,74.6
266,2015-03-21,16.8,1.4,41.3
266,2015-03-22,13.2,,35
266,2015-03-23,7.8,3.6,32.6
266,2015-03-24,7.7,2,41.6
266,2015-03-25,9.1,1.3,45.3
266,2015-03-26,11.1,1.1,42.5
266,2015-03-27,12,1.2,44.5
266,2015-03-28,13.5,1.5,48.6
266,2015-03-29,15.5,1.7,55.8
266,2015-03-30,15.3,1.7,75.9
266,2015-03-31,14.1,.3,94.3
266,2015-04-01,13.3,,98
266,2015-04-02,12.6,3.7,94.5
266,2015-04-03,16.7,3.1,83.4
266,2015-04-04,11.8,4.4,82.9
266,2015-04-05,10.7,1.8,98.8
266,2015-04-06,11.8,.9,98.9
266,2015-04-07,9.4,2.5,93
266,2015-04-08,9.9,2.4,75.5
266,2015-04-09,10.9,1.8,72.6
266,2015-04-10,12.8,1.7,71.8
266,2015-04-11,13.7,1.4,66.6
266,2015-04-12,14,3.6,44.5
266,2015-04-13,11.2,7.2,84.1
266,2015-04-14,9.5,2.4,77.3
266,2015-04-15,13.3,2.9,65.6
266,2015-04-16,13.3,2.6,72.3
266,2015-04-17,13,1.6,42.1
266,2015-04-18,13.5,1.2,52.5
266,2015-04-19,14.6,.8,99
266,2015-04-20,13.3,1.1,97.8
266,2015-04-21,14.9,1,76.1
266,2015-04-22,16.6,2,54.1
266,2015-04-23,15.5,1.6,51.4
266,2015-04-24,17.8,2.2,50.6
266,2015-04-25,18,1.2,44.4
266,2015-04-26,20.3,1.4,41.1
266,2015-04-27,19.3,1.4,47.5
266,2015-04-28,16.2,2,93
266,2015-04-29,15.5,4.7,98.6
266,2015-04-30,18.5,2.7,86.1
266,2015-05-01,20.1,1.1,79.8
266,2015-05-02,19.2,1.3,85.1
266,2015-05-03,17.1,2.4,99
266,2015-05-04,18.3,3.2,49.3
266,2015-05-05,15.5,1.4,47.9
266,2015-05-06,16.2,.8,66.8
266,2015-05-07,18.6,1.2,58.4
266,2015-05-08,19.1,1.2,49.3
266,2015-05-09,18.6,1.4,77.1
266,2015-05-10,18.1,1.3,81.8
266,2015-05-11,16.7,3.4,82.8
266,2015-05-12,16.1,3.8,80.9
266,2015-05-13,20.3,4,58.4
266,2015-05-14,19.3,.8,84.6
266,2015-05-15,21.6,1.6,88.6
266,2015-05-16,19.3,1.2,84.9
266,2015-05-17,19.4,.9,56.3
266,2015-05-18,14.9,.7,86.6
266,2015-05-19,20.2,1.2,79.3
266,2015-05-20,19.8,2.9,46.1
266,2015-05-21,21.2,1.9,47.4
266,2015-05-22,22.5,1.3,43.6
266,2015-05-23,21.3,.9,59.6
266,2015-05-24,22.9,.8,55.8
266,2015-05-25,23.8,1.2,50.5
266,2015-05-26,25.6,1.2,39.6
266,2015-05-27,25.1,1.1,42.1
266,2015-05-28,23.4,1.3,51.1
266,2015-05-29,24.4,1.1,55.4
266,2015-05-30,20.8,.6,84.9
266,2015-05-31,22.6,1.5,67.8
266,2015-06-01,23.8,1.2,61
266,2015-06-02,21.7,.9,77.9
266,2015-06-03,24.1,1.6,55.6
266,2015-06-04,23.2,1.1,49.8
266,2015-06-05,17.1,1.5,78
266,2015-06-06,20.2,.9,69.5
266,2015-06-07,20.6,1.3,70.5
266,2015-06-08,19.7,.6,87.6
266,2015-06-09,23.1,.8,78
266,2015-06-10,23.8,1.5,71.1
266,2015-06-11,21.4,2.2,86.4
266,2015-06-12,25.2,1.9,72.8
266,2015-06-13,22.7,1,79.1
266,2015-06-14,23,1.1,81.8
266,2015-06-15,23.6,1.5,82.9
266,2015-06-16,24.5,1,79.4
266,2015-06-17,20.6,2.1,90.1
266,2015-06-18,24.3,4.3,66.8
266,2015-06-19,24.3,2.2,68
266,2015-06-20,20.7,1.2,88.9
266,2015-06-21,21.3,1.3,86.8
266,2015-06-22,22,1.1,82
266,2015-06-23,24.1,1.1,73.5
266,2015-06-24,22.7,1.6,79.5
266,2015-06-25,22.2,3,83.6
266,2015-06-26,22.5,2.2,88.5
266,2015-06-27,20.8,.6,92.1
266,2015-06-28,22.9,1.3,82.6
266,2015-06-29,23.5,1.5,75.9
266,2015-06-30,20.5,1.8,91.5
266,2015-07-01,23.8,2.1,77.4
266,2015-07-02,23.9,1.1,68.8
266,2015-07-03,25.1,1.7,61.3
266,2015-07-04,22.3,1.3,70
266,2015-07-05,23.3,1.1,74.3
266,2015-07-06,22.4,1.3,80.8
266,2015-07-07,19.3,4,95.5
266,2015-07-08,21.7,3.4,96.6
266,2015-07-09,24,3.6,88.1
266,2015-07-10,26.2,2.8,80.9
266,2015-07-11,25.2,3.2,90.6
266,2015-07-12,23.9,5.7,98.6
266,2015-07-13,23.6,3.1,91.4
266,2015-07-14,26.1,1.2,83.9
266,2015-07-15,27.3,1.4,78.9
266,2015-07-16,25.5,5.1,65.6
266,2015-07-17,23.1,1.7,71.6
266,2015-07-18,23.9,1,79.8
266,2015-07-19,25.6,2.4,77.4
266,2015-07-20,25.3,2.6,91.8
266,2015-07-21,24.4,1.6,98.1
266,2015-07-22,25.7,1.1,93.3
266,2015-07-23,26.3,1.5,94.4
266,2015-07-24,25.9,2.1,95.6
266,2015-07-25,27.2,2,85.6
266,2015-07-26,29.6,.9,73.9
266,2015-07-27,28.7,1.7,82.9
266,2015-07-28,28.8,1.8,81.1
266,2015-07-29,29.8,1.7,84.4
266,2015-07-30,29.8,1.6,82.8
266,2015-07-31,29.3,1.5,81.4
266,2015-08-01,29.1,1.2,80.4
266,2015-08-02,27.9,1.7,85.1
266,2015-08-03,28.8,1.5,76.9
266,2015-08-04,28.8,1.9,78.1
266,2015-08-05,29.8,1.4,76.1
266,2015-08-06,30.4,.9,70.5
266,2015-08-07,30.9,1.1,66.5
266,2015-08-08,30,1.7,75.6
266,2015-08-09,30.4,1,69.9
266,2015-08-10,29.8,1,64.1
266,2015-08-11,25.4,1.1,75.5
266,2015-08-12,23.9,4.3,85.8
266,2015-08-13,27,.9,79.8
266,2015-08-14,27.2,1.1,74.6
266,2015-08-15,28.1,.9,72.4
266,2015-08-16,26.3,1.7,80.6
266,2015-08-17,27.7,1.9,71.1
266,2015-08-18,26.3,2.4,72.3
266,2015-08-19,26.7,2.6,74.1
266,2015-08-20,25.2,1.5,85.6
266,2015-08-21,25.1,2.3,83.6
266,2015-08-22,25.5,.6,83.1
266,2015-08-23,26,.9,80.4
266,2015-08-24,24.6,4.2,85.6
266,2015-08-25,23.1,3.1,89.9
266,2015-08-26,25.2,1.3,71.1
266,2015-08-27,24.9,1.2,76.9
266,2015-08-28,25.9,1.1,77.8
266,2015-08-29,24.9,.8,77.9
266,2015-08-30,24.7,.6,79.1
266,2015-08-31,25.2,2.5,78.9
266,2015-09-01,23.3,1.9,86
266,2015-09-02,23.9,1.3,88
266,2015-09-03,24.2,1.5,82.1
266,2015-09-04,25,.9,73.6
266,2015-09-05,22.4,1.7,89.3
266,2015-09-06,22.3,4.8,78.9
266,2015-09-07,22.7,4.6,65.1
266,2015-09-08,21.5,3.7,62
266,2015-09-09,23.7,2.5,53.6
266,2015-09-10,23.4,1.1,62.1
266,2015-09-11,24.1,1.2,73.3
266,2015-09-12,20.6,1.7,83.6
266,2015-09-13,21.5,1.4,62.4
266,2015-09-14,21.5,1.9,57.8
266,2015-09-15,21.1,4.1,57.3
266,2015-09-16,20.4,4.2,73.5
266,2015-09-17,21.3,3.6,75
266,2015-09-18,22.5,2.1,68.9
266,2015-09-19,22.4,1,79
266,2015-09-20,23.3,.7,75.9
266,2015-09-21,23.8,.9,74.4
266,2015-09-22,22.2,2,74.3
266,2015-09-23,19.6,3.4,87.1
266,2015-09-24,22.7,4,77.9
266,2015-09-25,22.7,2,73.1
266,2015-09-26,23.6,.5,71.5
266,2015-09-27,22.8,1,71
266,2015-09-28,23.5,1.8,61.1
266,2015-09-29,23,2.1,58.8
266,2015-09-30,18.5,3.8,80.6
266,2015-10-01,19.5,3.5,90
266,2015-10-02,17.6,1.9,53.5
266,2015-10-03,19.5,1.3,72
266,2015-10-04,20.2,1.2,57.4
266,2015-10-05,20,1,62.8
266,2015-10-06,20.4,.8,66.4
266,2015-10-07,19.9,.9,69.4
266,2015-10-08,19.5,.9,66
266,2015-10-09,18,2.4,58.3
266,2015-10-10,16.8,2,67.6
266,2015-10-11,15.1,3,62.5
266,2015-10-12,15.2,2.6,65.8
266,2015-10-13,17.4,2,56.4
266,2015-10-14,18.7,.8,62.6
266,2015-10-15,19.3,.6,68.9
266,2015-10-16,19.4,.7,73.8
266,2015-10-17,19.7,1,68.1
266,2015-10-18,20.3,.6,61.9
266,2015-10-19,19.9,1.1,63.9
266,2015-10-20,20.4,.9,67.8
266,2015-10-21,20.4,.8,71.8
266,2015-10-22,19.2,2.6,75.6
266,2015-10-23,19.6,.9,70.6
266,2015-10-24,19,1.4,73.5
266,2015-10-25,17.5,3.6,60.3
266,2015-10-26,16.1,2.9,65.6
266,2015-10-27,15.5,2.3,72.6
266,2015-10-28,14,1.5,55.5
266,2015-10-29,14.8,1.4,61.4
266,2015-10-30,11.8,2.5,49.4
266,2015-10-31,10.5,1.2,45.6
266,2015-11-01,10.3,.4,58.3
266,2015-11-02,12.6,1.8,60
266,2015-11-03,14.6,.8,63.5
266,2015-11-04,15.5,.5,66.1
266,2015-11-05,17.5,1,67.9
266,2015-11-06,16.3,2.9,71.8
266,2015-11-07,14.8,3.8,94.9
266,2015-11-08,17.7,.9,95.5
266,2015-11-09,15.6,2.3,80.1
266,2015-11-10,14.4,1.3,66.3
266,2015-11-11,15.7,2.7,67.5
266,2015-11-12,16.4,4.6,66.3
266,2015-11-13,12.9,6.3,92.8
266,2015-11-14,15.8,1.1,91.6
266,2015-11-15,16.4,1.2,72.3
266,2015-11-16,15.7,.8,87.1
266,2015-11-17,16.6,1.6,93.1
266,2015-11-18,13.1,6.2,91.4
266,2015-11-19,12.4,2.4,82.8
266,2015-11-20,14.7,.7,76.9
266,2015-11-21,11.6,.5,91.6
266,2015-11-22,13.7,2,86.3
266,2015-11-23,14.2,1.5,87.4
266,2015-11-24,11.8,3.4,71.5
266,2015-11-25,7.5,2.5,89.6
266,2015-11-26,2.5,4.1,81.3
266,2015-11-27,3.3,2.6,79.5
266,2015-11-28,6.1,1.4,70.8
266,2015-11-29,8.5,.8,66.1
266,2015-11-30,9.6,2,71.6
266,2015-12-01,9.1,.8,73.4
266,2015-12-02,10.2,1.5,85.6
266,2015-12-03,4.9,4.6,69
266,2015-12-04,4.3,3.3,82.3
266,2015-12-05,5.9,2,69.8
266,2015-12-06,6.8,.3,74.3
266,2015-12-07,7.3,.8,66.4
266,2015-12-08,8.4,.9,54.8
266,2015-12-09,10.2,1.1,79
266,2015-12-10,11.9,4,94.1
266,2015-12-11,9.3,2.9,91.4
266,2015-12-12,8.8,3.2,64.3
266,2015-12-13,10.2,.7,67.4
266,2015-12-14,10,1.9,85.8
266,2015-12-15,8.7,2.8,75.4
266,2015-12-16,3.9,3.5,71.5
266,2015-12-17,.3,3.2,57.6
266,2015-12-18,2,1.4,66
266,2015-12-19,4.8,.7,64.1
266,2015-12-20,6.1,.2,79.8
266,2015-12-21,7.9,1.2,85.9
266,2015-12-22,8.6,1.5,73.9
266,2015-12-23,10.2,1,94.4
266,2015-12-24,8,2,74.1
266,2015-12-25,4.1,3.5,41.3
266,2015-12-26,6.2,1.4,62.8
266,2015-12-27,3.2,3.1,50.3
266,2015-12-28,.6,3.5,56.5
266,2015-12-29,2.2,1.5,52
266,2015-12-30,3.9,.8,56.9
266,2015-12-31,4.6,2.5,68
266,2016-01-01,3.7,1.7,70.8
266,2016-01-02,7.3,.9,77.8
266,2016-01-03,9.7,1,78.4
266,2016-01-04,9.4,2.1,53.5
266,2016-01-05,4.3,.8,64.6
266,2016-01-06,3.9,2.1,55.5
266,2016-01-07,3.1,3.7,60.5
266,2016-01-08,1.7,3,66
266,2016-01-09,2.6,2,64
266,2016-01-10,4.3,1.8,57.5
266,2016-01-11,3.1,1.5,47.8
266,2016-01-12,1.1,3,46.8
266,2016-01-13,1.1,2.8,67.9
266,2016-01-14,1.6,1.7,68.6
266,2016-01-15,3.3,.8,62.8
266,2016-01-16,5.7,1.1,60
266,2016-01-17,5.9,3.2,74.5
266,2016-01-18,.2,3.9,80.5
266,2016-01-19,-4.2,5.3,68
266,2016-01-20,-3,3.1,54.6
266,2016-01-21,-1.9,1.8,50.1
266,2016-01-22,-.3,1.4,42.4
266,2016-01-23,-4.1,3.1,50.6
266,2016-01-24,-8.2,3.6,68.6
266,2016-01-25,-3.3,3.3,68
266,2016-01-26,.8,2.2,70.3
266,2016-01-27,3.4,1.4,63.6
266,2016-01-28,3.5,1.8,83.8
266,2016-01-29,4.8,5.7,94.1
266,2016-01-30,5.7,2.5,84.3
266,2016-01-31,1.8,2.7,62.6
266,2016-02-01,-.9,3.7,54.9
266,2016-02-02,-.2,1.7,48.1
266,2016-02-03,.9,1.8,53
266,2016-02-04,2.8,3.7,51.5
266,2016-02-05,2.7,2.4,41.1
266,2016-02-06,.3,3.2,56.3
266,2016-02-07,.9,1.9,44.4
266,2016-02-08,4.1,3.5,55.4
266,2016-02-09,4.8,4.3,43.1
266,2016-02-10,5.1,1,51.8
266,2016-02-11,9.1,2.2,64.8
266,2016-02-12,12.6,2.6,95.6
266,2016-02-13,13.7,1.4,98.8
266,2016-02-14,2.1,5.1,78.1
266,2016-02-15,-1.7,3.9,65.4
266,2016-02-16,1.4,3.3,72.9
266,2016-02-17,3.2,2.6,57.6
266,2016-02-18,5,2.1,63.8
266,2016-02-19,7.9,1.4,61.1
266,2016-02-20,6.9,2.6,51.3
266,2016-02-21,3,2.7,45.8
266,2016-02-22,4.9,1.1,56.6
266,2016-02-23,6.1,2.3,50
266,2016-02-24,.5,4.3,48.6
266,2016-02-25,2.1,2.2,40.9
266,2016-02-26,5.2,1.5,67
266,2016-02-27,9.4,2,58.6
266,2016-02-28,8,2.2,81.1
266,2016-02-29,-.8,4,66
266,2016-03-01,.6,3.2,53.1
266,2016-03-02,5.2,1.7,59.8
266,2016-03-03,10.1,1,72.1
266,2016-03-04,10.9,.4,99
266,2016-03-05,13.6,2.6,99
266,2016-03-06,15.1,1.2,76.6
266,2016-03-07,12.4,1.7,82.3
266,2016-03-08,8.5,1.3,74.8
266,2016-03-09,5.3,2,71.5
266,2016-03-10,3.1,3.1,41.8
266,2016-03-11,2.5,2.7,47.5
266,2016-03-12,4.5,1.4,43.3
266,2016-03-13,6,1.3,59.8
266,2016-03-14,7,1.7,59.6
266,2016-03-15,7.5,1.3,58.4
266,2016-03-16,10.8,1.4,57.3
266,2016-03-17,12,.9,58.6
266,2016-03-18,11.9,1.7,98.6
266,2016-03-19,13.4,1.2,83.1
266,2016-03-20,10.5,1.2,81
266,2016-03-21,10.5,1.5,73.8
266,2016-03-22,12.2,2.2,53
266,2016-03-23,11.6,2.4,43.5
266,2016-03-24,8.6,2.7,58.6
266,2016-03-25,7.8,1.8,76.9
266,2016-03-26,7.4,1.9,55.1
266,2016-03-27,9.2,2,45.6
266,2016-03-28,11.4,1.5,46.8
266,2016-03-29,12.4,2.3,67.1
266,2016-03-30,14.2,1.2,71.1
266,2016-03-31,14.2,1,71.8
266,2016-04-01,15.9,1,61.5
266,2016-04-02,15,1,75.3
266,2016-04-03,13.8,1.3,96.4
266,2016-04-04,12,1.9,95.4
266,2016-04-05,14.2,1.6,64.3
266,2016-04-06,13.1,2.6,65
266,2016-04-07,13.2,1.5,92.8
266,2016-04-08,16.6,1.2,68.3
266,2016-04-09,17.7,1.2,52.6
266,2016-04-10,15.9,1.4,69.3
266,2016-04-11,11.2,2.9,87.4
266,2016-04-12,12.5,2.7,68
266,2016-04-13,14.7,1.2,99
266,2016-04-14,18.4,2,60.8
266,2016-04-15,15.3,1.6,58.5
266,2016-04-16,14.9,2.2,87.3
266,2016-04-17,14.4,5.6,60
266,2016-04-18,14.5,3.1,50.4
266,2016-04-19,14.4,2.1,60.5
266,2016-04-20,15.2,1,69.9
266,2016-04-21,15.8,2.2,96.4
266,2016-04-22,18.4,1.5,76.4
266,2016-04-23,17,1.2,65.3
266,2016-04-24,17,1.4,49.5
266,2016-04-25,17.7,1,53
266,2016-04-26,17,1.5,72.8
266,2016-04-27,12.5,6.6,96.8
266,2016-04-28,14.5,1.3,94.6
266,2016-04-29,15.9,1.3,75
266,2016-04-30,16.9,1.6,66.5
266,2016-05-01,18.2,1.4,64.9
266,2016-05-02,18.1,1.3,93
266,2016-05-03,15.8,4.2,88.5
266,2016-05-04,18,4.7,52
266,2016-05-05,18.2,1.4,54.9
266,2016-05-06,18.6,1.8,95.5
266,2016-05-07,18.7,1.8,51.5
266,2016-05-08,18.9,2.5,49.4
266,2016-05-09,17.9,.8,64.8
266,2016-05-10,14.9,1.5,97.6
266,2016-05-11,16.2,1.2,87
266,2016-05-12,18.3,1.4,77.4
266,2016-05-13,17.7,1.7,81.3
266,2016-05-14,18.3,2.8,70.5
266,2016-05-15,18.6,1.1,91.4
266,2016-05-16,15.9,3.2,60.6
266,2016-05-17,19.3,1,52
266,2016-05-18,21.8,.9,58.5
266,2016-05-19,20.8,1,62.9
266,2016-05-20,21.7,1.6,57.9
266,2016-05-21,22.1,2.1,49.3
266,2016-05-22,22.5,2.3,46.6
266,2016-05-23,21.7,1.2,57.6
266,2016-05-24,19,1.6,93.9
266,2016-05-25,21.1,1.1,76.1
266,2016-05-26,22.2,1.1,70.9
266,2016-05-27,22.8,1.4,70.3
266,2016-05-28,20.8,.8,78.9
266,2016-05-29,20.7,.8,81.1
266,2016-05-30,24,1.3,58.5
266,2016-05-31,23.4,1,59.5
266,2016-06-01,22.1,2.5,61.1
266,2016-06-02,21,1.3,60.1
266,2016-06-03,22.1,1,59.9
266,2016-06-04,18.8,2,86.8
266,2016-06-05,21.6,2.7,72
266,2016-06-06,19.4,3,86
266,2016-06-07,21.6,1,90.3
266,2016-06-08,21.9,.8,90.9
266,2016-06-09,22.4,1,87.8
266,2016-06-10,22.3,1.3,86.5
266,2016-06-11,22.7,.8,92
266,2016-06-12,22.8,.6,97.8
266,2016-06-13,23.4,1,90
266,2016-06-14,23,1.3,88.5
266,2016-06-15,22.1,1.1,94.3
266,2016-06-16,23.5,2.3,78.9
266,2016-06-17,24.6,1.6,68.3
266,2016-06-18,24.3,1.2,76
266,2016-06-19,25.6,1.4,83.4
266,2016-06-20,23.3,1.7,95.4
266,2016-06-21,24.3,1.5,89.9
266,2016-06-22,22.1,2.3,96.9
266,2016-06-23,25.4,1.2,78.4
266,2016-06-24,22.7,1.8,91.4
266,2016-06-25,23.3,2.8,71.3
266,2016-06-26,24.8,2.1,66.6
266,2016-06-27,21.6,.9,80
266,2016-06-28,22.4,1.4,78.6
266,2016-06-29,22.1,1.3,87.4
266,2016-06-30,24.1,1.2,89.5
266,2016-07-01,23.4,1.5,98.8
266,2016-07-02,23.4,1.9,98.4
266,2016-07-03,21.4,1.1,99
266,2016-07-04,24.4,.8,98.1
266,2016-07-05,26.6,1.6,95.8
266,2016-07-06,26.9,1.6,93.4
266,2016-07-07,26.8,1.2,89.3
266,2016-07-08,26,1.7,89.1
266,2016-07-09,26.7,1,86.4
266,2016-07-10,26.6,.7,92.4
266,2016-07-11,24.7,.9,96.6
266,2016-07-12,23.9,.8,99
266,2016-07-13,26.2,1.1,93.5
266,2016-07-14,26.8,2.3,81.3
266,2016-07-15,25.2,2.2,82.8
266,2016-07-16,22.7,2.4,96.4
266,2016-07-17,24.7,1.9,87.6
266,2016-07-18,25.1,.9,84.3
266,2016-07-19,25.3,1.6,88.1
266,2016-07-20,25.5,2.2,85
266,2016-07-21,25.1,2.2,84.8
266,2016-07-22,24.7,2,87.9
266,2016-07-23,25.9,1.6,83.5
266,2016-07-24,27.8,1.2,88.1
266,2016-07-25,28.9,1.5,86.8
266,2016-07-26,28.6,1.6,89.3
266,2016-07-27,28.7,1.8,86.9
266,2016-07-28,29,1.8,90.6
266,2016-07-29,29.1,1.5,88.6
266,2016-07-30,29.5,1.2,85.3
266,2016-07-31,29,1,84.5
266,2016-08-01,28.5,.9,87.3
266,2016-08-02,27.4,1,89.6
266,2016-08-03,26.9,.8,89.9
266,2016-08-04,28.4,2.4,82.5
266,2016-08-05,28.9,1.5,79.6
266,2016-08-06,29,1.2,80.4
266,2016-08-07,29.2,1.1,80.9
266,2016-08-08,29.7,1,78
266,2016-08-09,28.5,1.4,86.5
266,2016-08-10,29.6,1,82.3
266,2016-08-11,30.9,.9,81.5
266,2016-08-12,31.3,1.1,77.4
266,2016-08-13,31.2,1.1,74.3
266,2016-08-14,31.2,1.4,72.8
266,2016-08-15,29.9,1.2,78.5
266,2016-08-16,28.7,1.2,77.8
266,2016-08-17,28.5,.9,81.5
266,2016-08-18,29,1.4,76.9
266,2016-08-19,29.2,1.8,74.1
266,2016-08-20,29.1,2,76.1
266,2016-08-21,29.5,2,71.1
266,2016-08-22,29.4,1.3,77.3
266,2016-08-23,27.5,1.8,83.4
266,2016-08-24,28.5,2.2,64.9
266,2016-08-25,28.3,1.3,71.6
266,2016-08-26,23.9,2.8,84.8
266,2016-08-27,23,3.8,70.5
266,2016-08-28,20,2.3,88.4
266,2016-08-29,22.1,2.5,70
266,2016-08-30,22.4,3.1,71.9
266,2016-08-31,24.6,4.8,64.1
266,2016-09-01,25.5,1.9,78.8
266,2016-09-02,19.8,2.9,98.9
266,2016-09-03,23.4,1.7,94.4
266,2016-09-04,26.4,2.2,85
266,2016-09-05,26.2,.9,89.4
266,2016-09-06,24.9,.8,93.6
266,2016-09-07,24.7,.8,85
266,2016-09-08,24.8,1.1,74.4
266,2016-09-09,24.4,.7,80.6
266,2016-09-10,23.8,.9,89.9
266,2016-09-11,23.6,1.8,85.5
266,2016-09-12,21.4,1.7,91
266,2016-09-13,23.5,1.2,82.8
266,2016-09-14,23.9,.8,84.4
266,2016-09-15,24.3,1,85.6
266,2016-09-16,22.9,1.6,89.8
266,2016-09-17,20.2,4.3,98.6
266,2016-09-18,21.3,5.5,91.4
266,2016-09-19,21.5,6.9,74.3
266,2016-09-20,20.8,4.9,59.6
266,2016-09-21,20.9,3.2,64.8
266,2016-09-22,20.5,1.3,78.3
266,2016-09-23,21.5,1.2,82
266,2016-09-24,22.2,1,82.9
266,2016-09-25,22.5,1.1,81.6
266,2016-09-26,23.6,1.6,85.8
266,2016-09-27,24.8,.9,92.6
266,2016-09-28,22.9,.5,98.8
266,2016-09-29,19.6,3.1,94.4
266,2016-09-30,17.6,1.9,97.9
266,2016-10-01,20.1,1.2,95.4
266,2016-10-02,22.3,1.7,95.8
266,2016-10-03,24.3,1,96
266,2016-10-04,22.9,4.1,82.9
266,2016-10-05,21.3,5.7,91.8
266,2016-10-06,21.4,1.2,77.1
266,2016-10-07,19.6,3.8,87.3
266,2016-10-08,17.8,1.7,92.6
266,2016-10-09,15.1,1.7,58.6
266,2016-10-10,16.4,1.9,67.9
266,2016-10-11,16.6,.8,80.3
266,2016-10-12,17.7,.6,71.9
266,2016-10-13,17.3,.6,80.1
266,2016-10-14,17.8,.9,71
266,2016-10-15,18.5,1.9,74.6
266,2016-10-16,17.1,2.2,93.8
266,2016-10-17,21.2,.9,84.9
266,2016-10-18,19.5,1.5,78.6
266,2016-10-19,18.9,.7,86.3
266,2016-10-20,18.6,1.9,79.3
266,2016-10-21,17.3,4.4,80.5
266,2016-10-22,17.8,2.9,77.3
266,2016-10-23,16.6,5.1,75
266,2016-10-24,16.1,3.1,70.8
266,2016-10-25,16.4,1.4,87.1
266,2016-10-26,16.2,.8,84.5
266,2016-10-27,16.3,3.4,72.8
266,2016-10-28,14.8,2.7,92
266,2016-10-29,13.3,1.5,74.9
266,2016-10-30,11.2,.9,61.1
266,2016-10-31,10.5,1,78.5
266,2016-11-01,7.7,2.5,55.9
266,2016-11-02,7.4,1.4,56
266,2016-11-03,10.6,1.3,73.5
266,2016-11-04,12,1.1,75.1
266,2016-11-05,14.7,1.4,83.3
266,2016-11-06,14.5,3.7,79
266,2016-11-07,14.7,2.2,76.9
266,2016-11-08,10.7,3.3,64.8
266,2016-11-09,7.7,1.5,47.1
266,2016-11-10,11.7,2.7,70.4
266,2016-11-11,10.9,1.6,71.8
266,2016-11-12,13.2,.8,69.1
266,2016-11-13,14.9,1,85.5
266,2016-11-14,16.2,1.2,96.9
266,2016-11-15,13.6,2.1,54.8
266,2016-11-16,11.1,.6,54.3
266,2016-11-17,12.8,1,57.5
266,2016-11-18,12.6,1.7,91.8
266,2016-11-19,15.2,1,97.4
266,2016-11-20,16,1.6,79
266,2016-11-21,14.7,1.8,82.3
266,2016-11-22,9.3,3,68.5
266,2016-11-23,6,2.4,45.8
266,2016-11-24,3.7,3,51.3
266,2016-11-25,5.1,1.3,58.8
266,2016-11-26,4.4,.4,81.1
266,2016-11-27,6.8,1.3,82.1
266,2016-11-28,6.6,3,60.4
266,2016-11-29,6.8,1.5,45.8
266,2016-11-30,8.4,1.1,81.8
266,2016-12-01,8.3,2.7,66.6
266,2016-12-02,6.1,1.2,50.5
266,2016-12-03,7.7,.6,50.6
266,2016-12-04,8.5,.8,65.3
266,2016-12-05,10.8,1.8,75.1
266,2016-12-06,5.2,2.7,46.1
266,2016-12-07,5.3,1.2,66.8
266,2016-12-08,7.3,1.1,70.4
266,2016-12-09,7.3,3.6,64.3
266,2016-12-10,4.4,1.3,45.3
266,2016-12-11,4.1,1.1,43.6
266,2016-12-12,7.1,.3,69.8
266,2016-12-13,8.8,1.2,81.4
266,2016-12-14,3.2,4.3,59.8
266,2016-12-15,1.4,4.1,57.8
266,2016-12-16,.7,4,50.8
266,2016-12-17,5.2,1.5,67.6
266,2016-12-18,7.5,.9,75.5
266,2016-12-19,8.5,.3,98.9
266,2016-12-20,11.1,1.8,87.1
266,2016-12-21,13.1,2.3,88.5
266,2016-12-22,10.1,5.3,87.5
266,2016-12-23,3.6,4.6,72.8
266,2016-12-24,3.3,1.5,66.1
266,2016-12-25,6.2,.7,76.1
266,2016-12-26,7.5,.8,95.1
266,2016-12-27,2.9,4.4,64.8
266,2016-12-28,1.9,1.5,49.9
266,2016-12-29,1.3,3.4,55
266,2016-12-30,1.5,1.2,46.4
266,2016-12-31,3.4,1.1,69.5
266,2017-01-01,5.6,.7,78.8
266,2017-01-02,8.9,1.5,73.1
266,2017-01-03,7.1,1.2,52.4
266,2017-01-04,7.1,.9,58
266,2017-01-05,8.2,4.3,63.3
266,2017-01-06,7.8,3.3,67.3
266,2017-01-07,7.3,1.7,72
266,2017-01-08,9.7,3.1,76.4
266,2017-01-09,6,3.8,64.8
266,2017-01-10,2.9,3.7,58.6
266,2017-01-11,.4,2.6,49.5
266,2017-01-12,2.9,2.5,69.5
266,2017-01-13,.8,3,64.1
266,2017-01-14,-2.3,4.1,54.1
266,2017-01-15,-2,3.1,43.8
266,2017-01-16,.9,1.1,42
266,2017-01-17,2.9,.6,44.9
266,2017-01-18,4,.8,55
266,2017-01-19,3.2,1,55.6
266,2017-01-20,0,4.6,73.4
266,2017-01-21,-.3,2.4,70.8
266,2017-01-22,-1.4,3.6,70.6
266,2017-01-23,-2.9,3.9,59.1
266,2017-01-24,-.7,3.5,57.6
266,2017-01-25,0,1.3,55.9
266,2017-01-26,1.9,1.2,53.9
266,2017-01-27,4.2,3.2,53.9
266,2017-01-28,4.5,.8,48.5
266,2017-01-29,6.1,.5,90
266,2017-01-30,1.2,4.5,65.1
266,2017-01-31,.9,1.3,48
266,2017-02-01,1.6,3.1,46.4
266,2017-02-02,2.6,2.7,34.8
266,2017-02-03,4.4,.9,48.6
266,2017-02-04,7.3,.8,56.3
266,2017-02-05,6.1,2.5,88.3
266,2017-02-06,2.8,3.8,58
266,2017-02-07,3.5,.8,50.3
266,2017-02-08,3.7,2.2,56.5
266,2017-02-09,-.7,5,60.9
266,2017-02-10,-2.6,4.9,61.1
266,2017-02-11,-1.3,3.3,61.9
266,2017-02-12,2,3.7,55
266,2017-02-13,3.9,1.8,56.3
266,2017-02-14,5.1,2.3,48.9
266,2017-02-15,6,1.1,47.8
266,2017-02-16,9.7,1.4,68.5
266,2017-02-17,8.5,5,63.1
266,2017-02-18,2.4,4.2,37.1
266,2017-02-19,5.7,1.4,56.9
266,2017-02-20,6.4,5.4,63.3
266,2017-02-21,3.7,1.5,57
266,2017-02-22,6.2,2.5,90.9
266,2017-02-23,2.5,4.9,65.3
266,2017-02-24,2.3,2.6,46.3
266,2017-02-25,5.2,2,54.6
266,2017-02-26,5.7,1.2,60.5
266,2017-02-27,7.2,1.3,63
266,2017-02-28,7.5,.9,59
266,2017-03-01,8.7,1.1,66.6
266,2017-03-02,4.4,4.3,67.4
266,2017-03-03,6.1,1.1,51.1
266,2017-03-04,8.9,1,60.4
266,2017-03-05,9.4,1.2,54
266,2017-03-06,4.6,3.9,44.5
266,2017-03-07,1.1,3.9,57.5
266,2017-03-08,2.3,2.9,63.3
266,2017-03-09,6.5,3.6,49.4
266,2017-03-10,9.1,2.5,38.9
266,2017-03-11,9.9,1,38
266,2017-03-12,10.9,1.1,45.3
266,2017-03-13,11.4,1.3,46.9
266,2017-03-14,8.3,3.2,50
266,2017-03-15,7,1.5,51.1
266,2017-03-16,8.9,1.3,55.3
266,2017-03-17,9.4,1.2,45.5
266,2017-03-18,10,.7,51.8
266,2017-03-19,11.8,1.2,52.1
266,2017-03-20,9.5,3.4,78.5
266,2017-03-21,9.3,2.8,63.1
266,2017-03-22,8.7,1.1,57.4
266,2017-03-23,11.6,1.5,48.3
266,2017-03-24,10,1.9,67.9
266,2017-03-25,7.1,1.5,94.6
266,2017-03-26,7.4,1.6,76.9
266,2017-03-27,7.8,3.1,62.4
266,2017-03-28,10,2,57.8
266,2017-03-29,8.1,1.7,96
266,2017-03-30,12.5,1,67.9
266,2017-03-31,10.6,1.6,80.9
266,2017-04-01,9.5,1.3,82.6
266,2017-04-02,11.3,2.7,41.8
266,2017-04-03,14.5,3.2,33.4
266,2017-04-04,15.3,1.1,44.3
266,2017-04-05,14.4,1.7,88.8
266,2017-04-06,14.9,2,99
266,2017-04-07,16.1,1.1,79.3
266,2017-04-08,18.1,.9,70.3
266,2017-04-09,16.2,2.5,65.4
266,2017-04-10,14.2,5.3,55.8
266,2017-04-11,13.5,2.4,72.5
266,2017-04-12,14.4,2.8,33
266,2017-04-13,14.7,2.6,46.1
266,2017-04-14,15.4,2,64.3
266,2017-04-15,18.1,1.6,80
266,2017-04-16,18.3,.9,78.3
266,2017-04-17,16.1,1.8,94.3
266,2017-04-18,15.6,2.9,72.5
266,2017-04-19,15.5,3.6,42.5
266,2017-04-20,14.3,1.1,56
266,2017-04-21,16.1,1,64.1
266,2017-04-22,14,1,82
266,2017-04-23,15.3,1.2,75.9
266,2017-04-24,16.5,1.2,66.8
266,2017-04-25,18.6,1.4,83.3
266,2017-04-26,15.6,1.5,77.4
266,2017-04-27,14.4,2.6,42.3
266,2017-04-28,16.5,2.5,49.4
266,2017-04-29,19.2,1.7,49.1
266,2017-04-30,20.3,2.3,56.9
266,2017-05-01,18.7,1.8,64.3
266,2017-05-02,17.6,2,52.4
266,2017-05-03,19.2,1.1,58.5
266,2017-05-04,19.3,1.3,72.6
266,2017-05-05,17.7,.4,98.6
266,2017-05-06,18.6,2.3,48.8
266,2017-05-07,19.8,2.7,45
266,2017-05-08,19.8,1.4,54.3
266,2017-05-09,14.1,2.5,95.1
266,2017-05-10,16.6,1.7,87.3
266,2017-05-11,21,1.3,77
266,2017-05-12,17.7,1.2,96.9
266,2017-05-13,19.3,1.7,80.4
266,2017-05-14,18.6,3.1,48.8
266,2017-05-15,17.3,2.4,52.5
266,2017-05-16,18.5,1.6,61.4
266,2017-05-17,18.8,1.1,63.9
266,2017-05-18,21.2,1.1,62.4
266,2017-05-19,23.4,1.6,48.9
266,2017-05-20,21.7,1,52.9
266,2017-05-21,20.7,1.2,66.6
266,2017-05-22,21.7,1.2,62.8
266,2017-05-23,20.5,1.1,78.4
266,2017-05-24,21.2,.9,90.4
266,2017-05-25,22.3,2.1,61
266,2017-05-26,17.7,3.6,51.9
266,2017-05-27,18.9,1.2,59
266,2017-05-28,20.8,1.6,60.4
266,2017-05-29,25.6,2.2,52.9
266,2017-05-30,26.3,1,49.3
266,2017-05-31,22.2,1.5,80.1
266,2017-06-01,23.5,1.7,74.3
266,2017-06-02,21.6,2.2,54.3
266,2017-06-03,21.6,2.1,54.1
266,2017-06-04,21.5,1.3,54.4
266,2017-06-05,21.3,1.5,60.8
266,2017-06-06,18,2.8,78.3
266,2017-06-07,19.5,2.3,89.8
266,2017-06-08,22.2,2.2,62.8
266,2017-06-09,23.5,1.8,54.5
266,2017-06-10,22.8,1.5,80.6
266,2017-06-11,20.4,1.5,84.3
266,2017-06-12,19.6,2.6,68.1
266,2017-06-13,20,1.6,75.1
266,2017-06-14,22.2,1.2,71
266,2017-06-15,25.2,2.1,50.4
266,2017-06-16,22.8,1.3,71
266,2017-06-17,23,1.3,70.6
266,2017-06-18,24.3,.9,71
266,2017-06-19,25,1.1,66.1
266,2017-06-20,21.6,2.2,85.4
266,2017-06-21,23.8,1.4,80.3
266,2017-06-22,24.3,1.1,80.6
266,2017-06-23,24.7,1,76.8
266,2017-06-24,23.6,1.1,78.8
266,2017-06-25,23.4,1,88.1
266,2017-06-26,22.5,1.8,94.4
266,2017-06-27,23.2,1.8,82.8
266,2017-06-28,24.7,1.2,78.4
266,2017-06-29,22,.8,96.3
266,2017-06-30,24.2,.9,92.8
266,2017-07-01,25.8,1.5,92.5
266,2017-07-02,26.2,1.5,96.3
266,2017-07-03,26.2,1.9,95
266,2017-07-04,26.7,1.6,94
266,2017-07-05,,.6,
266,2017-07-06,23.6,.7,98.6
266,2017-07-07,25.1,.8,96.4
266,2017-07-08,25.2,.8,97.8
266,2017-07-09,26.3,1.2,92.4
266,2017-07-10,26.3,1.6,96.1
266,2017-07-11,25.4,1.8,93.5
266,2017-07-12,27.1,1.2,84.8
266,2017-07-13,26.9,1.3,88.4
266,2017-07-14,26.6,1,90.5
266,2017-07-15,27,1.2,90.1
266,2017-07-16,27.8,1.9,88.6
266,2017-07-17,,1.6,
266,2017-07-18,,1.2,
266,2017-07-19,28.1,.9,84.3
266,2017-07-20,28.6,1.1,88.3
266,2017-07-21,29.8,1.4,85
266,2017-07-22,29.9,1.2,83.1
266,2017-07-23,28.7,1.4,89.5
266,2017-07-24,30.3,1.4,83
266,2017-07-25,27.7,1.8,91.9
266,2017-07-26,26.4,2.8,73.6
266,2017-07-27,26.3,1.4,69.6
266,2017-07-28,27.8,.9,78.1
266,2017-07-29,26,1.6,91.1
266,2017-07-30,26.5,1.1,87.8
266,2017-07-31,26.7,1.4,88.5
266,2017-08-01,27.5,1.1,85.9
266,2017-08-02,27.2,1.3,88.6
266,2017-08-03,27.7,2.8,78.8
266,2017-08-04,29.8,2.5,74.1
266,2017-08-05,31.4,2.9,65.5
266,2017-08-06,31.5,2.6,65.4
266,2017-08-07,31.1,2,64.8
266,2017-08-08,28.4,1.2,79.9
266,2017-08-09,26.7,.8,92.5
266,2017-08-10,28.8,1.9,73.9
266,2017-08-11,27.1,1.1,83.9
266,2017-08-12,26.4,1.5,78.9
266,2017-08-13,24,2.8,84.1
266,2017-08-14,22.3,3.9,97.4
266,2017-08-15,23.4,.9,96.9
266,2017-08-16,27,1.2,86.3
266,2017-08-17,26.5,.9,85.4
266,2017-08-18,26.9,.8,83.6
266,2017-08-19,26,1.4,89.6
266,2017-08-20,25,2.3,96.8
266,2017-08-21,25.8,1.4,94
266,2017-08-22,27.1,1,95.3
266,2017-08-23,28.8,1.5,90.6
266,2017-08-24,28.8,2.6,88.6
266,2017-08-25,28.2,1.1,76.9
266,2017-08-26,25.6,.9,55
266,2017-08-27,25,1.2,62.4
266,2017-08-28,25.8,1.3,81.8
266,2017-08-29,26,1.7,74.3
266,2017-08-30,23.1,1.2,59.9
266,2017-08-31,23,1,66.5
266,2017-09-01,23.6,2.4,63.1
266,2017-09-02,22,2,63
266,2017-09-03,22.9,1.8,65
266,2017-09-04,23,3,71
266,2017-09-05,22.2,2.3,83.9
266,2017-09-06,21.3,.2,99
266,2017-09-07,21.7,.8,91.6
266,2017-09-08,23.2,.8,80.9
266,2017-09-09,23.5,.7,79.9
266,2017-09-10,23.7,1.6,77.6
266,2017-09-11,22.3,1.5,95.4
266,2017-09-12,23.9,1.7,72.6
266,2017-09-13,22.3,.7,64.5
266,2017-09-14,22.5,2.5,67.9
266,2017-09-15,21,5.5,64.1
266,2017-09-16,21.6,5.7,69.5
266,2017-09-17,23.9,4.3,72.4
266,2017-09-18,22.8,2,68.9
266,2017-09-19,23.1,1.5,81.1
266,2017-09-20,21,1.4,74
266,2017-09-21,20.5,1.3,72.5
266,2017-09-22,21.6,1.6,71.3
266,2017-09-23,21.6,.5,76.5
266,2017-09-24,22.2,.9,76.6
266,2017-09-25,23,1.3,79.1
266,2017-09-26,23.6,2.7,68.9
266,2017-09-27,20.4,2.4,91.6
266,2017-09-28,20.8,1.4,71.8
266,2017-09-29,17.7,1.6,54.1
266,2017-09-30,18.8,.9,53.5
266,2017-10-01,17.3,1.2,84.1
266,2017-10-02,21.3,1.1,94.8
266,2017-10-03,21.3,1.2,80.6
266,2017-10-04,19.3,2.8,77.3
266,2017-10-05,17.2,4.1,77
266,2017-10-06,17,2.2,96.5
266,2017-10-07,19.9,1.2,89.3
266,2017-10-08,21.6,1.1,83.9
266,2017-10-09,22.3,.8,83
266,2017-10-10,23.2,.9,81.6
266,2017-10-11,20,1.6,89.6
266,2017-10-12,14.3,.9,93.8
266,2017-10-13,15.1,1,69.9
266,2017-10-14,16.4,1.8,55.9
266,2017-10-15,15.7,4.3,74.9
266,2017-10-16,17.1,4.2,68.4
266,2017-10-17,17.5,3.1,68.5
266,2017-10-18,16.6,4.8,67.1
266,2017-10-19,17.1,3,65.3
266,2017-10-20,18,3.1,66.3
266,2017-10-21,18,4,62
266,2017-10-22,18,4.9,54.6
266,2017-10-23,15.7,1.9,55
266,2017-10-24,13.7,1.2,75.1
266,2017-10-25,13.9,.7,75.6
266,2017-10-26,14.7,.6,73.9
266,2017-10-27,15.9,1.1,73.4
266,2017-10-28,18.2,3.4,71.9
266,2017-10-29,14.8,2.8,64.9
266,2017-10-30,10.2,2.1,42.3
266,2017-10-31,11.6,.9,52.5
266,2017-11-01,13.1,.9,62.4
266,2017-11-02,14.2,.6,72.5
266,2017-11-03,13.4,2,71.9
266,2017-11-04,10.1,2,54.4
266,2017-11-05,10.4,.8,60.9
266,2017-11-06,12.3,1.2,67.4
266,2017-11-07,15.8,.8,81.5
266,2017-11-08,15.8,2.2,65.8
266,2017-11-09,12.5,.8,63.3
266,2017-11-10,14.2,2.6,74.9
266,2017-11-11,9.5,2.1,45.4
266,2017-11-12,9.3,.8,59
266,2017-11-13,11.4,1,66
266,2017-11-14,11.4,2.1,48.8
266,2017-11-15,7.4,1.9,54.1
266,2017-11-16,6.5,1,54.4
266,2017-11-17,8.3,.6,54.5
266,2017-11-18,4.5,3.5,45.5
266,2017-11-19,3.4,2.3,47.3
266,2017-11-20,6.2,2.3,50
266,2017-11-21,6.3,1.1,62.1
266,2017-11-22,8.4,1.6,62.5
266,2017-11-23,4.2,2,63.6
266,2017-11-24,4.3,2.6,65
266,2017-11-25,5.9,1,71.8
266,2017-11-26,10.3,1.7,69.5
266,2017-11-27,9.1,.8,71.4
266,2017-11-28,12.3,1,76.3
266,2017-11-29,11.4,1.8,56.1
266,2017-11-30,5.7,2.8,30.8
266,2017-12-01,2,1.9,39.8
266,2017-12-02,3.3,.9,50
266,2017-12-03,6.6,.8,66.9
266,2017-12-04,4.2,2.9,61.1
266,2017-12-05,.3,2.5,52.3
266,2017-12-06,3.3,1,58.5
266,2017-12-07,5.5,1.5,63.3
266,2017-12-08,.5,3.3,52.4
266,2017-12-09,3.6,1.8,60.8
266,2017-12-10,6.2,2.4,71.4
266,2017-12-11,-.2,4.2,61.1
266,2017-12-12,-3.1,3.3,51.8
266,2017-12-13,-1.8,2.7,39.4
266,2017-12-14,0,.8,35.5
266,2017-12-15,2.9,1.5,36.6
266,2017-12-16,.9,3,56.8
266,2017-12-17,-1.4,2.7,53.9
266,2017-12-18,2.1,1.9,63
266,2017-12-19,1.1,3.5,58.9
266,2017-12-20,.9,1.2,58.5
266,2017-12-21,2.6,1.8,57.1
266,2017-12-22,3.6,1.6,56.9
266,2017-12-23,6.1,.7,74.3
266,2017-12-24,6.9,2.7,82.8
266,2017-12-25,1.7,4,53.5
266,2017-12-26,1.6,3,57.1
266,2017-12-27,-1,3,35.9
266,2017-12-28,.8,.7,50.1
266,2017-12-29,5.2,1.7,66.8
266,2017-12-30,5,.7,73.3
266,2017-12-31,3.6,3.3,56.9
266,2018-01-01,2.6,1.9,49.9
266,2018-01-02,3.2,1.9,57.1
266,2018-01-03,1.2,3.2,41.6
266,2018-01-04,1.4,1,44.6
266,2018-01-05,2.2,2.9,49
266,2018-01-06,3,2.6,46.5
266,2018-01-07,3.1,.8,58.3
266,2018-01-08,4.3,2.1,88.6
266,2018-01-09,.4,4.9,72.3
266,2018-01-10,-2.3,3.4,84.5
266,2018-01-11,-5.8,2.8,68
266,2018-01-12,-5.5,3.1,56
266,2018-01-13,-.5,2.4,64.1
266,2018-01-14,2.7,.5,69.6
266,2018-01-15,7.6,1.2,65.1
266,2018-01-16,6.3,.9,86.3
266,2018-01-17,5.9,1.2,93.1
266,2018-01-18,6,1.9,71.3
266,2018-01-19,4,1.4,56
266,2018-01-20,3.8,1.1,50.3
266,2018-01-21,4.6,.9,52.5
266,2018-01-22,5.7,2,66.5
266,2018-01-23,-3.6,4.7,53.8
266,2018-01-24,-7,3.3,45
266,2018-01-25,-6.6,4,37
266,2018-01-26,-7.2,4.1,41.8
266,2018-01-27,-3.4,1.2,41.3
266,2018-01-28,0,3.4,41.6
266,2018-01-29,-3.5,3.3,50.5
266,2018-01-30,-2.6,2.1,52.4
266,2018-01-31,.7,1.2,53
266,2018-02-01,1.6,1.5,41.8
266,2018-02-02,.9,1.6,34.5
266,2018-02-03,-2.8,3.4,52.5
266,2018-02-04,-5.6,3.2,49.5
266,2018-02-05,-5.1,2.9,50.9
266,2018-02-06,-6.2,3,51.1
266,2018-02-07,-3.3,2.6,43.9
266,2018-02-08,-.5,1,42
266,2018-02-09,4.6,1.3,55.9
266,2018-02-10,3.3,2.9,52
266,2018-02-11,-2.2,2.9,69
266,2018-02-12,-2.7,4.2,69.6
266,2018-02-13,1.1,2.6,55.4
266,2018-02-14,7.5,2.2,68.1
266,2018-02-15,6.9,1.2,40.4
266,2018-02-16,4.8,1.8,35.3
266,2018-02-17,3.5,2.9,27.8
266,2018-02-18,4.2,.9,32
266,2018-02-19,6.5,.8,37.6
266,2018-02-20,6.9,1.4,39.9
266,2018-02-21,3.7,2.3,27.4
266,2018-02-22,2.9,1.3,33.1
266,2018-02-23,5.5,1.5,60.3
266,2018-02-24,7.9,1,62.8
266,2018-02-25,8.6,1.6,56.9
266,2018-02-26,7.6,1.1,44.3
266,2018-02-27,8.8,.9,59.9
266,2018-02-28,7.4,4.2,85.9
266,2018-03-01,4.2,6.2,56.9
266,2018-03-02,3.4,1.4,50.9
266,2018-03-03,8.2,.7,70.8
266,2018-03-04,12,1.4,95.4
266,2018-03-05,7.9,3.7,90.4
266,2018-03-06,6.5,2.2,66.9
266,2018-03-07,5.4,5.1,77.4
266,2018-03-08,5.1,2.1,89.8
266,2018-03-09,5.4,1.3,76
266,2018-03-10,7.9,1.4,61.8
266,2018-03-11,8.8,1.1,54
266,2018-03-12,10.3,1,68.5
266,2018-03-13,13,1.3,74.9
266,2018-03-14,15.6,1,82.1
266,2018-03-15,14.5,.8,98.6
266,2018-03-16,7.1,4.1,81.3
266,2018-03-17,5.7,2.1,66.1
266,2018-03-18,8.9,.8,88.8
266,2018-03-19,10.2,5.7,93.5
266,2018-03-20,5.7,8.5,63.8
266,2018-03-21,2.7,4.2,84.8
266,2018-03-22,6.9,2.4,63
266,2018-03-23,8.3,1.6,53.6
266,2018-03-24,11.4,1.8,53
266,2018-03-25,14.1,1.8,59.3
266,2018-03-26,14.8,1.9,52.5
266,2018-03-27,15.2,1.3,59.5
266,2018-03-28,15.7,1.5,61.8
266,2018-03-29,15.5,1.3,70.8
266,2018-03-30,13.7,2.7,62.3
266,2018-03-31,14.3,1.2,54.5
266,2018-04-01,16.3,1,72
266,2018-04-02,17.8,1.2,80.9
266,2018-04-03,17.6,1,85.3
266,2018-04-04,13.8,2.1,98.4
266,2018-04-05,9,3.3,96.8
266,2018-04-06,9.6,3.5,70.3
266,2018-04-07,4.9,4.4,56
266,2018-04-08,8.4,3.1,64.6
266,2018-04-09,13.9,1.9,60.6
266,2018-04-10,15.3,1.7,77.6
266,2018-04-11,18.1,3.2,52.9
266,2018-04-12,15.3,1.7,34.1
266,2018-04-13,13.9,3.7,36.5
266,2018-04-14,10.5,3.3,88.4
266,2018-04-15,11.8,3.9,58.4
266,2018-04-16,11.7,1.4,65.1
266,2018-04-17,14,1.5,66.8
266,2018-04-18,14.7,1.2,65.5
266,2018-04-19,17.2,1.4,50.9
266,2018-04-20,19.1,.9,46.3
266,2018-04-21,18.4,1,66.9
266,2018-04-22,17.2,1.7,91
266,2018-04-23,11.8,4.4,97.8
266,2018-04-24,13.4,3.5,87.6
266,2018-04-25,15.2,1.5,58.4
266,2018-04-26,16.2,.9,64.8
266,2018-04-27,17.4,2.5,54.3
266,2018-04-28,17.3,1.5,73.9
266,2018-04-29,16.8,1.3,64.9
266,2018-04-30,17.6,1,84.3
266,2018-05-01,17.2,1.2,90.4
266,2018-05-02,16.6,2.5,91.3
266,2018-05-03,12.2,3.5,63.5
266,2018-05-04,14.6,2.7,51.1
266,2018-05-05,17.3,1.5,59.9
266,2018-05-06,16.6,.8,97.8
266,2018-05-07,16.5,1.9,94.1
266,2018-05-08,15.3,4.1,74.9
266,2018-05-09,14.5,2.8,71.5
266,2018-05-10,16.5,1.2,74.3
266,2018-05-11,17.8,1,63.5
266,2018-05-12,17.9,.9,83.6
266,2018-05-13,20.5,1.9,73.3
266,2018-05-14,21.2,1.1,65.6
266,2018-05-15,21.9,.9,76.8
266,2018-05-16,21,.6,97.4
266,2018-05-17,21.3,.7,97.5
266,2018-05-18,21.4,1.3,92.4
266,2018-05-19,16.2,3.7,73.6
266,2018-05-20,17,5.4,52.3
266,2018-05-21,18.1,3.4,70.5
266,2018-05-22,19.1,1.6,73.9
266,2018-05-23,20.3,1.7,69.1
266,2018-05-24,21.2,1.5,51.8
266,2018-05-25,21.1,1.1,48.8
266,2018-05-26,21.7,1.1,59.1
266,2018-05-27,21.2,.9,75
266,2018-05-28,19.1,.8,94.1
266,2018-05-29,21.9,.8,85.4
266,2018-05-30,22.8,1.4,82.3
266,2018-05-31,21,1,61
266,2018-06-01,22.9,1.1,63.3
266,2018-06-02,24.4,.9,60.6
266,2018-06-03,23.3,1,67.8
266,2018-06-04,22.9,1.4,68.6
266,2018-06-05,20,1.2,88.4
266,2018-06-06,22.9,1,77.4
266,2018-06-07,24.1,1,77.3
266,2018-06-08,24.5,.8,75.4
266,2018-06-09,23.3,3.1,69.4
266,2018-06-10,19.8,3.5,79
266,2018-06-11,18,1.2,90.3
266,2018-06-12,19.8,1,89.1
266,2018-06-13,20.3,1.4,84.1
266,2018-06-14,20.7,3.1,76.9
266,2018-06-15,20.6,3.6,66.4
266,2018-06-16,20.2,2.5,68.4
266,2018-06-17,21.9,1.3,73.4
266,2018-06-18,24.1,1.1,71.4
266,2018-06-19,22,.6,89.1
266,2018-06-20,23.5,.9,76.5
266,2018-06-21,25.3,1.4,55.3
266,2018-06-22,24.3,1.1,57.6
266,2018-06-23,23.7,1.5,67.6
266,2018-06-24,26.9,1.2,62.4
266,2018-06-25,25.9,.7,63.6
266,2018-06-26,24.1,1.2,91.3
266,2018-06-27,24.6,2.4,93.6
266,2018-06-28,22.2,.8,96.8
266,2018-06-29,24.1,.8,92.4
266,2018-06-30,21.5,1.8,95.5
266,2018-07-01,24.3,2.1,92.4
266,2018-07-02,,.6,
266,2018-07-04,,1.3,
266,2018-07-05,24.1,1.1,95
266,2018-07-06,21.7,4.3,90.1
266,2018-07-07,22.5,4,72.6
266,2018-07-08,21.3,2.9,79.3
266,2018-07-09,20.7,2.4,94.1
266,2018-07-10,,.9,
266,2018-07-11,27.2,1,83.3
266,2018-07-12,27.6,1.3,84.8
266,2018-07-13,28.4,1.1,82.5
266,2018-07-14,29.1,1.2,81.9
266,2018-07-15,29.1,1,79.3
266,2018-07-16,29.2,1.1,77
266,2018-07-17,28.8,1.1,76.4
266,2018-07-18,28.8,1,76
266,2018-07-19,29.7,.9,73.5
266,2018-07-20,30.1,.7,71.3
266,2018-07-21,30.2,1.2,71.1
266,2018-07-22,29.4,1.4,72.9
266,2018-07-23,29.1,1.1,77.5
266,2018-07-24,29.1,1.3,80.9
266,2018-07-25,30.2,1.4,76.4
266,2018-07-26,31.2,1.1,69
266,2018-07-27,31.2,1,75.5
266,2018-07-28,28.9,.9,88.4
266,2018-07-29,30.1,1.4,70.4
266,2018-07-30,29.5,3.2,70.3
266,2018-07-31,30.4,2.3,65
266,2018-08-01,30.9,2.1,63
266,2018-08-02,30.8,2.9,65.4
266,2018-08-03,29.5,1.7,75.9
266,2018-08-04,30.2,1.3,77.5
266,2018-08-05,31.5,.9,68.1
266,2018-08-06,30.4,1,74.3
266,2018-08-07,28.9,1.5,83.8
266,2018-08-08,28.7,.9,84.8
266,2018-08-09,29.5,.7,85.1
266,2018-08-10,27.2,1.2,92
266,2018-08-11,27.4,2.7,83.9
266,2018-08-12,28.3,2.3,78.3
266,2018-08-13,29.8,1.4,75.3
266,2018-08-14,30,1.1,72.6
266,2018-08-15,30,1.9,74
266,2018-08-16,26.4,2.9,88
266,2018-08-17,25,4.8,65.6
266,2018-08-18,25.1,2.5,66.6
266,2018-08-19,25.7,1.1,70.8
266,2018-08-20,25.6,.9,78.8
266,2018-08-21,28.4,.9,70.1
266,2018-08-22,29.4,5.2,71.4
266,2018-08-23,26,5.9,93.3
266,2018-08-24,26.6,3.4,84.6
266,2018-08-25,25.3,.6,86.1
266,2018-08-26,,2.2,
266,2018-08-27,25.8,1.4,95.4
266,2018-08-28,27.2,1.3,87.4
266,2018-08-29,27.3,1.3,85.9
266,2018-08-30,26.6,1.6,91.3
266,2018-08-31,24.1,1.6,81.8
266,2018-09-01,22.3,2.5,
266,2018-09-02,21.7,3.2,
266,2018-09-03,23.9,.8,
266,2018-09-04,24.5,1.8,68
266,2018-09-05,24.2,1.5,60.8
266,2018-09-06,23.2,.8,74.3
266,2018-09-07,21.6,1.5,77.1
266,2018-09-08,19.7,.9,65.9
266,2018-09-09,21.9,1.5,61.1
266,2018-09-10,22.1,3.5,54.4
266,2018-09-11,20.8,3.9,58
266,2018-09-12,23.2,2.8,64.5
266,2018-09-13,21.5,3.2,80.4
266,2018-09-14,22.4,4.3,83.5
266,2018-09-15,22.2,.6,91.6
266,2018-09-16,24.3,1.1,77.8
266,2018-09-17,23.7,.8,73.9
266,2018-09-18,23.9,.8,61.8
266,2018-09-19,21.6,.6,72.6
266,2018-09-20,20.8,1.8,87.6
266,2018-09-21,20.2,1.4,88.9
266,2018-09-22,21.8,1.1,64.8
266,2018-09-23,21.3,1.1,60
266,2018-09-24,18.2,.6,61.4
266,2018-09-25,18.5,2,52.1
266,2018-09-26,19.7,4.3,54.4
266,2018-09-27,19.7,3.5,50.8
266,2018-09-28,20.2,3,54.5
266,2018-09-29,19.5,2.9,64.8
266,2018-09-30,20.6,2.1,46.9
266,2018-10-01,17.1,2.2,57
266,2018-10-02,18.2,1.3,51.4
266,2018-10-03,18.1,.8,53.8
266,2018-10-04,19.9,4,56.5
266,2018-10-05,19.2,6.4,84.4
266,2018-10-06,20.6,5.2,80.6
266,2018-10-07,19.7,1.8,60.9
266,2018-10-08,17,.9,52.9
266,2018-10-09,16.9,1.3,55.5
266,2018-10-10,15.2,2.4,58.5
266,2018-10-11,13,1.6,43.6
266,2018-10-12,12.7,.7,54.9
266,2018-10-13,14.6,.9,60.8
266,2018-10-14,16.1,.9,64.9
266,2018-10-15,16.8,.6,56.6
266,2018-10-16,14.7,.5,65.6
266,2018-10-17,15.2,1.2,54.3
266,2018-10-18,14.1,1.1,49.4
266,2018-10-19,14.9,1,51.5
266,2018-10-20,14.8,.7,54
266,2018-10-21,14.7,.6,52.3
266,2018-10-22,15.4,.5,64.1
266,2018-10-23,15.5,1,65.3
266,2018-10-24,15.1,.9,53.9
266,2018-10-25,15.1,.9,54.3
266,2018-10-26,14.7,1.1,74.3
266,2018-10-27,11.5,2.5,60.3
266,2018-10-28,12.8,2.2,62.8
266,2018-10-29,13.3,1.9,60.3
266,2018-10-30,10.2,2.5,51.6
266,2018-10-31,10.8,1.5,53.4
266,2018-11-01,10.9,.6,52.1
266,2018-11-02,12,.7,48.4
266,2018-11-03,12.6,.7,48.8
266,2018-11-04,14,.6,51.4
266,2018-11-05,14.2,.7,55.1
266,2018-11-06,14.7,.5,59.9
266,2018-11-07,15.4,1.5,69.8
266,2018-11-08,15.3,2.5,85.8
266,2018-11-09,13.1,2.6,63.6
266,2018-11-10,13.2,.7,60.6
266,2018-11-11,12.6,.6,73.1
266,2018-11-12,12.1,.6,74.1
266,2018-11-13,12.2,1,62.6
266,2018-11-14,12.7,.9,58
266,2018-11-15,12.4,.6,63
266,2018-11-16,11.5,.5,81
266,2018-11-17,11,1.1,50.1
266,2018-11-18,8.7,.6,46.8
266,2018-11-19,9.8,1.1,45.5
266,2018-11-20,9.9,1.2,38.9
266,2018-11-21,9.7,.7,39.6
266,2018-11-22,7.4,2.1,35.6
266,2018-11-23,6.6,1.3,39.3
266,2018-11-24,6.7,.4,75.1
266,2018-11-25,9.2,.9,72
266,2018-11-26,10.1,.8,62.3
266,2018-11-27,12.2,1.1,62.8
266,2018-11-28,10.8,.9,45
266,2018-11-29,10.1,.7,37.3
266,2018-11-30,10.8,1,39.8
266,2018-12-01,9.2,1.8,41.1
266,2018-12-02,12.6,1.9,63.9
266,2018-12-03,14.4,.7,93.8
266,2018-12-04,12.7,2.2,71.8
266,2018-12-05,8.3,1.9,38.6
266,2018-12-06,6.4,1.4,68.9
266,2018-12-07,0,3.4,41.5
266,2018-12-08,-1.6,1.9,43.4
266,2018-12-09,-.3,1.1,34.3
266,2018-12-10,2.5,1.6,22.5
266,2018-12-11,4.9,1.2,72.4
266,2018-12-12,2.6,3.7,47.6
266,2018-12-13,2.5,2.4,49.6
266,2018-12-14,1.3,2.4,39.3
266,2018-12-15,2.2,.6,30.9
266,2018-12-16,3.6,.4,69.1
266,2018-12-17,4.8,1.6,61.8
266,2018-12-18,5.1,1.6,48.3
266,2018-12-19,8.8,1.4,56.9
266,2018-12-20,9.8,.7,64
266,2018-12-21,10,.6,71.6
266,2018-12-22,10.9,.7,66.1
266,2018-12-23,7.9,3.1,46.8
266,2018-12-24,3,2.6,37.9
266,2018-12-25,3.4,.7,39.9
266,2018-12-26,6.2,1.2,34.6
266,2018-12-27,-1.1,3.6,21.6
266,2018-12-28,-3.6,3.6,34.9
266,2018-12-29,-1.8,3.9,35.3
266,2018-12-30,-.3,1.9,32.3
266,2018-12-31,1.5,1.3,25.6
266,2019-01-01,1,2.5,50.3
266,2019-01-02,.9,3.5,47.6
266,2019-01-03,2,.9,35
266,2019-01-04,3.1,.9,36.3
266,2019-01-05,5.2,1.4,35.9
266,2019-01-06,3.2,1.4,24.4
266,2019-01-07,3.1,1.5,34.5
266,2019-01-08,2.4,2.6,41.4
266,2019-01-09,1.4,1.6,32.8
266,2019-01-10,4,2.5,36.4
266,2019-01-11,4.6,1.2,50.9
266,2019-01-12,5.7,.7,75.9
266,2019-01-13,5.4,.9,58.3
266,2019-01-14,5,.8,46.8
266,2019-01-15,3.7,3.1,51
266,2019-01-16,-.7,2.8,32.5
266,2019-01-17,2.6,3.5,45.9
266,2019-01-18,4.3,1,38
266,2019-01-19,6,.5,55.5
266,2019-01-20,3.5,3.4,44.3
266,2019-01-21,2.7,2.9,43.9
266,2019-01-22,5.4,2.3,45
266,2019-01-23,6,2.6,46.1
266,2019-01-24,4.6,1.2,28
266,2019-01-25,2.4,2.6,34
266,2019-01-26,.3,3.5,29.6
266,2019-01-27,2.4,1.5,35.8
266,2019-01-28,4.2,3.1,45
266,2019-01-29,3.6,1.2,33.1
266,2019-01-30,6.6,.8,30
266,2019-01-31,1.4,2.6,69.8
266,2019-02-01,.5,3.3,54.6
266,2019-02-02,4.1,1.2,57.4
266,2019-02-03,8,2.2,85.8
266,2019-02-04,5.7,1.6,35.1
266,2019-02-05,6.3,.6,30
266,2019-02-06,8.4,1.1,45.4
266,2019-02-07,6,3.2,42.3
266,2019-02-08,2.5,1.1,23.1
266,2019-02-09,1,3.3,28.9
266,2019-02-10,2.1,1.5,32.3
266,2019-02-11,1.3,3.6,35.5
266,2019-02-12,3.4,.8,36.5
266,2019-02-13,4.1,1.7,35.8
266,2019-02-14,4.6,1.3,30.4
266,2019-02-15,5.3,1.9,45.5
266,2019-02-16,1.7,4.3,46.9
266,2019-02-17,2.7,2.3,30.8
266,2019-02-18,4.4,.7,31
266,2019-02-19,6.2,1.7,82.5
266,2019-02-20,5.5,3.1,50.5
266,2019-02-21,5.8,1.1,48.9
266,2019-02-22,7.8,.4,46.6
266,2019-02-23,8.3,1.9,48
266,2019-02-24,9.1,.9,53.3
266,2019-02-25,9.8,1.6,39.3
266,2019-02-26,9.3,.9,37.5
266,2019-02-27,9.3,1.3,64.8
266,2019-02-28,10.2,1.3,52.6
266,2019-03-01,9.6,1.1,33.9
266,2019-03-02,10.6,2.2,43.1
266,2019-03-03,11.6,1.9,42.5
266,2019-03-04,12.2,1.8,35.4
266,2019-03-05,11,.8,42.4
266,2019-03-06,10.3,1.3,59.6
266,2019-03-07,9.2,2.9,47.8
266,2019-03-08,9.3,1.1,40.3
266,2019-03-09,10.5,.7,48.1
266,2019-03-10,8,4.4,81.3
266,2019-03-11,8.1,2.6,66.6
266,2019-03-12,7.5,3.3,59.4
266,2019-03-13,5.6,3.6,29.9
266,2019-03-14,7.5,1.8,36.3
266,2019-03-15,6.9,2.2,55.9
266,2019-03-16,8.2,2.8,50
266,2019-03-17,9.8,2.6,39.6
266,2019-03-18,10.1,1.1,48.5
266,2019-03-19,14.1,1.6,41.6
266,2019-03-20,13.4,1.1,66.9
266,2019-03-21,11.5,4.4,64.3
266,2019-03-22,7.9,3.4,42.5
266,2019-03-23,6.1,3.1,33.6
266,2019-03-24,6.6,2.1,35.1
266,2019-03-25,8,1.5,44.9
266,2019-03-26,13.4,1.9,38.9
266,2019-03-27,14.4,2.7,45.8
266,2019-03-28,14.3,1.3,60.4
266,2019-03-29,13.9,1.1,61.3
266,2019-03-30,10.7,3.9,45
266,2019-03-31,6.5,4.1,31.1
266,2019-04-01,7.7,2.4,33.8
266,2019-04-02,9.2,2.1,34.6
266,2019-04-03,9.7,2.7,21.4
266,2019-04-04,12.4,2.3,22.1
266,2019-04-05,14.4,2.4,34.3
266,2019-04-06,15.1,1.3,26
266,2019-04-07,12.9,.7,79.5
266,2019-04-08,15.2,1.8,56.1
266,2019-04-09,10.2,5.3,60.5
266,2019-04-10,8.8,4.1,75.8
266,2019-04-11,10.2,1,67.5
266,2019-04-12,12.6,1,49.9
266,2019-04-13,13.3,1.2,43.4
266,2019-04-14,12.4,2,45.8
266,2019-04-15,13.6,1.2,34.4
266,2019-04-16,15.5,.7,30
266,2019-04-17,15.4,1.2,58.5
266,2019-04-18,16.6,1.9,57.5
266,2019-04-19,14.2,1.7,70.6
266,2019-04-20,15.2,1.2,62.9
266,2019-04-21,18.3,.7,62.3
266,2019-04-22,19,1.5,61
266,2019-04-23,15.8,2.1,75
266,2019-04-24,18.5,1.5,83.3
266,2019-04-25,15,1.2,91.1
266,2019-04-26,11.7,2.8,71.8
266,2019-04-27,12.8,1.6,56.4
266,2019-04-28,12.9,1.1,60
266,2019-04-29,12.5,2.6,81.6
266,2019-04-30,16.1,1,77
266,2019-05-01,17.4,1.7,59.3
266,2019-05-02,18.1,2.1,35.5
266,2019-05-03,18.9,1.2,31.8
266,2019-05-04,20,.7,38.5
266,2019-05-05,20.8,1.2,36.6
266,2019-05-06,17.1,1.8,39.3
266,2019-05-07,15.7,1.4,44.3
266,2019-05-08,17.5,1.2,28.8
266,2019-05-09,18.4,1.1,26.9
266,2019-05-10,19.4,.9,34.8
266,2019-05-11,20.1,.7,43.9
266,2019-05-12,21,1.2,36
266,2019-05-13,19.3,1.2,54
266,2019-05-14,21.7,1.1,61.8
266,2019-05-15,22.2,1.1,57.1
266,2019-05-16,22.3,1,49.6
266,2019-05-17,21.1,1.8,62.6
266,2019-05-18,17.1,5.5,88
266,2019-05-19,18.8,3.2,87.6
266,2019-05-20,17,2.7,58.5
266,2019-05-21,18.4,2.2,37.5
266,2019-05-22,20.4,1.2,44.5
266,2019-05-23,22.8,1.5,49.4
266,2019-05-24,24.2,1.5,49.6
266,2019-05-25,24.7,1.1,38
266,2019-05-26,22.4,1.2,62.1
266,2019-05-27,19.2,2,87.6
266,2019-05-28,18.7,2.1,49.8
266,2019-05-29,22.2,1.7,33.6
266,2019-05-30,22.6,1.7,29.4
266,2019-05-31,17.2,1.1,69.9
266,2019-06-01,19.6,1,59.6
266,2019-06-02,21.4,.9,60.3
266,2019-06-03,22.8,.8,57.3
266,2019-06-04,23.9,1,60.9
266,2019-06-05,24.8,.9,55.5
266,2019-06-06,21.4,2.2,77.9
266,2019-06-07,18.9,1.3,88.1
266,2019-06-08,20.4,.9,75
266,2019-06-09,20.2,1.1,71.5
266,2019-06-10,18.7,1.3,71.8
266,2019-06-11,18.6,1.1,72.9
266,2019-06-12,20.3,.9,70.9
266,2019-06-13,21.2,1.1,67.6
266,2019-06-14,19.6,.8,75.4
266,2019-06-15,21.5,2.5,62.9
266,2019-06-16,21.2,1.5,64.9
266,2019-06-17,22.4,1.2,69.1
266,2019-06-18,22.2,1.3,70.3
266,2019-06-19,22.7,.8,76.5
266,2019-06-20,24.1,1.1,70
266,2019-06-21,24.8,1.2,61.1
266,2019-06-22,22,1.5,74.1
266,2019-06-23,21.2,1.4,71.5
266,2019-06-24,22,1,73
266,2019-06-25,23.8,1.2,67.9
266,2019-06-26,19.9,1.8,83.6
266,2019-06-27,24.5,.9,85
266,2019-06-28,23.8,1.1,79.3
266,2019-06-29,20.9,.9,90.9
266,2019-06-30,24.8,1.5,78.4
266,2019-07-01,23.7,1,80.4
266,2019-07-02,24.8,1.1,69.4
266,2019-07-03,23.4,.8,73.4
266,2019-07-04,25.6,.9,65.9
266,2019-07-05,25.7,.9,65.3
266,2019-07-06,25.4,2.2,57.1
266,2019-07-07,23.7,3.4,61.5
266,2019-07-08,22.7,2.2,66.5
266,2019-07-09,22.9,2.9,63.3
266,2019-07-10,20.8,4.6,81.4
266,2019-07-11,23.3,2.2,76
266,2019-07-12,24.4,1.8,67.6
266,2019-07-13,22.3,.4,84.4
266,2019-07-14,24.2,.8,75.1
266,2019-07-15,24.4,.8,71.9
266,2019-07-16,24.6,1.2,71.4
266,2019-07-17,24.6,1.8,70.9
266,2019-07-18,22.1,1.5,87.4
266,2019-07-19,23.3,2.7,91.5
266,2019-07-20,23.7,4.8,91.6
266,2019-07-21,24.5,2,88.5
266,2019-07-22,26.8,1.4,82.4
266,2019-07-23,27.5,1.4,78
266,2019-07-24,26.1,.8,83
266,2019-07-25,26.1,.7,88.4
266,2019-07-26,26.6,1.1,86.1
266,2019-07-27,26.4,.6,89
266,2019-07-28,27.6,1.5,80.5
266,2019-07-29,27.9,1.5,75.8
266,2019-07-30,28.4,1.5,76.9
266,2019-07-31,28.5,1.5,76
266,2019-08-01,28.8,1.2,72.3
266,2019-08-02,29.8,.9,70
266,2019-08-03,29,1.3,69.8
266,2019-08-04,29.1,1,67.8
266,2019-08-05,29.6,.9,69.1
266,2019-08-06,27.4,1.8,68.3
266,2019-08-07,28.5,1.4,71.3
266,2019-08-08,29,.9,67
266,2019-08-09,29.1,.7,64.6
266,2019-08-10,28.8,2.6,64.6
266,2019-08-11,28.5,4.1,67.6
266,2019-08-12,27.4,1.9,82.1
266,2019-08-13,29.4,1,68.5
266,2019-08-14,30.2,3.1,62.3
266,2019-08-15,27.9,2.2,72.5
266,2019-08-16,27.6,2.3,69.3
266,2019-08-17,26.9,1.6,69.5
266,2019-08-18,28,1,57.8
266,2019-08-19,26.4,1,64.9
266,2019-08-20,27.1,2.4,68.3
266,2019-08-21,25.7,1.3,80.8
266,2019-08-22,26.6,1.6,80.9
266,2019-08-23,24.8,1,72.1
266,2019-08-24,24.1,1.2,68
266,2019-08-25,23.9,.6,72.5
266,2019-08-26,24.5,1.3,68
266,2019-08-27,23,.7,87.6
266,2019-08-28,24,.7,85.3
266,2019-08-29,22,.8,89.1
266,2019-08-30,23.4,1.5,68.9
266,2019-08-31,23.9,1.1,67.1
266,2019-09-01,21.7,.4,79.1
266,2019-09-02,21.1,1.6,86.8
266,2019-09-03,22.4,1.3,90.6
266,2019-09-04,23.7,1.2,90.8
266,2019-09-05,25.9,1.2,79.3
266,2019-09-06,26.5,3,77.9
266,2019-09-07,25,4.2,83.9
266,2019-09-08,24.6,.7,84.5
266,2019-09-09,25.7,1.8,82.4
266,2019-09-10,26.3,1,77.1
266,2019-09-11,25.8,1.4,78.5
266,2019-09-12,21.3,4,75.8
266,2019-09-13,23.2,2.9,60.5
266,2019-09-14,24.1,.8,66.6
266,2019-09-15,25.5,1,72
266,2019-09-16,24.1,1.2,68.3
266,2019-09-17,22.9,2.5,51.1
266,2019-09-18,23.2,.8,54.5
266,2019-09-19,21.3,2,59.5
266,2019-09-20,20.9,2.9,58.8
266,2019-09-21,17.5,5.1,88.3
266,2019-09-22,18.4,8.8,80.1
266,2019-09-23,18.4,1.2,83.5
266,2019-09-24,19.7,.5,70.1
266,2019-09-25,19.8,1.1,66.5
266,2019-09-26,22.8,2.9,62.1
266,2019-09-27,22.5,2.1,73.6
266,2019-09-28,23.1,.9,86.8
266,2019-09-29,24.8,.6,79.3
266,2019-09-30,24,.6,80.5
266,2019-10-01,21.3,.8,91.6
266,2019-10-02,21.8,4.1,89.4
266,2019-10-03,23.2,2.7,75.3
266,2019-10-04,22.6,.8,75.4
266,2019-10-05,21.1,1.8,73.6
266,2019-10-06,19.2,3.3,61.9
266,2019-10-07,16.9,2.1,78
266,2019-10-08,17.5,2.3,57.8
266,2019-10-09,15.8,.7,44.5
266,2019-10-10,17.9,.6,53
266,2019-10-11,20.3,1.8,48.9
266,2019-10-12,20.8,4.5,44
266,2019-10-13,18.2,3.6,47.4
266,2019-10-14,17.4,1.3,58.9
266,2019-10-15,16.1,2.6,62.8
266,2019-10-16,15.7,1,60.3
266,2019-10-17,16.2,2,60.6
266,2019-10-18,17.1,3.9,67.8
266,2019-10-19,19.4,.7,64.1
266,2019-10-20,18.7,.9,63.4
266,2019-10-21,17.9,1.9,59.4
266,2019-10-22,19,2.5,58.4
266,2019-10-23,18.3,2.9,61.1
266,2019-10-24,18.9,3.3,59.6
266,2019-10-25,19.7,1.4,59.3
266,2019-10-26,14.7,3.3,56.6
266,2019-10-27,13.1,1,49.1
266,2019-10-28,13.3,.8,56.6
266,2019-10-29,15,1.5,56.5
266,2019-10-30,14,1.3,51.6
266,2019-10-31,14.9,1.1,55.5
266,2019-11-01,17,.7,61.4
266,2019-11-02,16.8,.7,64.4
266,2019-11-03,16.5,.7,63.9
266,2019-11-04,15.2,2,63.4
266,2019-11-05,15.1,1.2,60.4
266,2019-11-06,14.2,.9,53.1
266,2019-11-07,13.9,2.5,53.3
266,2019-11-08,11.6,1.3,38.8
266,2019-11-09,12.3,.9,36.5
266,2019-11-10,12.6,.9,56.4
266,2019-11-11,13.8,2.9,60.5
266,2019-11-12,12.9,.9,54.4
266,2019-11-13,12.3,1.7,62.4
266,2019-11-14,7.3,2.3,38.4
266,2019-11-15,10.2,1,56
266,2019-11-16,14.2,.8,68.8
266,2019-11-17,15.6,1,79.3
266,2019-11-18,10.7,3.5,68.1
266,2019-11-19,6.3,2.5,57.3
266,2019-11-20,6.3,.7,47.6
266,2019-11-21,9.2,2,39.6
266,2019-11-22,13.9,2.4,55.3
266,2019-11-23,14.3,1.6,64.8
266,2019-11-24,15.5,.9,77.8
