164,1997-06-01,19.7,4,64.1
164,1997-06-02,17.6,1.7,59.8
164,1997-06-03,18.9,1.7,57
164,1997-06-04,20.3,1.4,57.1
164,1997-06-05,20,3.3,73.9
164,1997-06-06,20.4,2.1,67.1
164,1997-06-07,22.2,3,58.1
164,1997-06-08,21.8,3.8,67.1
164,1997-06-09,19.9,2.8,65.1
164,1997-06-10,20.2,2.2,65.6
164,1997-06-11,20.2,2.1,64.9
164,1997-06-12,21.3,1.7,61.4
164,1997-06-13,21.7,1.8,58.8
164,1997-06-14,22.6,1.3,61.9
164,1997-06-15,22.9,1.5,63.5
164,1997-06-16,22.7,1.6,58.4
164,1997-06-17,23.3,2,58.8
164,1997-06-18,23.9,1.2,60.6
164,1997-06-19,23.9,1.6,62.4
164,1997-06-20,22.6,1.8,70.3
164,1997-06-21,23.3,1.6,65
164,1997-06-22,23.3,1.5,66.6
164,1997-06-23,22.8,1.4,70.9
164,1997-06-24,24,2.2,64.8
164,1997-06-25,23.4,4.9,72.3
164,1997-06-26,22.4,3,77.1
164,1997-06-27,23.7,1.4,75.6
164,1997-06-28,23.9,3.2,68.6
164,1997-06-29,25.2,2.5,66.6
164,1997-06-30,23,2.9,70.3
164,1997-07-01,23.7,5.7,74.1
164,1997-07-02,23.7,3.1,80.4
164,1997-07-03,25.7,5.1,74.8
164,1997-07-04,25.1,6.3,71.3
164,1997-07-05,22.7,3.6,76
164,1997-07-06,21.7,3.9,69.3
164,1997-07-07,22.7,1.3,72.3
164,1997-07-08,22.2,1.4,80.5
164,1997-07-09,22.8,2.5,78.9
164,1997-07-10,23.8,1.3,80.6
164,1997-07-11,21.3,3.5,88.8
164,1997-07-12,21.6,2,89.3
164,1997-07-13,23.2,2.3,86
164,1997-07-14,24.3,1.5,81.8
164,1997-07-15,24.4,3,91.3
164,1997-07-16,24.2,4,90.9
164,1997-07-17,25.2,1.4,84.3
164,1997-07-18,25.1,2,77.5
164,1997-07-19,26.1,2.5,71.8
164,1997-07-20,27.4,3.5,76.9
164,1997-07-21,27.8,3,74.5
164,1997-07-22,27.1,1.8,75.6
164,1997-07-23,27.2,2.5,75.4
164,1997-07-24,26.7,1.3,81.5
164,1997-07-25,27.2,1.9,80.5
164,1997-07-26,27.7,2.4,77.8
164,1997-07-27,26.3,2.1,86.9
164,1997-07-28,27.1,1.6,85.6
164,1997-07-29,27.3,1.5,85.6
164,1997-07-30,27.3,1.2,81
164,1997-07-31,26.7,.9,84.9
164,1997-08-01,26.9,1.4,79.3
164,1997-08-02,27.8,2.7,76.5
164,1997-08-03,28,4.8,79.3
164,1997-08-04,24.1,5.7,89.1
164,1997-08-05,25.5,2.4,81.3
164,1997-08-06,25.9,1.3,85.6
164,1997-08-07,27.7,2.4,83
164,1997-08-08,28.8,3.9,75.4
164,1997-08-09,27.1,3.7,84.9
164,1997-08-10,24.1,2.5,83.4
164,1997-08-11,25,1.3,81
164,1997-08-12,25.5,1.4,77
164,1997-08-13,24.8,1.3,78.6
164,1997-08-14,25.4,2.4,76.4
164,1997-08-15,25.7,1.7,67.5
164,1997-08-16,25.2,1.9,70.5
164,1997-08-17,26.4,2,71.5
164,1997-08-18,28.3,2.7,71.4
164,1997-08-19,27.9,3.9,75.6
164,1997-08-20,28,3.9,75.4
164,1997-08-21,25.9,3.8,82.5
164,1997-08-22,24.5,1.6,72.9
164,1997-08-23,24.7,1.6,78.1
164,1997-08-24,25.5,1.9,74.5
164,1997-08-25,25.8,1.7,75
164,1997-08-26,25.9,1.4,77.9
164,1997-08-27,25.6,1.4,78.1
164,1997-08-28,25.7,1.5,78.8
164,1997-08-29,24.7,1.9,85.3
164,1997-08-30,26.5,1.8,81.6
164,1997-08-31,27.3,1.7,84.4
164,1997-09-01,27.8,2.5,81.8
164,1997-09-02,25.6,3.1,80.9
164,1997-09-03,24.5,2.6,66.1
164,1997-09-04,23.9,1.1,76.5
164,1997-09-05,23.9,2,74.3
164,1997-09-06,24.7,1.7,64
164,1997-09-07,25,1.9,66.9
164,1997-09-08,24.1,1.3,72
164,1997-09-09,23.9,1.3,75.6
164,1997-09-10,25.1,1.6,74.8
164,1997-09-11,23.9,2.1,64.5
164,1997-09-12,23.9,1.5,73.8
164,1997-09-13,24.2,2.1,72.9
164,1997-09-14,21.7,4.4,69
164,1997-09-15,21,4.7,54.4
164,1997-09-16,19.6,3.8,76.8
164,1997-09-17,21,2.4,68.5
164,1997-09-18,20.3,3.4,53.5
164,1997-09-19,19.7,3,48
164,1997-09-20,19.3,1.7,60.8
164,1997-09-21,18,3.1,49.4
164,1997-09-22,18.4,2.7,56.3
164,1997-09-23,19.2,1.6,63.3
164,1997-09-24,19,1.6,65.8
164,1997-09-25,17.4,1.9,82.4
164,1997-09-26,17.5,3.1,75.4
164,1997-09-27,18.6,2.9,64
164,1997-09-28,18.4,1.5,61.9
164,1997-09-29,17.6,1.4,71
164,1997-09-30,18.5,1,69
164,1997-10-01,19.2,1.7,66.1
164,1997-10-02,19.8,1.6,63.5
164,1997-10-03,19.7,1.3,74
164,1997-10-04,18.5,1.9,76.1
164,1997-10-05,17.3,3.4,46.9
164,1997-10-06,16.1,1.6,62.3
164,1997-10-07,17.6,2.8,64.4
164,1997-10-08,15.9,2.9,52.6
164,1997-10-09,14.7,1.6,69.9
164,1997-10-10,18.1,4,70.1
164,1997-10-11,15.4,2.3,52.5
164,1997-10-12,13.6,2.9,56.3
164,1997-10-13,14.7,1.9,70.1
164,1997-10-14,17.6,3.1,67.9
164,1997-10-15,14.3,1.6,62.6
164,1997-10-16,14.9,1.6,61.8
164,1997-10-17,15.9,2.1,79.5
164,1997-10-18,15.9,1.6,70.9
164,1997-10-19,17.1,2.7,73.9
164,1997-10-20,20.2,3.1,76.1
164,1997-10-21,19.8,2.3,84.3
164,1997-10-22,16.6,1.1,87
164,1997-10-23,18.1,1.3,80.8
164,1997-10-24,15.2,3.8,59.8
164,1997-10-25,12.1,3.3,53.1
164,1997-10-26,13,3.9,55.9
164,1997-10-27,12.5,3.9,49.8
164,1997-10-28,12.2,2,59.1
164,1997-10-29,12.8,3,60
164,1997-10-30,8.8,4.1,58.4
164,1997-10-31,8,4.3,57.5
164,1997-11-01,10.4,2,68.9
164,1997-11-02,9.2,1.1,76.1
164,1997-11-03,10.5,1,77.4
164,1997-11-04,11.4,1.7,80.9
164,1997-11-05,12.6,3,63.4
164,1997-11-06,13.1,2.3,57.4
164,1997-11-07,10.6,1.3,70.4
164,1997-11-08,10.8,1.2,73.1
164,1997-11-09,12.2,1.1,74
164,1997-11-10,14.5,1.3,72.6
164,1997-11-11,15.9,2,73.1
164,1997-11-12,16.6,3.3,88
164,1997-11-13,14.8,1.5,81.8
164,1997-11-14,12.7,1.9,82.8
164,1997-11-15,11.1,2.5,65.4
164,1997-11-16,10.7,3,67
164,1997-11-17,6.5,5,68.8
164,1997-11-18,5.6,4.7,58.9
164,1997-11-19,5.6,1.4,68.3
164,1997-11-20,9.8,1.4,66.4
164,1997-11-21,11.6,2.8,84.6
164,1997-11-22,11.7,3.2,77.5
164,1997-11-23,10.5,1.3,70.6
164,1997-11-24,11.2,2.2,76
164,1997-11-25,15,4.3,89.1
164,1997-11-26,11.4,3.3,77.8
164,1997-11-27,8.5,3.2,67.1
164,1997-11-28,11.2,2.7,75.8
164,1997-11-29,10.5,4.9,80.3
164,1997-11-30,9.1,2.7,60.8
164,1997-12-01,4.3,4.5,61
164,1997-12-02,-.7,4.7,75.6
164,1997-12-03,-2.7,3.4,77.4
164,1997-12-04,-.5,2.8,62.1
164,1997-12-05,4,1.2,64.5
164,1997-12-06,9.3,3,90.3
164,1997-12-07,9.7,2.7,86
164,1997-12-08,5,4.3,67.8
164,1997-12-09,2.3,4.7,63.3
164,1997-12-10,-1.2,3.2,79.1
164,1997-12-11,1.8,4.2,73.3
164,1997-12-12,1.9,1.9,78.8
164,1997-12-13,3.8,1.3,78.4
164,1997-12-14,4.4,1.5,80.4
164,1997-12-15,6.2,2.1,62.9
164,1997-12-16,4.8,2.1,62.3
164,1997-12-17,4.1,2.2,82.1
164,1997-12-18,6,1.3,85.8
164,1997-12-19,8.7,1.2,84.9
164,1997-12-20,8.1,2.9,78.3
164,1997-12-21,5.2,1.8,81.6
164,1997-12-22,7.7,1.4,75.9
164,1997-12-23,6.5,1.1,79.1
164,1997-12-24,5.8,1.1,74
164,1997-12-25,5.3,1,75.5
164,1997-12-26,4.7,.8,75.5
164,1997-12-27,6.2,1.2,77.8
164,1997-12-28,4.7,1.9,62.6
164,1997-12-29,1.4,3.1,47.1
164,1997-12-30,4,1.9,60.5
164,1997-12-31,5,1.4,67.4
164,1998-01-01,4.7,.6,81.8
164,1998-01-02,2.9,1.1,80.8
164,1998-01-03,6.3,.8,74.5
164,1998-01-04,.5,4.2,68.4
164,1998-01-05,3.7,2.8,55
164,1998-01-06,4.5,3.1,42.8
164,1998-01-07,1.9,1.8,71.3
164,1998-01-08,2.6,3.8,83.9
164,1998-01-09,3.4,3.6,68.9
164,1998-01-10,5.3,4.3,62.8
164,1998-01-11,5.4,2.6,75.1
164,1998-01-12,4.4,2.2,77.8
164,1998-01-13,3.7,3.3,67.1
164,1998-01-14,4.4,4.8,66.1
164,1998-01-15,5.8,4.7,63.4
164,1998-01-16,3.8,1.7,69.8
164,1998-01-17,4.9,4.4,77.6
164,1998-01-18,-.8,8.6,65.3
164,1998-01-19,-4.6,4.5,76.1
164,1998-01-20,0,2.9,67.6
164,1998-01-21,.4,2.8,60
164,1998-01-22,1.3,1.6,79.3
164,1998-01-23,-1.5,4.1,68
164,1998-01-24,-5,7.6,77.9
164,1998-01-25,-2.5,1.7,70.1
164,1998-01-26,1.5,2.8,57.8
164,1998-01-27,.2,1.4,59.8
164,1998-01-28,-.7,1.6,58
164,1998-01-29,-1.2,.5,57.9
164,1998-01-30,1.5,.5,71.1
164,1998-01-31,2.2,.7,57.4
164,1998-02-01,.9,.9,58.6
164,1998-02-02,1.1,.6,59
164,1998-02-03,2.2,.6,69.1
164,1998-02-04,1.8,1.8,52.3
164,1998-02-05,2.2,2.8,58.4
164,1998-02-06,1.7,1.3,69.8
164,1998-02-07,3.3,1.5,69.8
164,1998-02-08,-.3,2.4,58
164,1998-02-09,2.4,.8,65.4
164,1998-02-10,1.2,1,58.4
164,1998-02-11,5.4,1.2,69
164,1998-02-12,9.5,1,73.1
164,1998-02-13,6.3,.9,68.3
164,1998-02-14,3.6,.9,64.8
164,1998-02-15,3.3,.5,60.4
164,1998-02-16,4.5,.9,58.4
164,1998-02-17,4.8,.6,66.4
164,1998-02-18,7.2,.9,47.9
164,1998-02-19,9.6,3.7,76.6
164,1998-02-20,11.9,2.2,84.6
164,1998-02-21,7.7,1.9,77.8
164,1998-02-22,5.4,1.7,64.3
164,1998-02-23,5.2,1.2,74.8
164,1998-02-24,7.1,1.3,78.1
164,1998-02-25,7.9,.7,79.3
164,1998-02-26,6.8,.7,76.6
164,1998-02-27,5.4,.7,80.6
164,1998-02-28,5.3,3.4,66.1
164,1998-03-01,5.5,2.1,73
164,1998-03-02,5.1,2.1,68.4
164,1998-03-03,6.6,3.5,64.1
164,1998-03-04,7.9,2.5,61.8
164,1998-03-05,8.2,1.2,74.8
164,1998-03-06,6.8,1.1,84.5
164,1998-03-07,7.6,1.6,71.9
164,1998-03-08,7.5,3.1,65.6
164,1998-03-09,9.5,2,63
164,1998-03-10,8.4,3.6,56.3
164,1998-03-11,5.9,4.9,80.1
164,1998-03-12,6.6,3.9,67.9
164,1998-03-13,8.9,2.4,79.1
164,1998-03-14,5.9,5.5,63.4
164,1998-03-15,4.8,5.8,43.9
164,1998-03-16,6.8,2.4,63.3
164,1998-03-17,7.5,2.2,68.1
164,1998-03-18,10.7,4.7,64
164,1998-03-19,9.8,9,76.3
164,1998-03-20,2,8.3,52.1
164,1998-03-21,3.1,5.8,50.1
164,1998-03-22,3.6,5.8,52.8
164,1998-03-23,5.1,3.7,55.5
164,1998-03-24,7.3,3.1,68.3
164,1998-03-25,8.3,3.9,73.4
164,1998-03-26,8.5,1.3,81.6
164,1998-03-27,7.4,2.3,80
164,1998-03-28,8,1.2,80.8
164,1998-03-29,10.7,.6,68.3
164,1998-03-30,10.7,1.2,69.4
164,1998-03-31,9.7,2.6,75.5
164,1998-04-01,8,1.7,88.3
164,1998-04-02,6.5,4.3,78
164,1998-04-03,8.4,1.2,68.4
164,1998-04-04,12.6,1.8,73.4
164,1998-04-05,14.6,2.6,87.9
164,1998-04-06,12.9,.6,88.5
164,1998-04-07,14.1,1.2,85
164,1998-04-08,12.6,3.4,83.3
164,1998-04-09,12.4,1.1,85.8
164,1998-04-10,13.5,2,82.4
164,1998-04-11,12.1,1.4,86.4
164,1998-04-12,17.8,6,85.8
164,1998-04-13,10.8,3.1,87.6
164,1998-04-14,12,1.3,83.9
164,1998-04-15,11.3,1.8,81.9
164,1998-04-16,14.3,3.3,72.5
164,1998-04-17,14.2,3.9,79.1
164,1998-04-18,12.3,2.4,84.4
164,1998-04-19,15.3,3.4,66.9
164,1998-04-20,19.9,4.6,73.3
164,1998-04-21,19.3,4,80.6
164,1998-04-22,19.9,3.8,85.5
164,1998-04-23,19.4,2.5,84.3
164,1998-04-24,14.4,3.7,85
164,1998-04-25,12,3.7,74.9
164,1998-04-26,15,2.9,72.3
164,1998-04-27,16.1,2.2,70.4
164,1998-04-28,18.9,2.6,65.6
164,1998-04-29,21.8,1.9,75.3
164,1998-04-30,20,4.5,67.3
164,1998-05-01,20.3,6,75.4
164,1998-05-02,16.9,5.9,87.3
164,1998-05-03,14.8,2,83
164,1998-05-04,17.2,2.2,73.6
164,1998-05-05,17,1.6,77.9
164,1998-05-06,20,1,71.9
164,1998-05-07,19.5,2.4,86.6
164,1998-05-08,16.1,4.9,70.1
164,1998-05-09,15.8,2.3,69.5
164,1998-05-10,13.5,4.3,86
164,1998-05-11,13.4,5.6,87.9
164,1998-05-12,13.7,4.1,84.4
164,1998-05-13,14.9,2.6,75.8
164,1998-05-14,17,1.9,79
164,1998-05-15,18.3,2.7,69.8
164,1998-05-16,14.5,2.8,87.9
164,1998-05-17,15.6,3.6,84.3
164,1998-05-18,18.1,1.8,79.8
164,1998-05-19,18.3,1.6,82.1
164,1998-05-20,18.1,1.6,83.6
164,1998-05-21,20.2,1.5,75.5
164,1998-05-22,21.9,2.3,61.6
164,1998-05-23,22.3,1.3,67
164,1998-05-24,18.3,2.9,78.1
164,1998-05-25,16.3,5,62.3
164,1998-05-26,17.2,1.9,61.5
164,1998-05-27,18.6,1.5,63.3
164,1998-05-28,19.2,2.3,74
164,1998-05-29,17,3.5,80.5
164,1998-05-30,18.5,3.8,57
164,1998-05-31,18.6,1.5,60.4
164,1998-06-01,15.3,2.3,81.4
164,1998-06-02,16.9,5.7,82.1
164,1998-06-03,17.4,4.1,76.3
164,1998-06-04,18.4,2.8,74
164,1998-06-05,19.2,3.7,77.4
164,1998-06-06,17.6,1.5,83.1
164,1998-06-07,18.4,2.6,74.5
164,1998-06-08,19,2,74.8
164,1998-06-09,20.9,3.4,73.1
164,1998-06-10,21.5,2.6,73.3
164,1998-06-11,21.4,1.7,75
164,1998-06-12,21.7,4.2,72.5
164,1998-06-13,19.3,3.7,84.1
164,1998-06-14,19.3,3,83.3
164,1998-06-15,20.3,1.9,75.4
164,1998-06-16,21.3,1.8,74.6
164,1998-06-17,22.6,1.5,72
164,1998-06-18,22,2.4,77.4
164,1998-06-19,22.1,2,78.8
164,1998-06-20,22.4,2,76.3
164,1998-06-21,23.5,2.3,72.9
164,1998-06-22,23.2,2.7,67.8
164,1998-06-23,22.3,4.1,67
164,1998-06-24,23.1,4.6,79
164,1998-06-25,23.3,6.3,85.3
164,1998-06-26,21.5,4.9,86.4
164,1998-06-27,23,4.2,85.8
164,1998-06-28,22.6,2.1,81.9
164,1998-06-29,24.8,1.7,79.1
164,1998-06-30,23.5,4.4,85.5
164,1998-07-01,22.6,6.6,83.3
164,1998-07-02,24,5.2,85
164,1998-07-03,22.7,2.9,83.8
164,1998-07-04,23,1.5,84.6
164,1998-07-05,23.6,1.4,80.9
164,1998-07-06,26.5,4.9,76
164,1998-07-07,26.7,5.9,79.9
164,1998-07-08,26.7,5.3,80.4
164,1998-07-09,27.2,4.9,78.4
164,1998-07-10,27.6,4.9,78.5
164,1998-07-11,26.1,3.5,83.5
164,1998-07-12,25,1.9,83.4
164,1998-07-13,22.3,4.6,81.8
164,1998-07-14,24.4,4.8,72
164,1998-07-15,23.7,3.8,83
164,1998-07-16,25.3,2.4,81.1
164,1998-07-17,25.9,3.6,68
164,1998-07-18,24.2,5.7,78.3
164,1998-07-19,23.7,2.6,77.1
164,1998-07-20,25.2,1.4,80.1
164,1998-07-21,25.1,3.2,79.4
164,1998-07-22,24.9,3.5,74.5
164,1998-07-23,26.4,4,71.5
164,1998-07-24,26.4,4.6,67.5
164,1998-07-25,24.7,5.4,76.3
164,1998-07-26,25,5.4,74.4
164,1998-07-27,25.2,4.2,74.9
164,1998-07-28,25.7,2.2,74.8
164,1998-07-29,26.4,1.3,77.9
164,1998-07-30,26.6,3.3,75.6
164,1998-07-31,25.9,6.2,79.1
164,1998-08-01,26.6,5,82.9
164,1998-08-02,26.3,2.5,84.3
164,1998-08-03,27,4,84.3
164,1998-08-04,28,3.6,76.1
164,1998-08-05,28,4.8,81.3
164,1998-08-06,28.4,5,80.5
164,1998-08-07,28.6,4.8,76.6
164,1998-08-08,28.3,5.6,80.3
164,1998-08-09,26.6,3.4,84.1
164,1998-08-10,28,5,78.3
164,1998-08-11,27.9,5,83.1
164,1998-08-12,27.9,4.5,82.6
164,1998-08-13,26.1,2.6,82.1
164,1998-08-14,26.1,2.9,83
164,1998-08-15,27.6,4.9,83.3
164,1998-08-16,25.8,3.5,84.9
164,1998-08-17,25.3,.6,78.3
164,1998-08-18,24.5,3.2,79.9
164,1998-08-19,24.9,1.7,74.4
164,1998-08-20,25.8,1.4,77
164,1998-08-21,25.7,.9,71.1
164,1998-08-22,26.4,2,74
164,1998-08-23,25.5,4,81.9
164,1998-08-24,24.7,2.7,71.3
164,1998-08-25,24.7,2.9,67.9
164,1998-08-26,24,1.7,73.3
164,1998-08-27,23.9,1.4,74.8
164,1998-08-28,24,1.9,72.6
164,1998-08-29,24.2,2.2,72.3
164,1998-08-30,23.7,1.2,76.5
164,1998-08-31,23.8,1.2,75.1
164,1998-09-01,24.2,1.6,70.6
164,1998-09-02,23.9,2.4,67.1
164,1998-09-03,24,2,64.6
164,1998-09-04,23.7,.9,67
164,1998-09-05,22.7,2.2,72.5
164,1998-09-06,24.2,1.8,73.9
164,1998-09-07,25,2,79.8
164,1998-09-08,25.5,2.2,78.9
164,1998-09-09,25.9,1.1,77.1
164,1998-09-10,25.3,1.5,75.6
164,1998-09-11,26,2.4,74.6
164,1998-09-12,25.1,1.4,78.1
164,1998-09-13,24.8,1.3,80.3
164,1998-09-14,25,1.8,74.8
164,1998-09-15,22.8,4.3,67.4
164,1998-09-16,21.7,5.9,58.9
164,1998-09-17,21.6,3.6,53.9
164,1998-09-18,22.2,3.3,63.1
164,1998-09-19,26,2.1,60.5
164,1998-09-20,25.8,3.3,76.1
164,1998-09-21,22.1,5,72.8
164,1998-09-22,20.9,2.7,70.8
164,1998-09-23,21.4,1.8,73.6
164,1998-09-24,21.7,2.3,72.3
164,1998-09-25,22.4,3.2,71.3
164,1998-09-26,22.8,1.5,73.4
164,1998-09-27,21.7,.4,78.9
164,1998-09-28,19.8,2.2,79.5
164,1998-09-29,18.2,6,86.6
164,1998-09-30,19.4,11.8,81.9
164,1998-10-01,20.8,8.3,73.1
164,1998-10-02,20.8,2.5,77.3
164,1998-10-03,20.4,3.1,71
164,1998-10-04,19.5,2.8,68.5
164,1998-10-05,19.6,2.6,70.5
164,1998-10-06,19.3,2.9,76.1
164,1998-10-07,20.2,1.4,76.3
164,1998-10-08,19.3,2.1,75.5
164,1998-10-09,20.1,1.3,74.8
164,1998-10-10,20.3,.7,78.4
164,1998-10-11,20.5,3.3,72.5
164,1998-10-12,18.8,4.3,84.9
164,1998-10-13,21.3,2.4,80.8
164,1998-10-14,20.1,3.1,79.4
164,1998-10-15,18.4,2.7,57.5
164,1998-10-16,16.5,3.1,62.9
164,1998-10-17,17.5,5.5,71
164,1998-10-18,17.8,6.3,57.9
164,1998-10-19,15.6,6.5,45.9
164,1998-10-20,13.5,3.7,61.9
164,1998-10-21,14.9,2.5,74.1
164,1998-10-22,16.2,2,75.6
164,1998-10-23,17.3,2.6,75.1
164,1998-10-24,17.1,3.4,73.3
164,1998-10-25,15.8,2.5,66.6
164,1998-10-26,16.3,2.3,77
164,1998-10-27,15.8,3,69.9
164,1998-10-28,15.3,4.2,62.6
164,1998-10-29,15.2,2.9,73.8
164,1998-10-30,14.9,1.9,77.6
164,1998-10-31,15.5,4,77.3
164,1998-11-01,11.7,3.6,56.6
164,1998-11-02,13.1,4.2,74.4
164,1998-11-03,12.4,1.8,64.9
164,1998-11-04,13.5,3.6,70.5
164,1998-11-05,11.5,2.6,63
164,1998-11-06,13.6,2.1,72
164,1998-11-07,13.5,2.3,72.4
164,1998-11-08,14.1,2.8,72.4
164,1998-11-09,13,6.7,58.5
164,1998-11-10,8.5,4.9,55.8
164,1998-11-11,11.4,2.6,72.8
164,1998-11-12,12.8,1.7,64
164,1998-11-13,14.3,3.5,81
164,1998-11-14,16.2,2.7,85.9
164,1998-11-15,16.5,2.8,82.6
164,1998-11-16,15.1,4.1,80.6
164,1998-11-17,7.4,9.4,57.6
164,1998-11-18,1.8,3.8,77
164,1998-11-19,4.5,3,64.8
164,1998-11-20,4.4,3.8,71.3
164,1998-11-21,4.6,3.2,64.6
164,1998-11-22,4.5,4.4,76.9
164,1998-11-23,6.7,2,72.1
164,1998-11-24,8.5,5.5,65.5
164,1998-11-25,5.6,4,59.1
164,1998-11-26,9.1,1.8,69.5
164,1998-11-27,10.4,3.3,79.3
164,1998-11-28,6.7,4.2,65.4
164,1998-11-29,6.2,1.4,75.8
164,1998-11-30,9.2,1.6,77.1
164,1998-12-01,8.3,3.7,78.6
164,1998-12-02,5.9,6.3,62.5
164,1998-12-03,3.7,4.9,62
164,1998-12-04,3,3.5,55.4
164,1998-12-05,4.1,3.8,67.6
164,1998-12-06,2.7,4,70.3
164,1998-12-07,5.3,3.8,72.4
164,1998-12-08,2.7,6.5,65
164,1998-12-09,.8,2.8,76.6
164,1998-12-10,2.1,2.4,64.6
164,1998-12-11,3.8,6.5,60.3
164,1998-12-12,1.6,2.6,63.5
164,1998-12-13,5.2,1.9,79
164,1998-12-14,7.9,3.8,72.4
164,1998-12-15,7,3.4,56.8
164,1998-12-16,6.6,1.7,81
164,1998-12-17,5.8,1.5,75
164,1998-12-18,7.8,1.5,73.9
164,1998-12-19,8,2.8,77
164,1998-12-20,4.9,5.1,41
164,1998-12-21,5.9,1.8,48.8
164,1998-12-22,6.7,2.4,78
164,1998-12-23,7.1,4.7,65.4
164,1998-12-24,4.4,3.2,69.1
164,1998-12-25,4.4,2.1,72.6
164,1998-12-26,6.2,2.1,76.4
164,1998-12-27,4.7,1.7,78.6
164,1998-12-28,4.6,.8,78.1
164,1998-12-29,5.1,4.5,64.6
164,1998-12-30,1.7,5.4,47.8
164,1998-12-31,1.7,4.2,56.4
164,1999-01-01,1.8,2.1,64.8
164,1999-01-02,5.6,2.7,72.3
164,1999-01-03,4.2,1.4,84.1
164,1999-01-04,3.5,1.6,70.1
164,1999-01-05,3.9,1.2,74.8
164,1999-01-06,5.2,3.3,75.8
164,1999-01-07,.5,9.7,60.1
164,1999-01-08,-3.2,5.9,79.9
164,1999-01-09,-4,5.9,82
164,1999-01-10,-3.8,3.7,88.4
164,1999-01-11,0,5.2,69.6
164,1999-01-12,.2,4.8,70.8
164,1999-01-13,2.5,5.9,59.1
164,1999-01-14,2.8,2.7,70.8
164,1999-01-15,1.8,5.3,68.6
164,1999-01-16,3,3.8,65.9
164,1999-01-17,.9,1.5,76
164,1999-01-18,2.7,1.6,77.9
164,1999-01-19,5.5,4.3,72.5
164,1999-01-20,1.6,5.3,67.4
164,1999-01-21,1.7,1.6,70.3
164,1999-01-22,5.5,2.4,73.1
164,1999-01-23,6.8,4,83.6
164,1999-01-24,6.2,1.6,82.3
164,1999-01-25,6.4,3.8,69.3
164,1999-01-26,4.9,2.2,64.3
164,1999-01-27,4.8,2.9,71.4
164,1999-01-28,.6,5,44.8
164,1999-01-29,.8,5.6,67.3
164,1999-01-30,.2,3.2,66.1
164,1999-01-31,2.3,2.4,60.5
164,1999-02-01,4.7,3.9,67.8
164,1999-02-02,1.1,6.7,74.5
164,1999-02-03,-3.1,9.2,74.1
164,1999-02-04,-2,2.2,80.8
164,1999-02-05,2.6,3.5,62.1
164,1999-02-06,2.4,2,76.5
164,1999-02-07,3.6,1.5,84.9
164,1999-02-08,4.3,1.4,90.1
164,1999-02-09,4.1,1.2,94.1
164,1999-02-10,4.3,2.1,72.8
164,1999-02-11,3.8,4.5,71.4
164,1999-02-12,-.4,8.8,54.9
164,1999-02-13,-.4,3.9,51.9
164,1999-02-14,1.3,1.8,71.3
164,1999-02-15,4.4,1.8,75.1
164,1999-02-16,5.9,1.5,77.6
164,1999-02-17,8.6,2.3,83.5
164,1999-02-18,4.9,6.4,66
164,1999-02-19,1.8,6.5,52.9
164,1999-02-20,1.3,5.6,61.5
164,1999-02-21,1.3,5.2,62
164,1999-02-22,4.2,2.8,68.1
164,1999-02-23,4.6,2,78
164,1999-02-24,5.2,4.2,82.6
164,1999-02-25,5.7,2.6,82.5
164,1999-02-26,5.9,3.6,88.9
164,1999-02-27,1.4,9.1,51.5
164,1999-02-28,2.7,2.8,62.5
164,1999-03-01,6.6,3.3,75.5
164,1999-03-02,6.6,2,69.4
164,1999-03-03,7,1.7,83
164,1999-03-04,10.5,3,65.4
164,1999-03-05,7.3,5.8,76.5
164,1999-03-06,5.5,2.4,75.8
164,1999-03-07,3.7,6.4,72.3
164,1999-03-08,4.3,3.1,65.8
164,1999-03-09,4.2,3.9,61.3
164,1999-03-10,6,4.6,61
164,1999-03-11,4.2,6.3,51.4
164,1999-03-12,6.8,2.3,54.4
164,1999-03-13,8.8,2.9,64
164,1999-03-14,8.5,3.5,82.3
164,1999-03-15,7.8,6,82.9
164,1999-03-16,8.2,1.7,79.8
164,1999-03-17,11.3,2.3,74.3
164,1999-03-18,13.6,4.1,90.6
164,1999-03-19,8.7,5,89.4
164,1999-03-20,5.8,3.1,73
164,1999-03-21,3.4,7.1,65.1
164,1999-03-22,.7,6.7,49.9
164,1999-03-23,4,1.8,61
164,1999-03-24,4.9,2.7,87.3
164,1999-03-25,8.8,1.5,89.6
164,1999-03-26,9.4,3.4,90.9
164,1999-03-27,8.5,6.5,60.4
164,1999-03-28,5.9,5.1,53.3
164,1999-03-29,3.9,4.6,53.1
164,1999-03-30,8,2.3,54.3
164,1999-03-31,8.8,1.3,61.8
164,1999-04-01,12.2,3.6,85.1
164,1999-04-02,6.5,6.9,71.1
164,1999-04-03,6.2,2.9,68.6
164,1999-04-04,8.7,2.4,66.8
164,1999-04-05,11.4,4.5,64.6
164,1999-04-06,6.7,7.5,73.8
164,1999-04-07,7.8,2.1,69.3
164,1999-04-08,11.5,2.3,60.5
164,1999-04-09,12.4,5.5,87
164,1999-04-10,11,5.1,82
164,1999-04-11,13.7,2.7,71.4
164,1999-04-12,10.8,4.8,85.4
164,1999-04-13,8,7.2,61.6
164,1999-04-14,9.1,3.7,58.4
164,1999-04-15,10.9,3.1,60.1
164,1999-04-16,11.7,1.7,82.9
164,1999-04-17,14.1,1.6,72.4
164,1999-04-18,13.6,2.9,69.8
164,1999-04-19,12.8,3.3,73.1
164,1999-04-20,13.9,2.2,69.3
164,1999-04-21,14.9,2.4,78.1
164,1999-04-22,16.1,1.8,70
164,1999-04-23,12.7,3.2,84.8
164,1999-04-24,16.2,2.3,69.4
164,1999-04-25,16,2.2,73.9
164,1999-04-26,15.1,2,78.4
164,1999-04-27,12.6,4.3,70.4
164,1999-04-28,12,5.8,66.5
164,1999-04-29,13.3,2,64.1
164,1999-04-30,14.6,2.1,54.8
164,1999-05-01,15.8,1.9,58.9
164,1999-05-02,18.1,3.2,58.9
164,1999-05-03,16.7,4.5,86.8
164,1999-05-04,13,5.3,82.5
164,1999-05-05,13.4,2.9,69.5
164,1999-05-06,15.3,2.3,65.8
164,1999-05-07,16.5,4.1,69.4
164,1999-05-08,17.2,2.8,64.5
164,1999-05-09,16.4,2.6,69.8
164,1999-05-10,15.2,1.8,80.8
164,1999-05-11,15,1.7,82.4
164,1999-05-12,15.6,1.6,75.6
164,1999-05-13,15.6,2,78
164,1999-05-14,16.4,1.6,79.6
164,1999-05-15,16.7,1.8,77.4
164,1999-05-16,17,2.5,80.6
164,1999-05-17,20.9,3.2,51.6
164,1999-05-18,18.6,5.8,73.5
164,1999-05-19,15.3,6.6,76.6
164,1999-05-20,17.4,5.3,60.1
164,1999-05-21,18.7,3.4,70.3
164,1999-05-22,19.7,3.5,64.1
164,1999-05-23,17.9,4.5,84.5
164,1999-05-24,15.9,5.1,85.8
164,1999-05-25,17.2,2.1,74.6
164,1999-05-26,16.4,1.9,84.8
164,1999-05-27,17,2.9,76.5
164,1999-05-28,15,3.3,62.6
164,1999-05-29,15.6,2.8,65.3
164,1999-05-30,19,1.6,65.5
164,1999-05-31,20.8,3.2,65.1
164,1999-06-01,21.8,4,77.5
164,1999-06-02,20,2.5,86.6
164,1999-06-03,20.7,3.1,77
164,1999-06-04,19.4,3,80.4
164,1999-06-05,22.1,1.6,77.6
164,1999-06-06,22.4,1.6,76.5
164,1999-06-07,19.7,2.6,83.4
164,1999-06-08,20.2,2.1,75.6
164,1999-06-09,21.7,1.5,68.6
164,1999-06-10,22.5,2.6,68.9
164,1999-06-11,21.4,3.1,72
164,1999-06-12,22.3,2.2,73
164,1999-06-13,22.5,3.9,61.5
164,1999-06-14,23.6,2.7,64.5
164,1999-06-15,23.9,3.2,77
164,1999-06-16,22.4,4.5,86.8
164,1999-06-17,19.8,3.5,85.8
164,1999-06-18,20.4,2.7,81
164,1999-06-19,20.8,1.6,79.9
164,1999-06-20,21.9,1.4,74.1
164,1999-06-21,23.4,1.9,73
164,1999-06-22,24.4,2.3,68.4
164,1999-06-23,21.7,5.9,88.4
164,1999-06-24,20.7,3.3,81.3
164,1999-06-25,21.9,1.9,80.9
164,1999-06-26,21.3,1.4,82
164,1999-06-27,23.1,2.4,78.9
164,1999-06-28,21.6,1.7,85.6
164,1999-06-29,24,4.3,71.5
164,1999-06-30,24.5,2.6,71
164,1999-07-01,20.6,6.1,87.8
164,1999-07-02,20.9,5.1,88.3
164,1999-07-03,23.6,3,78.5
164,1999-07-04,23.1,2.5,80.1
164,1999-07-05,22.2,2,86.5
164,1999-07-06,23,1.8,82.8
164,1999-07-07,24.1,1.7,69.8
164,1999-07-08,25,4,73.4
164,1999-07-09,22.2,7.5,85.4
164,1999-07-10,23.6,5.1,78
164,1999-07-11,23.3,2.1,72.5
164,1999-07-12,22.5,2.3,74.6
164,1999-07-13,23.1,1.8,84.1
164,1999-07-14,24,2.9,81.3
164,1999-07-15,23.6,2.8,83.4
164,1999-07-16,24.6,5.2,77.3
164,1999-07-17,23.6,3,82.3
164,1999-07-18,24.1,1.7,80.8
164,1999-07-19,25.5,2,80.6
164,1999-07-20,25.7,3.3,79.4
164,1999-07-21,27.1,3.2,80
164,1999-07-22,27.7,5.7,77.8
164,1999-07-23,26.1,5.7,83
164,1999-07-24,25.2,5.6,80.4
164,1999-07-25,27.9,5.4,72.8
164,1999-07-26,27.7,4.5,75
164,1999-07-27,24.9,6.4,86.3
164,1999-07-28,24.4,4.7,87.9
164,1999-07-29,26.2,2.5,82.8
164,1999-07-30,25.6,4.2,86.3
164,1999-07-31,25.9,5,83.4
164,1999-08-01,26.8,4,80.5
164,1999-08-02,27.7,3.8,77.8
164,1999-08-03,23.1,9,85.9
164,1999-08-04,23.6,1.6,83.1
164,1999-08-05,25.8,2.3,80.9
164,1999-08-06,27.6,1.6,75.3
164,1999-08-07,26.9,2.6,81.3
164,1999-08-08,26.8,4.2,81.6
164,1999-08-09,27.4,3.6,79.5
164,1999-08-10,28,3.8,73
164,1999-08-11,27.8,1.6,74.4
164,1999-08-12,27.7,1.8,74.9
164,1999-08-13,27.4,1.3,73.5
164,1999-08-14,27.1,2.7,73.6
164,1999-08-15,26.8,2.2,78.4
164,1999-08-16,27.6,1.3,76.9
164,1999-08-17,27.2,2.3,78.5
164,1999-08-18,27.2,2.5,80.3
164,1999-08-19,27.1,1.9,78.9
164,1999-08-20,25.6,2.5,82.9
164,1999-08-21,23.5,2,90.6
164,1999-08-22,21.5,2,83
164,1999-08-23,24.4,2.4,78.3
164,1999-08-24,25.2,1.4,77.6
164,1999-08-25,22.1,2.4,87.1
164,1999-08-26,20.9,2.5,90
164,1999-08-27,22.5,1.1,87.9
164,1999-08-28,24.1,.5,79.8
164,1999-08-29,23.8,1.1,86.1
164,1999-08-30,23.6,1.6,88.8
164,1999-08-31,23.3,4.9,85
164,1999-09-01,23.8,.9,80.6
164,1999-09-02,24.7,1,79.9
164,1999-09-03,25.1,1.7,72.5
164,1999-09-04,25.1,2.2,78
164,1999-09-05,24,2.9,89.5
164,1999-09-06,24.7,1.9,87.5
164,1999-09-07,24.3,1.7,87
164,1999-09-08,24.4,.7,84.4
164,1999-09-09,24.8,2.1,87
164,1999-09-10,26,3.7,84.5
164,1999-09-11,25,1.3,85.4
164,1999-09-12,25,1.2,87.5
164,1999-09-13,25.9,1.2,81.4
164,1999-09-14,26.1,1.6,80
164,1999-09-15,24.6,3.8,78.5
164,1999-09-16,24.8,1.8,77
164,1999-09-17,20.8,3.3,87.6
164,1999-09-18,25,3.8,79.5
164,1999-09-19,26.1,3,85.4
164,1999-09-20,24.6,3.4,87.3
164,1999-09-21,20.9,3.7,86.8
164,1999-09-22,18.9,3.2,90.3
164,1999-09-23,19,4.4,91.3
164,1999-09-24,20.4,4.1,84
164,1999-09-25,20.3,1.7,72.6
164,1999-09-26,19.9,1,75.8
164,1999-09-27,20.7,.8,79.8
164,1999-09-28,21.7,.8,81.4
164,1999-09-29,22.7,1.3,81
164,1999-09-30,21.5,2.6,82.3
164,1999-10-01,22.7,2,79.3
164,1999-10-02,18.1,5.2,73.6
164,1999-10-03,14.6,3.8,62.8
164,1999-10-04,14.8,1.5,66.4
164,1999-10-05,15.3,1,72.5
164,1999-10-06,14.1,.9,81.8
164,1999-10-07,15.8,.2,82.6
164,1999-10-08,18.1,2.1,81.3
164,1999-10-09,18.3,.5,74.4
164,1999-10-10,18,2.9,88.6
164,1999-10-11,19.8,4.8,85.9
164,1999-10-12,18.4,2.3,77.8
164,1999-10-13,17.2,.9,82.9
164,1999-10-14,18,1.5,80.5
164,1999-10-15,16.8,3.2,67.8
164,1999-10-16,10.9,7.1,47.5
164,1999-10-17,11.8,2.5,57
164,1999-10-18,12.4,3,60
164,1999-10-19,12.6,1.1,70.4
164,1999-10-20,13.8,.7,78.1
164,1999-10-21,15.2,.4,83.8
164,1999-10-22,15.4,.4,76.9
164,1999-10-23,15.7,.3,80.9
164,1999-10-24,15.8,1.4,73.8
164,1999-10-25,15.2,1.1,74.6
164,1999-10-26,15.3,.7,74.9
164,1999-10-27,16,1.6,80
164,1999-10-28,15.3,2.1,85.1
164,1999-10-29,12.6,4.6,59.5
164,1999-10-30,11.6,1.3,67.9
164,1999-10-31,11.1,3.4,85.4
164,1999-11-01,11.6,7.7,59.8
164,1999-11-02,10.9,4.3,57.4
164,1999-11-03,11.5,3.4,60.9
164,1999-11-04,10.8,1.2,71.3
164,1999-11-05,12.5,1.2,78.6
164,1999-11-06,13.7,.7,78.5
164,1999-11-07,13.5,.6,81.8
164,1999-11-08,14,2.5,77.9
164,1999-11-09,12.1,.7,84.1
164,1999-11-10,13.3,2,67.1
164,1999-11-11,14.3,2,79.9
164,1999-11-12,14.3,5.3,69.4
164,1999-11-13,12.7,2.7,64.1
164,1999-11-14,12.7,2.2,64.3
164,1999-11-15,11.4,6.7,64.5
164,1999-11-16,9.5,5.5,50.9
164,1999-11-17,7.3,.6,78.1
164,1999-11-18,8,1.9,71.3
164,1999-11-19,7.6,.8,74.4
164,1999-11-20,10.6,1.2,73.3
164,1999-11-21,9.4,.4,76.5
164,1999-11-22,10.7,.9,64.4
164,1999-11-23,13.4,1.7,70.9
164,1999-11-24,13.1,1.4,77.1
164,1999-11-25,7.9,7.8,61.4
164,1999-11-26,2.6,5.8,59.6
164,1999-11-27,3.2,1.9,80.8
164,1999-11-28,3.2,4.3,75.1
164,1999-11-29,5,1.9,73.8
164,1999-11-30,6.7,1.1,70.9
164,1999-12-01,5.5,.9,70.3
164,1999-12-02,8.5,2.1,63.3
164,1999-12-03,6.7,1.1,75.4
164,1999-12-04,8,.2,83
164,1999-12-05,8.5,3.9,63.1
164,1999-12-06,5.8,7.2,59.4
164,1999-12-07,3.9,1.6,71.6
164,1999-12-08,6.4,1.6,77.8
164,1999-12-09,8.3,2.9,60.4
164,1999-12-10,7.2,3.1,72.3
164,1999-12-11,4.9,6.1,47.8
164,1999-12-12,3.3,1.6,67
164,1999-12-13,5.8,3.6,67.1
164,1999-12-14,5.9,2.4,63.4
164,1999-12-15,5.3,1.4,69.3
164,1999-12-16,6.7,3.5,70.5
164,1999-12-17,3.3,6.6,55
164,1999-12-18,-1.1,3.5,81.9
164,1999-12-19,-2.4,3.9,79.4
164,1999-12-20,-4,4.1,85.8
164,1999-12-21,-4.1,.3,83
164,1999-12-22,-.4,1.9,79.8
164,1999-12-23,2.8,.6,77.5
164,1999-12-24,5.6,2.4,59
164,1999-12-25,3.2,5.8,69.8
164,1999-12-26,1.6,2.9,74.3
164,1999-12-27,2.5,.1,73.4
164,1999-12-28,4.5,1.2,83.5
164,1999-12-29,3.1,1.8,73.3
164,1999-12-30,2.7,.2,67.1
164,1999-12-31,4.6,1.3,65.5
164,2000-01-01,6.4,2.5,67.1
164,2000-01-02,6.2,3.9,74.6
164,2000-01-03,2.1,5,61
164,2000-01-04,3.4,2.6,62.3
164,2000-01-05,9,4.6,75.8
164,2000-01-06,5.8,7,78.8
164,2000-01-07,-.4,5.9,56.3
164,2000-01-08,1.3,2.6,63.8
164,2000-01-09,.9,2.9,81.6
164,2000-01-10,2.2,4.2,68.8
164,2000-01-11,1.8,3.3,67.3
164,2000-01-12,5.8,3.5,84.8
164,2000-01-13,3.5,6.1,75.3
164,2000-01-14,2.3,3.6,70.5
164,2000-01-15,1,3.6,70.5
164,2000-01-16,2.6,4.7,69.4
164,2000-01-17,1.6,5.2,65.4
164,2000-01-18,1.6,4.8,62.1
164,2000-01-19,-1,6.4,72.6
164,2000-01-20,-2.4,8.4,70.5
164,2000-01-21,-4,4.3,70.3
164,2000-01-22,.5,2.9,78.1
164,2000-01-23,4.2,3,91.4
164,2000-01-24,1.1,7,64.9
164,2000-01-25,-1.9,8.3,57.4
164,2000-01-26,-3,6.8,76.8
164,2000-01-27,-4.5,4.5,73.8
164,2000-01-28,-1.8,2.6,78.8
164,2000-01-29,-.2,1.1,83.1
164,2000-01-30,-.7,7.4,72.6
164,2000-01-31,-2.6,7,68.3
164,2000-02-01,-3.1,3.7,73.8
164,2000-02-02,-.3,3,71.3
164,2000-02-03,.7,2.6,63.6
164,2000-02-04,.4,3.9,61.9
164,2000-02-05,1.4,1.8,84.4
164,2000-02-06,2.7,4.4,76.9
164,2000-02-07,1.8,4.5,72.1
164,2000-02-08,-2.8,9.6,74.4
164,2000-02-09,-1.1,5.8,66.3
164,2000-02-10,-.7,1.6,74.1
164,2000-02-11,1.5,1.9,81.6
164,2000-02-12,2.3,1.8,79.4
164,2000-02-13,3.5,2.9,79.9
164,2000-02-14,1.4,6,73.6
164,2000-02-15,-1.7,8,75
164,2000-02-16,-.5,6.4,61.9
164,2000-02-17,-.2,4.4,61.4
164,2000-02-18,-.2,2.6,69.5
164,2000-02-19,3,3.2,62.1
164,2000-02-20,1.8,6.9,61.5
164,2000-02-21,1,6.8,50.8
164,2000-02-22,.5,4.7,53.1
164,2000-02-23,2.9,3,63.3
164,2000-02-24,-.2,7.6,48.5
164,2000-02-25,-.9,4.1,55.1
164,2000-02-26,1.8,3.6,66.1
164,2000-02-27,4.3,4.7,52.5
164,2000-02-28,.1,7.1,49.6
164,2000-02-29,-.9,4.1,60.1
164,2000-03-01,1.6,3.1,65.6
164,2000-03-02,4.2,1.9,66.3
164,2000-03-03,7.4,1.8,67.4
164,2000-03-04,6.6,2.4,84.6
164,2000-03-05,3.3,3.7,79.3
164,2000-03-06,2.9,4,72.6
164,2000-03-07,1.2,6.8,45.9
164,2000-03-08,2.5,5.6,55.1
164,2000-03-09,1.8,2.9,52.9
164,2000-03-10,4.3,1.9,69.3
164,2000-03-11,5.2,2.4,75.4
164,2000-03-12,4.3,3.1,85
164,2000-03-13,4.6,2.1,76.8
164,2000-03-14,5.3,2.8,55.5
164,2000-03-15,6.2,3,71.3
164,2000-03-16,4.6,6.6,81
164,2000-03-17,6.6,2.4,73
164,2000-03-18,8.9,4,63.5
164,2000-03-19,5,5.7,79.3
164,2000-03-20,5.4,2.2,77.9
164,2000-03-21,7.5,3.2,74.6
164,2000-03-22,9.3,3.3,65.1
164,2000-03-23,6.8,2.9,75.8
164,2000-03-24,5.9,6.4,50.6
164,2000-03-25,6.7,4.9,62.1
164,2000-03-26,8.5,2.9,81.4
164,2000-03-27,12,6.7,68.9
164,2000-03-28,8,5.5,76.3
164,2000-03-29,6.3,6.4,63
164,2000-03-30,8.4,2.7,55.9
164,2000-03-31,9.7,4.5,59.8
164,2000-04-01,9.7,3.4,39.8
164,2000-04-02,12,2.7,45.8
164,2000-04-03,11.8,3.1,56.4
164,2000-04-04,12.2,2,57.1
164,2000-04-05,7.9,6.3,63.4
164,2000-04-06,7.2,2.9,56.8
164,2000-04-07,7.9,3.6,66.6
164,2000-04-08,7.6,2.6,52.8
164,2000-04-09,10.7,3.3,67
164,2000-04-10,6.5,9.5,54.4
164,2000-04-11,8.6,4.6,65
164,2000-04-12,10.8,4.8,76
164,2000-04-13,12.4,3.6,81.4
164,2000-04-14,10.2,4.5,59.4
164,2000-04-15,9.2,5.8,61.1
164,2000-04-16,11,3.2,57.5
164,2000-04-17,12.8,5.5,67
164,2000-04-18,14.7,4.8,62.9
164,2000-04-19,12.5,4,90.6
164,2000-04-20,13.8,3.8,73.8
164,2000-04-21,12.1,3.9,89.8
164,2000-04-22,10.4,4.1,79
164,2000-04-23,11.1,4.6,67
164,2000-04-24,12.3,2.8,52.3
164,2000-04-25,14.4,4.3,54.9
164,2000-04-26,11.4,3.9,82.9
164,2000-04-27,10.9,3.9,78.4
164,2000-04-28,11.3,2.2,72.4
164,2000-04-29,14.4,2.8,59.4
164,2000-04-30,14.1,2.4,75.3
164,2000-05-01,13.2,4.5,78
164,2000-05-02,11.8,3.7,73.9
164,2000-05-03,13.6,1.7,69.4
164,2000-05-04,15.7,3.5,59.9
164,2000-05-05,17.1,4.9,57.4
164,2000-05-06,12.2,3.4,81.3
164,2000-05-07,12.8,2,59.1
164,2000-05-08,14.7,2.2,51.8
164,2000-05-09,17.9,3.5,52.5
164,2000-05-10,15,5.8,80.8
164,2000-05-11,13.6,3.7,76.9
164,2000-05-12,14.6,2.4,77.4
164,2000-05-13,14.5,4,81.8
164,2000-05-14,15.2,1.7,78.4
164,2000-05-15,16.5,2.6,76.1
164,2000-05-16,15.3,2.8,80.8
164,2000-05-17,12.6,3.6,89.9
164,2000-05-18,14.9,2.1,85.6
164,2000-05-19,17.6,5.7,78
164,2000-05-20,14.2,3,82.8
164,2000-05-21,17.1,3,67.1
164,2000-05-22,19,4.9,74.6
164,2000-05-23,20.9,5,78.6
164,2000-05-24,21.2,2.6,73.1
164,2000-05-25,21.1,2.2,75.9
164,2000-05-26,18.9,4.7,84.9
164,2000-05-27,17,4.7,94.4
164,2000-05-28,16.6,3.6,82.4
164,2000-05-29,19.5,2.1,68.4
164,2000-05-30,16.1,1.8,87
164,2000-05-31,17.3,3.4,79
164,2000-06-01,18.5,2.1,73.8
164,2000-06-02,19.3,1.9,79.9
164,2000-06-03,21.4,2.8,78.9
164,2000-06-04,22.3,2.4,70.5
164,2000-06-05,21,3.2,68.6
164,2000-06-06,20.9,2.6,67.1
164,2000-06-07,21.9,2,56.5
164,2000-06-08,20,3.5,80.5
164,2000-06-09,19.7,2.2,83.6
164,2000-06-10,19.6,3.7,79.3
164,2000-06-11,19.5,2.6,81.4
164,2000-06-12,18.9,2.8,77
164,2000-06-13,19.5,1.9,77.3
164,2000-06-14,21.9,3.9,72.5
164,2000-06-15,22.3,3.1,66.8
164,2000-06-16,21.4,2.2,73
164,2000-06-17,22.1,3,70.9
164,2000-06-18,21.7,2.9,80.1
164,2000-06-19,22.3,2.7,82.8
164,2000-06-20,22.8,2.1,83.8
164,2000-06-21,23.7,1.9,75.3
164,2000-06-22,20.9,4,95.1
164,2000-06-23,21.4,3,90.1
164,2000-06-24,22.2,3,91.6
164,2000-06-25,22.9,2.9,88.8
164,2000-06-26,22.3,3.8,95.3
164,2000-06-27,21.9,5.1,95.8
164,2000-06-28,22.2,2.1,88.8
164,2000-06-29,22.9,3.9,81.3
164,2000-06-30,24.2,2.7,86.5
164,2000-07-01,24.4,3.1,87.8
164,2000-07-02,26.3,1.9,80.6
164,2000-07-03,26.1,2,79.4
164,2000-07-04,26.6,2,80.3
164,2000-07-05,25.5,2.3,81.9
164,2000-07-06,23.7,3.4,87.1
164,2000-07-07,25.2,2.8,83.5
164,2000-07-08,24.6,2.5,77
164,2000-07-09,24.5,2.3,75
164,2000-07-10,23.4,4.7,86.4
164,2000-07-11,24,6.6,83.9
164,2000-07-12,24.6,4.2,82
164,2000-07-13,24.9,3.9,83.4
164,2000-07-14,23.8,4,92.6
164,2000-07-15,24,4.2,91.4
164,2000-07-16,26.1,4.1,86.5
164,2000-07-17,26.9,3.1,81
164,2000-07-18,27.4,4,80.5
164,2000-07-19,27.5,4.6,83.6
164,2000-07-20,27.7,4.6,81.1
164,2000-07-21,27,5.1,83.9
164,2000-07-22,26.6,5.9,84.5
164,2000-07-23,24.9,5.7,91.9
164,2000-07-24,25.3,2.4,87.8
164,2000-07-25,25.2,1.7,82.5
164,2000-07-26,24.9,1.9,86.1
164,2000-07-27,26.7,1.8,78.5
164,2000-07-28,27.9,2.6,73.8
164,2000-07-29,28.9,2.9,73.3
164,2000-07-30,26.6,4.2,80.6
164,2000-07-31,25,3.9,76.8
164,2000-08-01,25.4,2.4,76.4
