174,2011-06-01,18.7,1.5,81.8
174,2011-06-02,20.3,1.6,77.1
174,2011-06-03,20,2,75
174,2011-06-04,20.9,1.7,71.6
174,2011-06-05,21.7,1.6,71.1
174,2011-06-06,21.3,1.3,69.5
174,2011-06-07,21.9,1.4,65.6
174,2011-06-08,21.7,1.9,58.4
174,2011-06-09,19.7,.9,84.8
174,2011-06-10,20.1,1.1,91.8
174,2011-06-11,21.3,1.1,77.3
174,2011-06-12,21,1.3,78
174,2011-06-13,21.1,2.4,71.6
174,2011-06-14,19.9,1.3,82.3
174,2011-06-15,19.9,1.6,79.5
174,2011-06-16,21.7,2.5,72.9
174,2011-06-17,21.1,1.4,77.1
174,2011-06-18,21.8,1.3,80.8
174,2011-06-19,22.3,1.7,73.9
174,2011-06-20,22.3,1.5,76.9
174,2011-06-21,24,1.5,67.8
174,2011-06-22,23.1,1.6,92.8
174,2011-06-23,26,2.5,83
174,2011-06-24,26.1,2.4,84.8
174,2011-06-25,22.7,3.1,93.9
174,2011-06-26,21.9,5.3,86.6
174,2011-06-27,22.3,2.2,82.1
174,2011-06-28,22.2,1.2,88.5
174,2011-06-29,25,1.9,86.9
174,2011-06-30,23.7,1.6,90.3
174,2011-07-01,25.3,1.4,88
174,2011-07-02,26,1.6,84.5
174,2011-07-03,25.4,1.8,90.4
174,2011-07-04,24.6,2.1,73.8
174,2011-07-05,24.2,2.2,75
174,2011-07-06,21,1.1,95.4
174,2011-07-07,23,1.8,93.6
174,2011-07-08,26.2,2.6,85.3
174,2011-07-09,22.5,1.1,97.6
174,2011-07-10,23.6,1.1,97.8
174,2011-07-11,25.3,1.8,86.6
174,2011-07-12,24.8,2.5,92.3
174,2011-07-13,25.4,2.2,90.3
174,2011-07-14,25.8,2.7,90
174,2011-07-15,26.5,1.5,86.8
174,2011-07-16,25.8,1.3,88.1
174,2011-07-17,26.1,1,79.6
174,2011-07-18,26.9,1.4,76.3
174,2011-07-19,28.5,1.4,65.5
174,2011-07-20,27.4,1.3,75.4
174,2011-07-21,23.3,1.5,92.3
174,2011-07-22,22.7,1.2,87.4
174,2011-07-23,24.9,1,88.3
174,2011-07-24,24.8,1.2,89.6
174,2011-07-25,24.6,1.8,80.5
174,2011-07-26,25.8,2,91.9
174,2011-07-27,27.3,2,84.6
174,2011-07-28,26.5,1.4,86.4
174,2011-07-29,26.6,1,86.3
174,2011-07-30,26.5,.9,84
174,2011-07-31,26.1,1.6,85
174,2011-08-01,24.9,1.2,95.5
174,2011-08-02,26.8,1.9,82.9
174,2011-08-03,26.5,1.8,83.9
174,2011-08-04,27.1,1,79.8
174,2011-08-05,27.4,1.8,75.8
174,2011-08-06,27.7,2.7,76.9
174,2011-08-07,26.4,7,83.5
174,2011-08-08,26.1,3.5,81.8
174,2011-08-09,25.5,1.2,92.8
174,2011-08-10,25.8,.8,92.8
174,2011-08-11,26,.8,90.3
174,2011-08-12,26.6,1.4,86.3
174,2011-08-13,25.1,2.5,88.3
174,2011-08-14,25.7,1.1,88.4
174,2011-08-15,25,1,89.5
174,2011-08-16,25.8,1.3,89.4
174,2011-08-17,26.6,1.8,88
174,2011-08-18,25,1.8,84.4
174,2011-08-19,23.2,1,90.3
174,2011-08-20,19.7,.8,95.6
174,2011-08-21,21.6,.9,85.1
174,2011-08-22,20.2,.3,95.3
174,2011-08-23,19.6,.6,96.1
174,2011-08-24,22,.5,89.4
174,2011-08-25,22.5,.9,90.8
174,2011-08-26,24,1.1,85.1
174,2011-08-27,24.5,1.4,85.5
174,2011-08-28,24.8,1.2,82.8
174,2011-08-29,26.3,1,82
174,2011-08-30,26.5,.9,84.5
174,2011-08-31,26.9,1.1,83.3
174,2011-09-01,27.2,1.9,74.5
174,2011-09-02,26.2,1.7,75.1
174,2011-09-03,25.4,1.8,77.4
174,2011-09-04,22.8,1,83.4
174,2011-09-05,23.6,1.9,71.3
174,2011-09-06,21.6,1.5,71.4
174,2011-09-07,20.6,1.4,71
174,2011-09-08,22.1,.9,76.8
174,2011-09-09,22.1,1.1,81.1
174,2011-09-10,20.3,1,94.1
174,2011-09-11,22.7,.9,91.6
174,2011-09-12,25.1,1.1,85.6
174,2011-09-13,24.7,1,83.8
174,2011-09-14,24.4,1,81.1
174,2011-09-15,24.4,.7,82.4
174,2011-09-16,25.6,1.2,79.5
174,2011-09-17,26.3,1.4,80.8
174,2011-09-18,23.4,2.3,86.8
174,2011-09-19,18.9,.7,84.3
174,2011-09-20,17.6,1.2,79.9
174,2011-09-21,16.3,1.5,72.3
174,2011-09-22,16.7,1.5,64.3
174,2011-09-23,16.8,1.2,73.8
174,2011-09-24,17.3,1,74.8
174,2011-09-25,17.2,1,75.9
174,2011-09-26,17.4,.9,74.4
174,2011-09-27,17.2,1,78
174,2011-09-28,18.2,.6,83.3
174,2011-09-29,18.8,.8,94.4
174,2011-09-30,17.2,3.8,60.3
174,2011-10-01,13.8,3.5,62.5
174,2011-10-02,13.5,3,52.6
174,2011-10-03,11.8,1.4,62.3
174,2011-10-04,12.6,.8,74.9
174,2011-10-05,15.6,1.3,68.6
174,2011-10-06,16.2,3.3,61.1
174,2011-10-07,14.1,1.7,69.4
174,2011-10-08,13.9,.8,73.8
174,2011-10-09,14.8,.9,78
174,2011-10-10,16.1,.9,78.8
174,2011-10-11,16.5,1.4,71.5
174,2011-10-12,15.4,.9,78.1
174,2011-10-13,17.5,1.1,68.4
174,2011-10-14,14.9,.7,94.6
174,2011-10-15,16.6,2.5,71.3
174,2011-10-16,13.9,2,71.9
174,2011-10-17,13.5,2.6,58.1
174,2011-10-18,11.1,1.9,57.3
174,2011-10-19,12.3,1.1,79.8
174,2011-10-20,14,.9,79.1
174,2011-10-21,15.9,1.1,85.4
174,2011-10-22,15.7,2.3,85.4
174,2011-10-23,13.8,.7,87.8
174,2011-10-24,13.4,1.7,89
174,2011-10-25,9,3.4,45.3
174,2011-10-26,7.3,.9,72.3
174,2011-10-27,10,.9,80.9
174,2011-10-28,12.2,.7,78.4
174,2011-10-29,13.8,.8,77
174,2011-10-30,14,1.6,81.5
174,2011-10-31,12.3,.7,71.5
174,2011-11-01,13.8,1.2,76.6
174,2011-11-02,16.5,.5,84.3
174,2011-11-03,18.7,.9,80.3
174,2011-11-04,18.6,1.5,80.9
174,2011-11-05,19.6,1.6,85.4
174,2011-11-06,17.9,.5,95
174,2011-11-07,17,1.2,86.6
174,2011-11-08,15.7,1.7,78.5
174,2011-11-09,14,1,83
174,2011-11-10,13.4,1.6,72.3
174,2011-11-11,11.9,1.2,90.5
174,2011-11-12,12,2.2,76
174,2011-11-13,11.4,1.7,67.9
174,2011-11-14,8.5,3.5,54.3
174,2011-11-15,7.3,1.8,57.8
174,2011-11-16,8.2,.6,66.3
174,2011-11-17,10.4,1.1,80.5
174,2011-11-18,14.7,.7,95.4
174,2011-11-19,12.9,3,81.9
174,2011-11-20,4.5,4.4,50.3
174,2011-11-21,3.2,2.3,57.9
174,2011-11-22,4,.8,68.3
174,2011-11-23,6.1,3.7,72.6
174,2011-11-24,3,3.3,50.6
174,2011-11-25,2,1.6,71.5
174,2011-11-26,4.3,.7,79.6
174,2011-11-27,8.9,.7,84.9
174,2011-11-28,13,.5,88.1
174,2011-11-29,14.2,1.1,85.8
174,2011-11-30,11.4,1.5,92
174,2011-12-01,6.8,.5,86.8
174,2011-12-02,7,1.3,82.1
174,2011-12-03,7.6,3.1,73.5
174,2011-12-04,5.1,2.8,69.6
174,2011-12-05,3.6,2.5,54.1
174,2011-12-06,6,1.7,60.6
174,2011-12-07,6.8,2.6,50.1
174,2011-12-08,3.6,4.1,64.6
174,2011-12-09,-.6,3.4,69.3
174,2011-12-10,.1,2.3,66.5
174,2011-12-11,3.9,2.9,64.5
174,2011-12-12,5.1,2.1,66.9
174,2011-12-13,2.8,.8,65.5
174,2011-12-14,4.7,1.6,64.6
174,2011-12-15,.9,3.8,51.3
174,2011-12-16,-3,3.3,63.5
174,2011-12-17,-2.2,3.6,61
174,2011-12-18,.1,2.1,76.4
174,2011-12-19,.4,2.6,59.5
174,2011-12-20,1.1,2.2,58.1
174,2011-12-21,1.8,1,77.1
174,2011-12-22,-.7,4,49.6
174,2011-12-23,-3.9,3.6,41.9
174,2011-12-24,-3.4,2.7,62.1
174,2011-12-25,-2.7,3.7,57.6
174,2011-12-26,-3.3,3.3,45.3
174,2011-12-27,-2.4,2.6,37
174,2011-12-28,-1.3,.8,57.3
174,2011-12-29,.3,2.8,63.8
174,2011-12-30,-1,3,51.3
174,2011-12-31,-.2,3.2,60.8
174,2012-01-01,.6,3.4,73.6
174,2012-01-02,-2.1,3.1,63.4
174,2012-01-03,-.7,3.1,72.5
174,2012-01-04,-3.2,3.8,71.8
174,2012-01-05,-2.8,3.4,64.3
174,2012-01-06,-1,3.2,59.6
174,2012-01-07,-2.7,2.5,54.6
174,2012-01-08,-1.9,2.5,57
174,2012-01-09,1.5,2.8,59
174,2012-01-10,1.1,3.2,56
174,2012-01-11,-2.1,3.8,55.3
174,2012-01-12,-2.4,3,58
174,2012-01-13,.2,2.1,67
174,2012-01-14,.5,3,38
174,2012-01-15,1,2.1,49.3
174,2012-01-16,3.1,.8,62.8
174,2012-01-17,3.4,.6,78.8
174,2012-01-18,3.7,.8,84
174,2012-01-19,4.8,1,93.3
174,2012-01-20,6.1,1,82.8
174,2012-01-21,4.1,2,88.5
174,2012-01-22,-1.6,4.9,57.8
174,2012-01-23,-5.8,4,50.3
174,2012-01-24,-6.1,1.8,69.5
174,2012-01-25,-5.6,3,66.9
174,2012-01-26,-3.5,1.2,66.3
174,2012-01-27,.6,1.1,70.4
174,2012-01-28,1.6,1.7,47.9
174,2012-01-29,.9,2.5,28.3
174,2012-01-30,-1.3,3.2,22.9
174,2012-01-31,-.6,2.2,58.9
174,2012-02-01,-4.6,5,64
174,2012-02-02,-8.7,4.3,54.1
174,2012-02-03,-5.5,2.8,65.6
174,2012-02-04,-2.3,1.6,67.9
174,2012-02-05,-1.3,.6,80.6
174,2012-02-06,.2,.9,91.4
174,2012-02-07,-4.1,5.2,60.6
174,2012-02-08,-6,3,63
174,2012-02-09,-2.7,2.5,58.1
174,2012-02-10,-1,2.4,55.4
174,2012-02-11,-1.5,3.2,42.5
174,2012-02-12,-.1,1.1,42.4
174,2012-02-13,1.7,.7,75.9
174,2012-02-14,3.6,1.6,85.4
174,2012-02-15,3.2,3.8,43.5
174,2012-02-16,.8,4.2,29.9
174,2012-02-17,-3.5,4.1,57.3
174,2012-02-18,-5.1,4.1,54.3
174,2012-02-19,-2.7,3.4,49.5
174,2012-02-20,-.3,1.6,41.9
174,2012-02-21,-.8,.8,72.5
174,2012-02-22,4.1,1.1,81.5
174,2012-02-23,6.3,3.2,66.5
174,2012-02-24,4.3,1.3,70.5
174,2012-02-25,2.1,3.5,71.4
174,2012-02-26,-.3,3.2,51.6
174,2012-02-27,.2,2.5,41.9
174,2012-02-28,.8,.5,76
174,2012-02-29,4,.9,76.9
174,2012-03-01,6.5,1.1,67.3
174,2012-03-02,5.9,1,91.6
174,2012-03-03,7,1.7,73.8
174,2012-03-04,5.4,2.2,83.1
174,2012-03-05,5.8,1.7,93.6
174,2012-03-06,5.3,2.8,76
174,2012-03-07,5.2,2.9,59.6
174,2012-03-08,5,2.9,46.9
174,2012-03-09,5.2,2.6,45
174,2012-03-10,4.7,2.9,49.9
174,2012-03-11,-.4,4.6,48.4
174,2012-03-12,-.5,3.6,40
174,2012-03-13,1.4,2.1,50.4
174,2012-03-14,3.7,1.9,59.5
174,2012-03-15,7.7,2.6,51.1
174,2012-03-16,7,1.7,83.8
174,2012-03-17,10.4,2.3,84
174,2012-03-18,7.9,3.3,76.8
174,2012-03-19,4.8,3,55.5
174,2012-03-20,4.3,4.1,33.3
174,2012-03-21,5.6,2.4,41.5
174,2012-03-22,3.9,1.1,78.4
174,2012-03-23,6.5,2.3,89.9
174,2012-03-24,4.9,5.1,50.5
174,2012-03-25,4,4.2,38.5
174,2012-03-26,4.5,3.1,43.6
174,2012-03-27,8,1.9,50.3
174,2012-03-28,10.9,1.9,52.8
174,2012-03-29,10.5,1.5,75.1
174,2012-03-30,12.3,1.9,85.6
174,2012-03-31,6.5,4.5,42.4
174,2012-04-01,5.5,2.5,42.9
174,2012-04-02,8.8,2.4,78.5
174,2012-04-03,7.1,5.8,59.9
174,2012-04-04,8.4,3.6,46.9
174,2012-04-05,9.1,3.5,37.4
174,2012-04-06,6.7,3.7,33.8
174,2012-04-07,7.4,3.4,36.3
174,2012-04-08,12.7,2.2,49.6
174,2012-04-09,16.6,1.9,57.1
174,2012-04-10,11.8,2.1,86.9
174,2012-04-11,13.2,2.7,79.3
174,2012-04-12,11.4,3.7,39.8
174,2012-04-13,10.2,1.9,58.9
174,2012-04-14,14,2.6,56.8
174,2012-04-15,15.3,1.7,52.8
174,2012-04-16,15.1,2.9,45.9
174,2012-04-17,11.9,1.6,63.6
174,2012-04-18,13.1,1.7,59.6
174,2012-04-19,10.8,.9,81.8
174,2012-04-20,13.7,2.7,77
174,2012-04-21,13.8,6.2,86.5
174,2012-04-22,11.7,2.7,79.8
174,2012-04-23,15,1.5,73.3
174,2012-04-24,16.7,1.6,75.9
174,2012-04-25,14.5,3.1,86.3
174,2012-04-26,11.8,4.1,49.5
174,2012-04-27,11.7,1.5,54.9
174,2012-04-28,13.9,1.5,66.9
174,2012-04-29,14.6,1.1,83
174,2012-04-30,16.7,3.1,73.8
174,2012-05-01,16.9,1.4,82.4
174,2012-05-02,19.2,1,81.1
174,2012-05-03,18.5,2,71.9
174,2012-05-04,20.5,2.6,55.1
174,2012-05-05,19.5,3,52
174,2012-05-06,17.9,2.4,43.9
174,2012-05-07,19,1.6,56.1
174,2012-05-08,20.1,2.1,60.3
174,2012-05-09,20.2,2.4,63.6
174,2012-05-10,16.1,1.6,81.1
174,2012-05-11,14.5,2.1,71.6
174,2012-05-12,14.3,2.4,66.4
174,2012-05-13,14.6,.8,72.9
174,2012-05-14,15.5,.7,90.9
174,2012-05-15,17.6,2.6,63.6
174,2012-05-16,17.4,1.7,66.5
174,2012-05-17,16.5,3.1,57.6
174,2012-05-18,16.3,2,61.6
174,2012-05-19,15.1,.9,69.9
174,2012-05-20,17.7,1.3,65.4
174,2012-05-21,18.3,1.6,64.4
174,2012-05-22,18.9,1.2,61.9
174,2012-05-23,20.4,1.3,59.6
174,2012-05-24,19.6,1.3,66.1
174,2012-05-25,18.9,1.1,74
174,2012-05-26,19.2,1.3,52.5
174,2012-05-27,19.4,1.7,49.9
174,2012-05-28,19.5,1.4,64.1
174,2012-05-29,21.2,1.2,62
174,2012-05-30,18.4,1.2,79.8
174,2012-05-31,19.8,1.3,73.1
174,2012-06-01,19.8,1.2,75.6
174,2012-06-02,19.5,1.4,75.1
174,2012-06-03,20.3,1.4,68
174,2012-06-04,20.6,1,72.5
174,2012-06-05,22,1.2,69
174,2012-06-06,22.3,2.8,68.3
174,2012-06-07,22.3,1.8,71.4
174,2012-06-08,19.9,1,85.1
174,2012-06-09,21.4,1.8,75.9
174,2012-06-10,21.1,1.6,72.5
174,2012-06-11,21,1.5,72.6
174,2012-06-12,22.5,1.6,71.3
174,2012-06-13,21.9,1.7,73.1
174,2012-06-14,21.9,2.5,66.4
174,2012-06-15,19.1,1.3,83.6
174,2012-06-16,21.8,1.2,74.4
174,2012-06-17,22.3,1.5,71.3
174,2012-06-18,19.8,1,86.4
174,2012-06-19,22,1.6,78.8
174,2012-06-20,20.4,1.3,84
174,2012-06-21,22,1.2,79.3
174,2012-06-22,22.4,1.3,80
174,2012-06-23,21.5,1.3,79.6
174,2012-06-24,20.3,1,85.5
174,2012-06-25,21.4,1.6,65.4
174,2012-06-26,20,1.6,71.4
174,2012-06-27,21.2,2.1,71.6
174,2012-06-28,22.5,1.5,71.8
174,2012-06-29,21.2,1.7,84.1
174,2012-06-30,23.9,1.5,88.1
174,2012-07-01,23.3,2.4,75.4
174,2012-07-02,23.8,1.7,74.1
174,2012-07-03,24.5,1.5,76.5
174,2012-07-04,24.6,1.3,78.5
174,2012-07-05,24.2,.9,88.8
174,2012-07-06,24.6,2,84.1
174,2012-07-07,22.3,1.6,83.6
174,2012-07-08,24.4,1.2,75.4
174,2012-07-09,24.5,1,76.5
174,2012-07-10,22.3,2.4,83.4
174,2012-07-11,24.3,1.6,91
174,2012-07-12,25.5,1.2,79.3
174,2012-07-13,25.1,1.5,82.9
174,2012-07-14,23.5,1.2,90.6
174,2012-07-15,25,1.7,85
174,2012-07-16,23.8,1.9,82.6
174,2012-07-17,23.4,.8,90.1
174,2012-07-18,26.1,4.1,81.1
174,2012-07-19,25.6,2.7,86.3
174,2012-07-20,26.6,1.2,79
174,2012-07-21,26.3,1,78.8
174,2012-07-22,25.8,1.6,81.9
174,2012-07-23,26.9,1.3,79.9
174,2012-07-24,27.4,1.3,76.6
174,2012-07-25,28.1,1,74
174,2012-07-26,27.7,1.1,73.4
174,2012-07-27,26.8,.9,79.6
174,2012-07-28,28.2,1.2,74.1
174,2012-07-29,27.7,1.1,76.5
174,2012-07-30,27.3,1.3,76.5
174,2012-07-31,27.9,.5,76.1
174,2012-08-01,29.3,1.8,62.3
174,2012-08-02,28.2,3.6,68.4
174,2012-08-03,27.9,3,69.3
174,2012-08-04,27.4,1.4,71.8
174,2012-08-05,28.3,.5,71.4
174,2012-08-06,28.3,1.1,74
174,2012-08-07,27.4,1.3,74.1
174,2012-08-08,26,1.5,69.8
174,2012-08-09,26.7,.5,76.9
174,2012-08-10,25,.7,84.3
174,2012-08-11,26.2,1.3,76.3
174,2012-08-12,27.4,1,79.3
174,2012-08-13,25.4,.6,93.1
174,2012-08-14,24.9,1.4,87.5
174,2012-08-15,27.6,1.7,79
174,2012-08-16,25.8,.9,86.6
174,2012-08-17,27.4,1.5,82.1
174,2012-08-18,27.1,1.3,83.4
174,2012-08-19,27.6,1.7,79.5
174,2012-08-20,26.5,.9,87.1
174,2012-08-21,25.4,1.3,88.8
174,2012-08-22,24.3,1.1,91.1
174,2012-08-23,23,.9,93.9
174,2012-08-24,23.2,2.4,92
174,2012-08-25,25.9,1.1,82.6
174,2012-08-26,26.1,1.8,76.3
174,2012-08-27,26.9,4.5,68.8
174,2012-08-28,24.2,8.2,85.9
174,2012-08-29,23.7,.7,87.4
174,2012-08-30,22.6,4.2,86
174,2012-08-31,22.6,2.5,69.9
174,2012-09-01,22.8,.9,76.3
174,2012-09-02,23.1,.7,78.3
174,2012-09-03,22.3,1.1,82.9
174,2012-09-04,23.9,.8,84
174,2012-09-05,23.4,1.7,77.1
174,2012-09-06,21.1,1.7,66.8
174,2012-09-07,21.6,1.7,82.8
174,2012-09-08,22.6,2.1,78.8
174,2012-09-09,19.3,1.2,89.9
174,2012-09-10,21.6,1.4,78.8
174,2012-09-11,20.7,1,79.9
174,2012-09-12,21.5,.8,80.8
174,2012-09-13,21.2,1,89.3
174,2012-09-14,19.7,2.6,82.9
174,2012-09-15,20.1,1.1,82.6
174,2012-09-16,19.4,1.2,93.1
174,2012-09-17,19,4.7,87
174,2012-09-18,19.8,1.6,76.8
174,2012-09-19,18,1.3,76.3
174,2012-09-20,17.8,1.2,75.4
174,2012-09-21,17.8,.7,77.8
174,2012-09-22,17.8,.9,77.5
174,2012-09-23,19.1,1.1,75.9
174,2012-09-24,18.5,.7,82
174,2012-09-25,17.9,.9,75.3
174,2012-09-26,17,.6,75.8
174,2012-09-27,18.2,.9,77.3
174,2012-09-28,18.4,1.4,77.4
174,2012-09-29,16.3,2.1,68.5
174,2012-09-30,15.8,2.5,69.3
174,2012-10-01,16,1,74.4
174,2012-10-02,,.5,
174,2012-10-03,16.8,.8,79.8
174,2012-10-04,16.6,1.1,75.9
174,2012-10-05,16.4,1.1,83.3
174,2012-10-06,16.8,1.2,77.3
174,2012-10-07,15.9,.7,78.9
174,2012-10-08,14.5,.6,77.6
174,2012-10-09,14,.7,80.1
174,2012-10-10,15.1,1.5,79.4
174,2012-10-11,13.5,2.3,64.3
174,2012-10-12,12.3,.7,72.4
174,2012-10-13,13.5,.6,74.9
174,2012-10-14,15.3,1,74.9
174,2012-10-15,14.4,1.5,65
174,2012-10-16,13.7,1.2,79.8
174,2012-10-17,13.3,2.6,74.4
174,2012-10-18,11.4,2.5,48
174,2012-10-19,10.9,1.2,74.4
174,2012-10-20,11.4,.5,81.5
174,2012-10-21,12.9,.7,72.4
174,2012-10-22,14.3,1.9,85.6
174,2012-10-23,10.8,2.8,61.9
174,2012-10-24,10.3,1,73.9
174,2012-10-25,12.5,.6,77.6
174,2012-10-26,13.9,.9,77.4
174,2012-10-27,15.5,1,93.6
174,2012-10-28,15.3,2.8,67.4
174,2012-10-29,12.1,1.7,70.4
174,2012-10-30,11.2,3.2,63.5
174,2012-10-31,8.3,2.2,65.4
174,2012-11-01,7.6,2.8,55.8
174,2012-11-02,6.6,1.7,64.9
174,2012-11-03,7.1,.8,75.9
174,2012-11-04,11.1,2,86.1
174,2012-11-05,8.8,1.3,83.9
174,2012-11-06,10,2.8,75.5
174,2012-11-07,11.2,2.5,65.5
174,2012-11-08,11.1,2.2,70.3
174,2012-11-09,9.7,.8,81.6
174,2012-11-10,12.8,4.6,65
174,2012-11-11,10.7,3.4,73.3
174,2012-11-12,9.4,3.5,54.8
174,2012-11-13,8,2.5,65.9
174,2012-11-14,5.3,3.1,76.9
174,2012-11-15,5.2,1.9,67.3
174,2012-11-16,6.4,.5,85
174,2012-11-17,8.2,3.5,70.9
174,2012-11-18,5.8,2.1,63.4
174,2012-11-19,5.2,2.7,74
174,2012-11-20,3.8,2.6,59.4
174,2012-11-21,3.8,.4,75.4
174,2012-11-22,6.5,.7,71.1
174,2012-11-23,7.2,3.6,61.8
174,2012-11-24,3.5,2.7,61.5
174,2012-11-25,3.3,.9,74.3
174,2012-11-26,4.3,3.8,73.8
174,2012-11-27,1.9,1.4,73.8
174,2012-11-28,6.7,1.9,71.5
174,2012-11-29,3.9,2.1,57.3
174,2012-11-30,3.7,2,49
174,2012-12-01,1.5,1.8,53.5
174,2012-12-02,3,.6,87.8
174,2012-12-03,2.8,1.8,89
174,2012-12-04,1.6,3.5,67.4
174,2012-12-05,1.5,2.3,76.1
174,2012-12-06,-2.7,2,80.1
174,2012-12-07,-.8,1,95.3
174,2012-12-08,-1.1,2.6,80.9
174,2012-12-09,-3.7,2.8,71.8
174,2012-12-10,-2.8,2.5,65.8
174,2012-12-11,-1.3,2.8,66.1
174,2012-12-12,-1.3,2.3,60.9
174,2012-12-13,-.4,.5,72
174,2012-12-14,5.4,.5,97.9
174,2012-12-15,7.9,2.5,87.4
174,2012-12-16,3.4,1.1,81.1
174,2012-12-17,3.6,3.3,74
174,2012-12-18,-1.9,4.5,58.6
174,2012-12-19,-2.7,3.5,56.9
174,2012-12-20,-.9,2.5,51.9
174,2012-12-21,2.3,.8,93.3
174,2012-12-22,1.6,3.9,72.9
174,2012-12-23,-3.4,3.8,67
174,2012-12-24,-5.4,1.6,73.1
174,2012-12-25,-2.8,2.8,73.3
174,2012-12-26,-5.9,3,38.8
174,2012-12-27,-2.1,.9,51.4
174,2012-12-28,.6,1.6,87.6
174,2012-12-29,.6,1.2,87.9
174,2012-12-30,-2.8,4,70.5
174,2012-12-31,-4.7,2,71.8
174,2013-01-01,-3.1,.9,80.8
174,2013-01-02,-3.4,3.3,61.5
174,2013-01-03,-7.7,3.5,54
174,2013-01-04,-6.4,3.4,45.4
174,2013-01-05,-3.4,3.2,48.3
174,2013-01-06,-1.2,2.8,49.6
174,2013-01-07,-1.8,3,41.1
174,2013-01-08,-.6,2.9,43.4
174,2013-01-09,-4.4,3.3,50
174,2013-01-10,-5,2.8,46
174,2013-01-11,-4.3,.8,56.8
174,2013-01-12,.4,1.2,71
174,2013-01-13,-1.1,.4,79
174,2013-01-14,.3,2.9,63.5
174,2013-01-15,-1.3,.8,69
174,2013-01-16,.3,2.4,68.9
174,2013-01-17,-2.5,3.9,60.6
174,2013-01-18,-1.8,3.2,54.5
174,2013-01-19,1,2.3,62.4
174,2013-01-20,2.4,1.5,68.9
174,2013-01-21,5.3,1.3,91.9
174,2013-01-22,3.7,2.3,84.8
174,2013-01-23,2.4,1.6,86.5
174,2013-01-24,1.3,2.8,72
174,2013-01-25,-3.3,4.7,59.4
174,2013-01-26,-4.3,4,54.9
174,2013-01-27,-3.5,3.4,63.1
174,2013-01-28,-1.4,2.3,65.3
174,2013-01-29,.8,.7,76.4
174,2013-01-30,3.2,.7,73.3
174,2013-01-31,6.1,1.6,73.8
174,2013-02-01,9.8,1.4,90.9
174,2013-02-02,2.9,4.5,55.8
174,2013-02-03,1.2,1.3,59.8
174,2013-02-04,3.6,2.6,79.8
174,2013-02-05,2.3,.6,86
174,2013-02-06,1,3.5,76.3
174,2013-02-07,-5.4,5,55
174,2013-02-08,-6.6,3,48.4
174,2013-02-09,-4,3.3,54.4
174,2013-02-10,-.6,3.3,60
174,2013-02-11,-1.2,2.8,45.6
174,2013-02-12,-1.6,1.8,71.9
174,2013-02-13,0,2.2,57.6
174,2013-02-14,2.9,.8,53.1
174,2013-02-15,1.9,3.9,41.6
174,2013-02-16,-1.1,2.7,41.4
174,2013-02-17,-.1,.3,78.4
174,2013-02-18,3.6,2.7,72.3
174,2013-02-19,-.4,4.2,38.8
174,2013-02-20,-1.3,4,37.9
174,2013-02-21,.2,2.2,47.6
174,2013-02-22,1.8,2.1,59
174,2013-02-23,.3,3.7,39.5
174,2013-02-24,2.5,2.1,44.3
174,2013-02-25,3.1,.9,46.4
174,2013-02-26,4.5,.4,68.5
174,2013-02-27,8.3,2.7,47.9
174,2013-02-28,7.4,1.5,56.3
174,2013-03-01,3.5,4,63.5
174,2013-03-02,.3,3.6,50.6
174,2013-03-03,1,3.3,50.6
174,2013-03-04,3.8,2.6,48.1
174,2013-03-05,4.7,2.1,43
174,2013-03-06,6,1.1,54.3
174,2013-03-07,7,1,80.5
174,2013-03-08,9.6,1.8,64.5
174,2013-03-09,11.8,1.7,60.1
174,2013-03-10,7.1,4.7,41
174,2013-03-11,4.6,1.8,53
174,2013-03-12,7.8,1.3,67.6
174,2013-03-13,7.1,3.5,80.5
174,2013-03-14,4.9,1.6,67
174,2013-03-15,6.5,1.8,58
174,2013-03-16,8.3,1.7,43.6
174,2013-03-17,7.4,1.5,74.3
174,2013-03-18,10.9,2.5,80.4
174,2013-03-19,11.8,1.6,64.6
174,2013-03-20,6.4,3.3,60.4
174,2013-03-21,2.5,2.7,47.6
174,2013-03-22,5.4,2.2,63.5
174,2013-03-23,7.4,2,54.3
174,2013-03-24,6.3,3,55.8
174,2013-03-25,3.3,4.1,50.1
174,2013-03-26,5.7,1.8,57
174,2013-03-27,10.1,1.3,60.6
174,2013-03-28,11.6,3.1,42.8
174,2013-03-29,7.9,3.5,39.8
174,2013-03-30,7.5,1.4,47.1
174,2013-03-31,8.2,2.4,62.9
174,2013-04-01,8.1,1.9,63.8
174,2013-04-02,6.1,3,73.8
174,2013-04-03,11.1,3.7,41.1
174,2013-04-04,11.9,1.8,44.8
174,2013-04-05,12,1.4,70.4
174,2013-04-06,8.4,3.2,85.4
174,2013-04-07,3.9,3.6,64
174,2013-04-08,8.4,2.9,45.5
174,2013-04-09,8.1,4.3,39
174,2013-04-10,3.9,3.2,50.5
174,2013-04-11,6.6,3.2,42.6
174,2013-04-12,4.9,2.2,48.9
174,2013-04-13,9,2,49
174,2013-04-14,10.8,3.4,45.5
174,2013-04-15,10.2,2,43.1
174,2013-04-16,15.3,2.1,70.9
174,2013-04-17,14.9,1.9,84.1
174,2013-04-18,13,2.8,59.1
174,2013-04-19,9.3,2.1,57.9
174,2013-04-20,6.3,1.4,79.8
174,2013-04-21,8.7,3,49.4
174,2013-04-22,11,1.9,41.4
174,2013-04-23,9.6,.6,89.6
174,2013-04-24,13.4,3,70
174,2013-04-25,10,2.9,72.1
174,2013-04-26,11.7,4,42.1
174,2013-04-27,10.6,1.6,60.8
174,2013-04-28,13.4,1.9,73
174,2013-04-29,14.3,1.7,78.1
174,2013-04-30,12.4,2.2,47.4
174,2013-05-01,11.1,1.8,61.5
174,2013-05-02,12.5,1.9,62.1
174,2013-05-03,12.5,2.2,57.4
174,2013-05-04,14.1,2.6,52.8
174,2013-05-05,15.6,2.4,42.3
174,2013-05-06,18.9,3.9,25.9
174,2013-05-07,14.9,1.7,60.8
174,2013-05-08,15.1,1.2,61.1
174,2013-05-09,16,1.2,76.9
174,2013-05-10,15.4,2.6,84.9
174,2013-05-11,17.2,2.3,60.4
174,2013-05-12,18,1.7,66.4
174,2013-05-13,18.3,1.2,62.8
174,2013-05-14,17.3,1.4,69.6
174,2013-05-15,19.2,1.4,66.6
174,2013-05-16,18,2.3,69.8
174,2013-05-17,15.2,2.1,67
174,2013-05-18,16.5,1.6,73.4
174,2013-05-19,17.6,2.3,84.8
174,2013-05-20,18.1,2.6,71.1
174,2013-05-21,16.7,1.4,61.1
174,2013-05-22,19.8,1.4,63.9
174,2013-05-23,21.3,1.3,67.3
174,2013-05-24,22,1.4,62.5
174,2013-05-25,20.9,1.4,71.1
174,2013-05-26,19.8,1.3,76.8
174,2013-05-27,18.3,4.2,84.5
174,2013-05-28,20.2,1.5,88.4
174,2013-05-29,18.3,1.8,81.5
174,2013-05-30,19.2,1.6,63.8
174,2013-05-31,18.2,.4,74.5
174,2013-06-01,19,1.1,79.1
174,2013-06-02,20,1.3,72.3
174,2013-06-03,20.5,1.3,70.3
174,2013-06-04,20.6,1.1,65
174,2013-06-05,20.8,1.2,70.3
174,2013-06-06,21.8,1.3,65.8
174,2013-06-07,20.8,1.5,76.5
174,2013-06-08,20.6,1.8,65.5
174,2013-06-09,21.4,3,63.4
174,2013-06-10,22.6,2.8,63.3
174,2013-06-11,21.3,1.4,77.8
174,2013-06-12,20.6,1.3,90.1
174,2013-06-13,22.2,1.7,80.1
174,2013-06-14,21.3,.9,87.6
174,2013-06-15,23.3,1.1,79.4
174,2013-06-16,24.3,1.8,68.5
174,2013-06-17,23.5,1.7,77
174,2013-06-18,23.1,1,90.1
174,2013-06-19,23.4,1.2,89
174,2013-06-20,24.7,1.3,77.6
174,2013-06-21,23.6,1.5,78.8
174,2013-06-22,22.5,1.2,79.3
174,2013-06-23,20.4,.6,87.8
174,2013-06-24,21.9,1.2,77.9
174,2013-06-25,20.5,1,87.3
174,2013-06-26,22.9,1.5,77.9
174,2013-06-27,21.9,1.2,83.1
174,2013-06-28,23.6,1.1,77
174,2013-06-29,23.6,1.3,75
174,2013-06-30,23.6,1.7,75.5
174,2013-07-01,24.2,1.5,78.1
174,2013-07-02,24.9,1.8,85.1
174,2013-07-03,24.4,1.5,88.4
174,2013-07-04,23.5,1.4,92.4
174,2013-07-05,24,1.8,90.3
174,2013-07-06,24.4,1.3,84
174,2013-07-07,23.2,1,92.1
174,2013-07-08,25.8,2.3,80.9
174,2013-07-09,25.4,1.8,83.9
174,2013-07-10,26,1.8,79
174,2013-07-11,26.3,1.4,75.4
174,2013-07-12,26,1.5,78.1
174,2013-07-13,27.1,1.7,78.4
174,2013-07-14,27.1,1.6,78.8
174,2013-07-15,26.2,1.9,79.8
174,2013-07-16,26.7,2.7,69.9
174,2013-07-17,25.5,1.6,76
174,2013-07-18,25,1.2,78.3
174,2013-07-19,25.6,1.3,78
174,2013-07-20,26.5,1.3,77.5
174,2013-07-21,26.1,1.4,82.6
174,2013-07-22,26.2,1.4,79.3
174,2013-07-23,25.4,1.4,86.3
174,2013-07-24,25,1,88.5
174,2013-07-25,24.9,1.3,82
174,2013-07-26,25.8,1.5,76.4
174,2013-07-27,25.7,1,77.1
174,2013-07-28,26.6,1.1,84.5
174,2013-07-29,25.5,.5,91.8
174,2013-07-30,27.4,.8,85.1
174,2013-07-31,27.6,1.1,80
174,2013-08-01,27.1,1.3,83.8
174,2013-08-02,26.3,1.4,84.3
174,2013-08-03,26.6,.9,82.8
174,2013-08-04,26.8,1.1,79.9
174,2013-08-05,25.6,.7,83.3
174,2013-08-06,26.3,.9,82.9
174,2013-08-07,28.8,1,80.5
174,2013-08-08,29.1,.9,76.1
174,2013-08-09,29.2,1,75.4
174,2013-08-10,28.9,1.1,75.8
174,2013-08-11,28.5,1.1,74.6
174,2013-08-12,27.8,1.2,75.4
174,2013-08-13,27.2,1.3,74.3
174,2013-08-14,27.2,1.3,73.1
174,2013-08-15,26.9,1,75
174,2013-08-16,26.9,1,75.1
174,2013-08-17,26.6,1.1,76.1
174,2013-08-18,27.4,1.2,74.9
174,2013-08-19,27.7,1.1,77.9
174,2013-08-20,28.7,1.5,73.6
174,2013-08-21,28.2,1.5,75.3
174,2013-08-22,27.1,1.1,83.1
174,2013-08-23,25,.8,93
174,2013-08-24,24.2,.5,95.8
174,2013-08-25,24.4,1.2,81.4
174,2013-08-26,24.2,1,79.3
174,2013-08-27,24.3,1.2,75
174,2013-08-28,23.9,1,80.4
174,2013-08-29,25.2,1.6,83.9
174,2013-08-30,24.1,1.4,85.4
174,2013-08-31,23.2,2.4,71.5
174,2013-09-01,23.2,.9,77
174,2013-09-02,21.9,1.1,72.8
174,2013-09-03,18.6,1.8,74
174,2013-09-04,18.8,1.2,70.5
174,2013-09-05,18.9,.6,81.8
174,2013-09-06,17.8,.6,92.4
174,2013-09-07,20.5,.9,84.6
174,2013-09-08,20.8,1.1,78.4
174,2013-09-09,20.8,.9,78.4
174,2013-09-10,21.9,.9,76.8
174,2013-09-11,22.2,.8,88.8
174,2013-09-12,22.6,.7,84.9
174,2013-09-13,24.7,1.2,83.4
174,2013-09-14,21.9,1,92.9
174,2013-09-15,23.3,2.8,71.9
174,2013-09-16,20.3,1.8,68.1
174,2013-09-17,20,.7,78.1
174,2013-09-18,21.3,.8,76.6
174,2013-09-19,21,1.1,77.5
174,2013-09-20,21.1,.9,80.5
174,2013-09-21,22.1,.7,78
174,2013-09-22,22.2,1.4,75.3
174,2013-09-23,21.6,1.2,77.5
174,2013-09-24,22,1.4,81
174,2013-09-25,19.1,3.2,72.4
174,2013-09-26,16,2.1,57.3
174,2013-09-27,16.2,.8,73.1
174,2013-09-28,18.1,1.1,84.6
174,2013-09-29,19.7,.5,96.5
174,2013-09-30,21.4,1.1,85.9
174,2013-10-01,21.6,1,81.4
174,2013-10-02,18.8,2,81.1
174,2013-10-03,15.2,2.3,68.9
174,2013-10-04,14.4,.9,74
174,2013-10-05,15.9,.7,81
174,2013-10-06,20.8,1.4,83.5
174,2013-10-07,22.5,1,82.5
174,2013-10-08,20.9,1.2,92.5
174,2013-10-09,19.4,1.1,91.1
174,2013-10-10,20.5,.4,92.4
174,2013-10-11,17.7,2.6,72.1
174,2013-10-12,14.7,2,61.4
174,2013-10-13,14.2,.7,73.6
174,2013-10-14,16.8,.7,77.4
174,2013-10-15,16.3,2.6,76
174,2013-10-16,11.2,1.9,70.3
174,2013-10-17,10.4,.4,78.8
174,2013-10-18,11.7,.5,80.4
174,2013-10-19,13.4,.7,82.6
174,2013-10-20,15.8,1.8,73.9
174,2013-10-21,15,1.7,75.6
174,2013-10-22,14.1,.7,76.6
174,2013-10-23,13.7,.7,78.5
174,2013-10-24,14.1,2.5,68.1
174,2013-10-25,11.3,3.8,49.4
174,2013-10-26,10.4,2.9,63.3
174,2013-10-27,9.2,1.3,71
174,2013-10-28,9.2,.6,74.3
174,2013-10-29,10,1.2,73.3
174,2013-10-30,11.9,1.9,67.4
174,2013-10-31,11,.7,79.5
174,2013-11-01,12.6,1.1,80.8
174,2013-11-02,15.2,.9,81.3
174,2013-11-03,14.7,1.2,77.8
174,2013-11-04,10.9,1.6,77.3
174,2013-11-05,9.9,.7,76.4
174,2013-11-06,12.7,.6,83.4
174,2013-11-07,11.5,2,67.3
174,2013-11-08,9.2,1.6,62.3
174,2013-11-09,10.4,.5,89.8
174,2013-11-10,9.5,3.9,62.4
174,2013-11-11,5.8,3.8,47.8
174,2013-11-12,5.7,3.3,53.1
174,2013-11-13,4.6,1.4,65.5
174,2013-11-14,4.9,1,80.5
174,2013-11-15,8.1,1.3,76.4
174,2013-11-16,6,1.1,71.4
174,2013-11-17,6.7,2.8,60.4
174,2013-11-18,1.4,2.3,88.5
174,2013-11-19,3.6,3.1,68.3
174,2013-11-20,4.2,2.7,60.9
174,2013-11-21,4.9,2.7,61.4
174,2013-11-22,5.5,2.7,64.3
174,2013-11-23,5.3,1.9,71.5
174,2013-11-24,8.8,2.1,77.5
174,2013-11-25,7.2,4.6,67.8
174,2013-11-26,3.6,2.1,63.1
174,2013-11-27,1.2,2.9,84.3
174,2013-11-28,-1.1,1.6,83.1
174,2013-11-29,1.2,2,79.6
174,2013-11-30,2.5,1,80.3
174,2013-12-01,3.8,2,74.3
174,2013-12-02,3.5,2.7,67
174,2013-12-03,3.5,1.5,72.9
174,2013-12-04,4.1,1.4,75.4
174,2013-12-05,4.2,1.2,81.1
174,2013-12-06,5.1,2.7,54.8
174,2013-12-07,2,1.1,66.6
174,2013-12-08,4.2,.8,70.3
174,2013-12-09,5.8,1.8,82.3
174,2013-12-10,3.8,3.6,55.5
174,2013-12-11,1.8,2.8,64.4
174,2013-12-12,1.9,2,68.6
174,2013-12-13,-.7,3.3,71.1
174,2013-12-14,1.1,2,68.4
174,2013-12-15,1,2.8,50.6
174,2013-12-16,.2,.7,56.6
174,2013-12-17,3.7,.6,57.9
174,2013-12-18,5.5,2,67.6
174,2013-12-19,.3,4.1,67.8
174,2013-12-20,1,3.8,75.3
174,2013-12-21,.7,3.2,66.8
174,2013-12-22,.5,3,61.8
174,2013-12-23,1.3,3.3,60.8
174,2013-12-24,.5,2.7,52.9
174,2013-12-25,1.1,1.2,67.8
174,2013-12-26,2.7,2.9,65.8
174,2013-12-27,-1.6,4.1,57.9
174,2013-12-28,-2.8,2.8,63.1
174,2013-12-29,-3.8,1.2,81.4
174,2013-12-30,.7,1.1,71
174,2013-12-31,3.5,2.3,64.4
174,2014-01-01,4.3,3.1,50
174,2014-01-02,2.2,1.6,55.8
174,2014-01-03,3,1.3,54.8
174,2014-01-04,3.3,3.2,50.9
174,2014-01-05,1.5,2.4,47
174,2014-01-06,0,1.2,54
174,2014-01-07,.9,.6,65.9
174,2014-01-08,1.9,2.5,71.8
174,2014-01-09,-4.4,4.1,38.9
174,2014-01-10,-3.7,1.6,61
174,2014-01-11,-.3,2,64.1
174,2014-01-12,.6,2.6,57.8
174,2014-01-13,-2.8,3.5,34.1
174,2014-01-14,-1.6,2.5,32.5
174,2014-01-15,-.9,3,44.1
174,2014-01-16,.4,2.5,54.5
174,2014-01-17,.5,1.5,66.4
174,2014-01-18,-.3,3.1,61.4
174,2014-01-19,-.7,1.6,41.6
174,2014-01-20,1,2.3,69.1
174,2014-01-21,-2.7,3.3,69.6
174,2014-01-22,-2.2,2.9,59.4
174,2014-01-23,-2.2,.9,63
174,2014-01-24,3.1,1.1,73.3
174,2014-01-25,6,1.8,82
174,2014-01-26,1.1,2.8,48.8
174,2014-01-27,0,1.2,60.6
174,2014-01-28,2.3,1.8,68.6
174,2014-01-29,3.2,1.1,69.3
174,2014-01-30,6.7,2.1,85.4
174,2014-01-31,4,1.8,70.5
174,2014-02-01,9.9,.9,81.9
174,2014-02-02,13,2.4,77.6
174,2014-02-03,3.1,3.9,51.4
174,2014-02-04,-5,4.2,36.5
174,2014-02-05,-2.8,2.3,36
174,2014-02-06,.5,.8,62.3
174,2014-02-07,3.2,1.8,67.8
174,2014-02-08,2.9,1.8,79.4
174,2014-02-09,.5,3.9,65.5
174,2014-02-10,.4,2,71.3
174,2014-02-11,0,1.1,60.1
174,2014-02-12,.8,1,58.8
174,2014-02-13,1.2,1.1,60.4
174,2014-02-14,.5,1,63.1
174,2014-02-15,.4,1.2,58.3
174,2014-02-16,2.6,1,63.5
174,2014-02-17,3.9,1,77
174,2014-02-18,1.7,1.3,72.3
174,2014-02-19,.4,1,64.3
174,2014-02-20,1.2,2.1,64
174,2014-02-21,1.8,2.4,46.5
174,2014-02-22,1.3,1.1,53.5
174,2014-02-23,3.1,1.1,52.4
174,2014-02-24,4.2,.9,56
174,2014-02-25,5.7,.8,56.8
174,2014-02-26,6,.7,80.8
174,2014-02-27,9.8,2.8,64.6
174,2014-02-28,8.3,1.8,60.5
174,2014-03-01,7.2,1,86.6
174,2014-03-02,5.6,2.7,52.5
174,2014-03-03,4,1.5,52.6
174,2014-03-04,3.4,1,69.4
174,2014-03-05,3,3.9,42.9
174,2014-03-06,1.4,2.7,34.1
174,2014-03-07,2,3.4,35
174,2014-03-08,2.9,3,33.6
174,2014-03-09,2.7,3.3,50.5
174,2014-03-10,2.7,3.5,38.8
174,2014-03-11,3.8,1.7,43.9
174,2014-03-12,5.3,.5,88.6
174,2014-03-13,5.1,2.2,89.4
174,2014-03-14,3,1.9,73.3
174,2014-03-15,5.2,1.3,69.6
174,2014-03-16,8.7,1.5,69.5
174,2014-03-17,10.2,1.6,80.4
174,2014-03-18,13.1,2,69.5
174,2014-03-19,9.4,1.5,65.6
174,2014-03-20,6.9,3.5,54.8
174,2014-03-21,5.1,2.9,50.4
174,2014-03-22,6.7,1.7,57.5
174,2014-03-23,9.5,2.1,50.5
174,2014-03-24,9.7,1.7,55.8
174,2014-03-25,11.8,.4,86.1
174,2014-03-26,13.2,1.3,87.9
174,2014-03-27,12.7,1.9,67.1
174,2014-03-28,13.6,1.3,63.3
174,2014-03-29,14.4,2.3,89.6
174,2014-03-30,14.1,3.1,72.9
174,2014-03-31,12.1,1.3,66.1
174,2014-04-01,12.5,1.3,60.5
174,2014-04-02,13.1,1.2,60.1
174,2014-04-03,11.7,2.4,53.3
174,2014-04-04,6.8,3.1,45.5
174,2014-04-05,5.9,3,50.6
174,2014-04-06,7.9,4.1,38.5
174,2014-04-07,11.7,3.7,40.5
174,2014-04-08,12.2,1.8,38
174,2014-04-09,14.2,1.7,54.8
174,2014-04-10,13.7,2.6,63.5
174,2014-04-11,12.1,1.4,62.1
174,2014-04-12,13.2,1.2,59.9
174,2014-04-13,11.8,.9,80.4
174,2014-04-14,12.4,1.3,55.8
174,2014-04-15,16.2,2.7,54.4
174,2014-04-16,16.6,2.7,51.1
174,2014-04-17,11,1,73.1
174,2014-04-18,12.5,.8,89.3
174,2014-04-19,11.4,1.4,72.8
174,2014-04-20,12.6,1.3,64.4
174,2014-04-21,16.8,2.9,44.9
174,2014-04-22,15.7,2.5,36.5
174,2014-04-23,13.8,1.5,48.5
174,2014-04-24,13.9,1.4,52.8
174,2014-04-25,14.2,1.2,52.1
174,2014-04-26,14.6,1.4,64.3
174,2014-04-27,14.7,2.7,78.9
174,2014-04-28,13.7,4.8,84.3
174,2014-04-29,13.6,.8,89.6
174,2014-04-30,14.9,1.3,81.9
174,2014-05-01,16.1,2.4,62.5
174,2014-05-02,16.8,2.4,63
174,2014-05-03,13.6,3.1,49
174,2014-05-04,12.8,1.9,62.1
174,2014-05-05,9.8,2.6,49.9
174,2014-05-06,10.5,1.7,57.4
174,2014-05-07,12.1,1.5,59.6
174,2014-05-08,15.7,2.8,61.9
174,2014-05-09,14.9,1.8,57.6
174,2014-05-10,15.8,1.9,52.1
174,2014-05-11,17.1,3.8,58.8
174,2014-05-12,17.7,3.1,66.5
174,2014-05-13,18.4,1.5,62.6
174,2014-05-14,14.4,.9,84.8
174,2014-05-15,17.2,3.6,59
174,2014-05-16,18.7,2.1,49
174,2014-05-17,18.6,1.6,51
174,2014-05-18,17.8,1.2,57
174,2014-05-19,18.3,1.3,59.6
174,2014-05-20,16,1.1,87.9
174,2014-05-21,17.8,2.4,65.4
174,2014-05-22,20.4,1.7,61.1
174,2014-05-23,18.7,1.7,76.8
174,2014-05-24,19.4,1.3,78.3
174,2014-05-25,18,2.5,85.4
174,2014-05-26,19.2,2.9,57.9
174,2014-05-27,19.1,1.5,62.4
174,2014-05-28,20.1,1.7,70.1
174,2014-05-29,22.3,1.4,61.4
174,2014-05-30,21.7,1.1,60.6
174,2014-05-31,22.3,1.1,62.5
174,2014-06-01,21.1,.7,76.9
174,2014-06-02,18,3.5,81.3
174,2014-06-03,17.7,3,90.6
174,2014-06-04,21.5,2.3,71.4
174,2014-06-05,20.8,1.2,72.1
174,2014-06-06,20.3,1,74
174,2014-06-07,20.1,1.5,79.5
174,2014-06-08,20.9,1.5,76.6
174,2014-06-09,20.5,1.5,79.3
174,2014-06-10,21.6,1.6,75
174,2014-06-11,20.2,1.6,80.6
174,2014-06-12,18.6,1.4,83.3
174,2014-06-13,20.7,2,71.1
174,2014-06-14,20.8,1.9,70
174,2014-06-15,20.9,1.7,65.1
174,2014-06-16,22.5,2,61.5
174,2014-06-17,19.8,1.9,80
174,2014-06-18,21.3,1.2,70.8
174,2014-06-19,22.1,1.3,72.4
174,2014-06-20,21.4,1.8,77.9
174,2014-06-21,20.7,1.1,83.9
174,2014-06-22,21.2,1.2,79
174,2014-06-23,20.7,1.4,83.3
174,2014-06-24,21.3,1.3,77.1
174,2014-06-25,21.4,1.2,77
174,2014-06-26,21.9,1.2,78.5
174,2014-06-27,22.9,1.2,74.1
174,2014-06-28,23.7,2.7,62.4
174,2014-06-29,22.3,1.4,71.4
174,2014-06-30,23.5,1.6,70
174,2014-07-01,23.7,1.4,70.6
174,2014-07-02,20.3,1.5,83.4
174,2014-07-03,20.3,.8,93.1
174,2014-07-04,22.1,.8,86.8
174,2014-07-05,22.2,1.3,83.4
174,2014-07-06,19.8,1.7,88.4
174,2014-07-07,21.2,1.1,91
174,2014-07-08,23.4,1,89
174,2014-07-09,24.5,2.5,84.5
174,2014-07-10,26.4,3.2,68.1
174,2014-07-11,25.6,2.5,61.6
174,2014-07-12,22.7,.7,78.3
174,2014-07-13,22.7,1.4,80.6
174,2014-07-14,25,1.9,73.6
174,2014-07-15,22.6,1.1,86
174,2014-07-16,23.4,1.1,83.4
174,2014-07-17,22.1,.7,91
174,2014-07-18,22.2,1.1,91.3
174,2014-07-19,24.8,1.3,79.5
174,2014-07-20,27.2,1.5,69
174,2014-07-21,26.9,1.3,
174,2014-07-22,26.3,1.3,71
174,2014-07-23,27.7,1.5,66.1
174,2014-07-24,28,1.3,74.6
174,2014-07-25,27.4,3.3,78.6
174,2014-07-26,25,2.6,72.1
174,2014-07-27,22.5,1.8,70.1
174,2014-07-28,21,1.1,84.5
174,2014-07-29,23.1,1.2,84.9
174,2014-07-30,26.6,1.1,76.9
174,2014-07-31,27.1,1.7,73.8
174,2014-08-01,26,3.4,75.4
174,2014-08-02,24.5,7.1,85.4
174,2014-08-03,23.6,4.6,90.6
174,2014-08-04,23.6,1.1,93.3
174,2014-08-05,26.5,1.5,81.3
174,2014-08-06,25.6,1.5,82.9
174,2014-08-07,24.3,1,87.6
174,2014-08-08,24.3,1.5,79
174,2014-08-09,24.4,1.6,73.3
174,2014-08-10,24.1,1.5,76
174,2014-08-11,23.6,2.6,71.5
174,2014-08-12,23.9,1.8,72.8
174,2014-08-13,23.1,.7,83.6
174,2014-08-14,21.7,.9,91.3
174,2014-08-15,23.6,1.2,84.9
174,2014-08-16,24.1,1.6,79.6
174,2014-08-17,22.7,1.2,86.6
174,2014-08-18,21.9,.8,93.9
174,2014-08-19,23.5,1.1,86.9
174,2014-08-20,23.1,.7,91.1
174,2014-08-21,23.4,2.4,84.5
174,2014-08-22,23.2,1.4,80.9
174,2014-08-23,23.1,1,79.8
174,2014-08-24,22.3,.5,91
174,2014-08-25,23.7,1.1,91.9
174,2014-08-26,24.7,2.3,78.8
174,2014-08-27,22.5,1.3,85.8
174,2014-08-28,20.4,.7,89
174,2014-08-29,20.6,.8,85.8
174,2014-08-30,21,.9,81.5
174,2014-08-31,20.2,.8,82
174,2014-09-01,21.1,1.2,78.1
174,2014-09-02,20.1,1.8,86.9
174,2014-09-03,21.9,1.2,90.4
174,2014-09-04,21.6,1.3,80.5
174,2014-09-05,22.1,.9,76.3
174,2014-09-06,20.9,.9,84.9
174,2014-09-07,22.2,.9,77.6
174,2014-09-08,22.9,1.2,81.8
174,2014-09-09,22.2,1.5,72.6
174,2014-09-10,20.1,1.9,61.9
174,2014-09-11,20.6,1,77
174,2014-09-12,20.4,.8,83.1
174,2014-09-13,20.7,1.4,72.6
174,2014-09-14,18.6,.8,79.3
174,2014-09-15,20.6,1.1,75.3
174,2014-09-16,21.7,1.4,66.8
174,2014-09-17,19.2,.7,87.9
174,2014-09-18,19.2,1,79
174,2014-09-19,17.3,.9,80.9
174,2014-09-20,17.4,1.2,77.6
174,2014-09-21,18,.8,73.9
174,2014-09-22,18.6,1.2,73.9
174,2014-09-23,18.9,1,80.9
174,2014-09-24,20.5,2.2,92.6
174,2014-09-25,20.4,1.4,76.6
174,2014-09-26,20,1.2,81.4
174,2014-09-27,20.6,1.2,79.1
174,2014-09-28,20.1,1,80.4
174,2014-09-29,19.4,.6,88
174,2014-09-30,19.7,1.5,79.5
174,2014-10-01,17.6,.9,80.4
174,2014-10-02,17.8,1.2,79.8
174,2014-10-03,16.5,2.8,71.6
174,2014-10-04,14.8,1.1,77.3
174,2014-10-05,14.9,1.2,74.1
174,2014-10-06,14.2,1.3,70.1
174,2014-10-07,13.5,.9,76.8
174,2014-10-08,14.4,.7,77.8
174,2014-10-09,15.1,.6,77.8
174,2014-10-10,16.3,1.5,77.6
174,2014-10-11,15.4,1.2,73.9
174,2014-10-12,14.9,.8,86.8
174,2014-10-13,15.9,1.9,83.4
174,2014-10-14,12.6,.8,84.6
174,2014-10-15,12.1,.9,79.9
174,2014-10-16,11.9,2.4,64.9
174,2014-10-17,11.9,1.4,61.4
174,2014-10-18,11.1,.6,69.1
174,2014-10-19,13.6,1.1,75
174,2014-10-20,17.6,.6,94.1
174,2014-10-21,18.5,1.1,91.9
174,2014-10-22,13.7,1.1,88.6
174,2014-10-23,11.7,.8,82
174,2014-10-24,12.5,1.1,81.6
174,2014-10-25,12.7,.9,78.1
174,2014-10-26,14.1,1.6,76.9
174,2014-10-27,13,2.9,62.9
174,2014-10-28,9.6,.7,71.5
174,2014-10-29,10.8,.5,78.8
174,2014-10-30,12.2,.7,82.6
174,2014-10-31,12.3,.9,93.6
174,2014-11-01,14.8,1.6,89.6
174,2014-11-02,12,3.3,69.8
174,2014-11-03,7.8,3.1,56.4
174,2014-11-04,7.1,1.1,74.6
174,2014-11-05,8,1,73.1
174,2014-11-06,12.1,2.1,67.9
174,2014-11-07,10.3,1.6,
174,2014-11-08,11,.6,88
174,2014-11-09,11,2.5,67
174,2014-11-10,8.2,.9,68.4
174,2014-11-11,8.4,1.3,67.5
174,2014-11-12,9.2,3.4,64.5
174,2014-11-13,3.2,3.7,67.1
174,2014-11-14,4.6,1.3,72.3
174,2014-11-15,5,1.6,68.5
174,2014-11-16,9,1.4,53
174,2014-11-17,6.3,2,72.4
174,2014-11-18,5.1,2.4,61.8
174,2014-11-19,4.6,1.3,62.1
174,2014-11-20,4.7,.8,66.8
174,2014-11-21,6.7,.8,77.6
174,2014-11-22,9.2,1.1,78.5
174,2014-11-23,9.6,.7,76.8
174,2014-11-24,11.2,.7,92.8
174,2014-11-25,11.4,1.2,80.9
174,2014-11-26,8.7,.8,80.9
174,2014-11-27,7.5,.6,80.6
174,2014-11-28,9.6,1,89.4
174,2014-11-29,10.7,2.2,71.4
174,2014-11-30,11.6,2.3,85.4
174,2014-12-01,3.1,5.4,70.9
174,2014-12-02,-2.9,3.7,70.3
174,2014-12-03,1.2,2.1,73.9
174,2014-12-04,.8,3,76.5
174,2014-12-05,-2.9,2.8,74.3
174,2014-12-06,-1.9,3,70
174,2014-12-07,-1.1,1.7,73.8
174,2014-12-08,.7,2.5,72.4
174,2014-12-09,-.3,2.4,56.6
174,2014-12-10,4.3,1.2,74.1
174,2014-12-11,3.1,3.2,63.5
174,2014-12-12,-.4,3.1,70
174,2014-12-13,-1.6,3.2,71.9
174,2014-12-14,-1.7,2.2,61.6
174,2014-12-15,1.3,.9,70.9
174,2014-12-16,-.8,3.7,78.5
174,2014-12-17,-6,3.8,72.1
174,2014-12-18,-4.5,3.3,52.4
174,2014-12-19,-1.4,.5,78.5
174,2014-12-20,.4,2.7,72.9
174,2014-12-21,-2.6,2.6,67
174,2014-12-22,-2,2,81.3
174,2014-12-23,-.4,1.3,79.8
174,2014-12-24,3,2.4,71.1
174,2014-12-25,.1,4,51.5
174,2014-12-26,-1.6,2.4,47.3
174,2014-12-27,-2,.4,70.8
174,2014-12-28,-.2,1.7,61.4
174,2014-12-29,2.6,1.3,74.8
174,2014-12-30,3.3,1.6,60.5
174,2014-12-31,-.6,2.7,71.9
174,2015-01-01,-4.4,4,67.5
174,2015-01-02,-3.3,3.2,70.8
174,2015-01-03,-1.5,2.6,61.4
174,2015-01-04,2.9,1.2,74.4
174,2015-01-05,3.9,.9,80.5
174,2015-01-06,2.1,4.1,55.9
174,2015-01-07,-2.3,5,41.6
174,2015-01-08,-1.1,4.4,55.9
174,2015-01-09,2,3.5,60.1
174,2015-01-10,2.1,3,55.9
174,2015-01-11,-.3,2.7,63.3
174,2015-01-12,-1.6,2,47.9
174,2015-01-13,.7,.6,66
174,2015-01-14,2.8,.6,70
174,2015-01-15,2.7,2.3,59.5
174,2015-01-16,.9,2.1,74.5
174,2015-01-17,-1.1,4.3,51.3
174,2015-01-18,.8,2.7,49.8
174,2015-01-19,3.2,3.9,53.1
174,2015-01-20,.9,1.3,56.1
174,2015-01-21,3.2,.5,82.3
174,2015-01-22,2.9,3.1,78
174,2015-01-23,1.1,1.7,73.6
174,2015-01-24,1.4,1.9,68.6
174,2015-01-25,2.3,.5,86.9
174,2015-01-26,6.7,2.1,89.5
174,2015-01-27,.1,4.6,61.9
174,2015-01-28,-2.4,2.9,55
174,2015-01-29,.2,1.1,81.5
174,2015-01-30,-.6,3.7,67.3
174,2015-01-31,-2.4,3.5,50.3
174,2015-02-01,-.6,2.8,46.4
174,2015-02-02,.6,1.2,55.1
174,2015-02-03,1.4,1.5,58.6
174,2015-02-04,1.6,2.9,62
174,2015-02-05,1.1,3.2,56.3
174,2015-02-06,2.4,2.7,53.3
174,2015-02-07,2.6,2.4,61.5
174,2015-02-08,-4.6,4.3,52.4
174,2015-02-09,-4,3.3,46.5
174,2015-02-10,2.6,1.9,56
174,2015-02-11,3.8,1.5,63.8
174,2015-02-12,.9,,48
174,2015-02-13,-.7,3,41
174,2015-02-14,1,1.3,63.1
174,2015-02-15,4.5,.7,76.9
174,2015-02-16,6.4,2,85.1
174,2015-02-17,4.1,3.3,63.3
174,2015-02-18,1.8,3.3,67
174,2015-02-19,2.8,2.1,58.5
174,2015-02-20,3.2,1.4,68.3
174,2015-02-21,7.4,1.6,82.8
174,2015-02-22,6.7,3.1,72
174,2015-02-23,3.7,3.6,54.1
174,2015-02-24,4.4,3.2,47.1
174,2015-02-25,4.9,.9,63.4
174,2015-02-26,4,3.7,52.5
174,2015-02-27,-.3,2.7,43.1
174,2015-02-28,,.6,
174,2015-03-01,2.7,3.1,69.1
174,2015-03-02,3.6,1.9,48
174,2015-03-03,2.5,1.8,76.9
174,2015-03-04,0,5.4,41.4
174,2015-03-05,1.6,2,41.6
174,2015-03-06,3,1,62
174,2015-03-07,4.7,1.3,53.8
174,2015-03-08,5.7,1.5,54.9
174,2015-03-09,4.7,4.5,45.5
174,2015-03-10,-1.7,5.3,41.5
174,2015-03-11,3.6,3.6,45.5
174,2015-03-12,3.4,2.9,38.5
174,2015-03-13,3.6,1.1,78.4
174,2015-03-14,5.8,1.7,53.4
174,2015-03-15,6.8,1.4,50.5
174,2015-03-16,9.3,1.2,48.4
174,2015-03-17,11.6,1.3,59.5
174,2015-03-18,11.3,1.5,88.4
174,2015-03-19,12.4,1.2,81.1
174,2015-03-20,14,1.8,57.3
174,2015-03-21,12.9,1.6,49.5
174,2015-03-22,10.4,3.6,37.8
174,2015-03-23,5.6,3.9,32.6
174,2015-03-24,5.3,2.4,40.1
174,2015-03-25,5.3,1.2,49.6
174,2015-03-26,7.3,1.4,44.8
174,2015-03-27,8.4,1.4,46.3
174,2015-03-28,10.3,1.7,48
174,2015-03-29,11.9,1.8,53.4
174,2015-03-30,12.3,1.6,72.3
174,2015-03-31,11.8,.7,93.4
174,2015-04-01,14,,86.9
174,2015-04-02,12.3,2.6,83
174,2015-04-03,14.6,3.1,76
174,2015-04-04,13,3.4,67
174,2015-04-05,11,1.3,90.9
174,2015-04-06,11.2,1.6,85.1
174,2015-04-07,8.1,2,78.6
174,2015-04-08,9.1,1.7,69.9
174,2015-04-09,10.2,1.2,67.4
174,2015-04-10,11.1,1.4,65.3
174,2015-04-11,11.4,1.4,60.5
174,2015-04-12,12.3,2.2,45.1
174,2015-04-13,11.5,1,71.6
174,2015-04-14,8.2,1.9,71
174,2015-04-15,11.4,2.7,62.4
174,2015-04-16,10.9,2.9,68
174,2015-04-17,10,1.7,48.8
174,2015-04-18,11.5,1.7,54.5
174,2015-04-19,14.7,1.5,93.3
174,2015-04-20,13.5,1,93.1
174,2015-04-21,13.7,1.6,68.3
174,2015-04-22,14.1,2.4,50.8
174,2015-04-23,13.2,1.2,54
174,2015-04-24,15.7,1.7,51
174,2015-04-25,16.2,1.8,44.6
174,2015-04-26,17.4,2,47
174,2015-04-27,16.1,1.6,47.6
174,2015-04-28,15.2,2.4,78.6
174,2015-04-29,15.9,2.6,85.6
174,2015-04-30,17.5,1.2,77.9
174,2015-05-01,19.2,1.3,74.5
174,2015-05-02,18.5,2.1,78.1
174,2015-05-03,17.9,2.6,88.6
174,2015-05-04,16.4,4.7,46
174,2015-05-05,14.4,2.5,44.4
174,2015-05-06,14.1,1,62.4
174,2015-05-07,16.5,1.5,53.3
174,2015-05-08,16.7,1.3,56.5
174,2015-05-09,17.4,1.5,72
174,2015-05-10,16.4,1.4,77
174,2015-05-11,15.9,2.9,78.4
174,2015-05-12,15.8,3.6,60.9
174,2015-05-13,18.6,3.1,53.4
174,2015-05-14,18.5,1.3,77.3
174,2015-05-15,22,1.7,76.1
174,2015-05-16,19.3,2.5,52.4
174,2015-05-17,16.9,1.1,51.4
174,2015-05-18,13.2,.9,86.5
174,2015-05-19,19.2,1.9,67.1
174,2015-05-20,17.7,3.2,44.9
174,2015-05-21,18.7,2.6,47.5
174,2015-05-22,19.6,1.5,50.5
174,2015-05-23,18.8,.9,63.3
174,2015-05-24,19.6,1,60.3
174,2015-05-25,21.1,2.1,43.9
174,2015-05-26,21.7,1.8,45.8
174,2015-05-27,20.8,1.2,51.6
174,2015-05-28,20.5,1.6,57
174,2015-05-29,20.9,1.2,58.8
174,2015-05-30,19,1.3,78.9
174,2015-05-31,20.3,1.8,67.4
174,2015-06-01,20.7,1.2,66.4
174,2015-06-02,19.4,1.2,78.6
174,2015-06-03,22.1,3.1,45
174,2015-06-04,19.7,1.2,52.9
174,2015-06-05,15.6,.9,79.6
174,2015-06-06,18,1.6,71.8
174,2015-06-07,18.3,1.5,73.3
174,2015-06-08,18.1,.7,87.8
174,2015-06-09,21.6,1.8,75.8
174,2015-06-10,22.3,1.7,71
174,2015-06-11,20.4,1.1,86.9
174,2015-06-12,23.4,1.6,63.4
174,2015-06-13,20.7,1.5,77.4
174,2015-06-14,21.6,1.4,80.4
174,2015-06-15,22.5,1.2,80.9
174,2015-06-16,23.4,1.7,76.4
174,2015-06-17,19.3,1.3,90
174,2015-06-18,22,1.1,74.9
174,2015-06-19,22.3,1.4,73.3
174,2015-06-20,19.5,.9,87.5
174,2015-06-21,20.7,1.5,81.5
174,2015-06-22,20.4,1.4,78.9
174,2015-06-23,21.6,1.3,76.3
174,2015-06-24,21.1,1.2,79.8
174,2015-06-25,20.8,1.6,81.8
174,2015-06-26,21.2,1.9,85.6
174,2015-06-27,19.7,1.4,88.9
174,2015-06-28,22.3,1.4,78
174,2015-06-29,22,1.4,77.4
174,2015-06-30,19.1,1,91.4
174,2015-07-01,22.1,2.5,75.6
174,2015-07-02,21.3,1.6,70.8
174,2015-07-03,22.1,1.8,63.5
174,2015-07-04,20,1.4,75.6
174,2015-07-05,21.2,1.3,76.1
174,2015-07-06,20.7,.9,81.4
174,2015-07-07,19.3,.8,90.9
174,2015-07-08,21.2,.9,93.3
174,2015-07-09,23.9,1.2,84.4
174,2015-07-10,25.7,1.7,77.9
174,2015-07-11,24.6,2.7,84.9
174,2015-07-12,24,6.5,88.8
174,2015-07-13,23.1,2,85.1
174,2015-07-14,24.8,1.2,82.6
174,2015-07-15,25.8,1.2,80.6
174,2015-07-16,24.2,.8,77.3
174,2015-07-17,22.8,1.4,73.6
174,2015-07-18,22.2,1.2,80.9
174,2015-07-19,24.8,1.6,77.3
174,2015-07-20,25.5,1.1,84.3
174,2015-07-21,24.6,.8,90.1
174,2015-07-22,25.7,1.2,84.1
174,2015-07-23,25.2,1.2,89.5
174,2015-07-24,25.5,1.6,87.6
174,2015-07-25,25.9,2,81.6
174,2015-07-26,27.2,1,74.5
174,2015-07-27,26.5,1.2,81.6
174,2015-07-28,27,1.1,80.5
174,2015-07-29,28,1.2,78.4
174,2015-07-30,28.5,1.3,77.6
174,2015-07-31,27.9,1.3,80.3
174,2015-08-01,26.9,1.3,78.6
174,2015-08-02,26.3,1.3,84.1
174,2015-08-03,26.5,1.6,79.4
174,2015-08-04,26.8,1.6,76
174,2015-08-05,27.2,1.2,76.6
174,2015-08-06,27.6,1.1,74
174,2015-08-07,27.5,.9,72.1
174,2015-08-08,27,1.2,77.8
174,2015-08-09,27.3,1,73.1
174,2015-08-10,26.6,1.5,70
174,2015-08-11,22.2,.9,86.5
174,2015-08-12,23.2,1.1,87.8
174,2015-08-13,24.4,1.3,79.4
174,2015-08-14,24.6,1.3,77
174,2015-08-15,25.2,1.2,75.8
174,2015-08-16,24.5,.8,80.5
174,2015-08-17,25.5,1.1,74.5
174,2015-08-18,24,1,77.6
174,2015-08-19,24.3,1.1,78.5
174,2015-08-20,23.4,.4,90.1
174,2015-08-21,23.5,1.4,83.6
174,2015-08-22,23.7,1.1,84.1
174,2015-08-23,24,.7,84
174,2015-08-24,23.4,1.1,82.3
174,2015-08-25,22.1,2.4,86.3
174,2015-08-26,22.3,2.3,73.8
174,2015-08-27,21.9,1,80.8
174,2015-08-28,22.3,1,86.1
174,2015-08-29,22.3,.8,79.8
174,2015-08-30,22.5,.9,78.9
174,2015-08-31,22.7,1.2,82.1
174,2015-09-01,23,1.4,81.3
174,2015-09-02,22.9,1.4,83.3
174,2015-09-03,22.8,1.4,80.8
174,2015-09-04,22.9,1.5,73
174,2015-09-05,20.6,1.2,88.4
174,2015-09-06,20.7,1.2,87.6
174,2015-09-07,20.1,.8,76.8
174,2015-09-08,18.3,1.1,77.9
174,2015-09-09,18.4,1.2,72
174,2015-09-10,19.5,1,73.1
174,2015-09-11,21,1.4,72.1
174,2015-09-12,18.6,1.2,87.5
174,2015-09-13,17.5,1.5,73.6
174,2015-09-14,17.3,1,72.3
174,2015-09-15,16.6,1.3,74.4
174,2015-09-16,17.4,.6,82.4
174,2015-09-17,19.8,1.2,75.3
174,2015-09-18,19.4,1,74.8
174,2015-09-19,20.1,.9,77.5
174,2015-09-20,19.5,.9,76.5
174,2015-09-21,20.5,1.1,77.1
174,2015-09-22,19.4,1.2,77.8
174,2015-09-23,16.8,.5,92.6
174,2015-09-24,20.3,1.2,82.8
174,2015-09-25,19.9,.7,82.1
174,2015-09-26,20.2,1.2,79.3
174,2015-09-27,19.3,.9,78.5
174,2015-09-28,19.5,.9,74.4
174,2015-09-29,20.6,1.2,65.6
174,2015-09-30,17.6,1.3,78.9
174,2015-10-01,18.3,2.7,85.5
174,2015-10-02,14.8,2.4,54.6
174,2015-10-03,16.2,1.3,78.3
174,2015-10-04,17.4,1.5,64.8
174,2015-10-05,16.5,.7,72.3
174,2015-10-06,16.1,.7,72.5
174,2015-10-07,15.7,.7,75.3
174,2015-10-08,16.1,.9,79
174,2015-10-09,15.2,2.1,65.9
174,2015-10-10,12.9,1.1,80.1
174,2015-10-11,12.9,2.1,68.9
174,2015-10-12,12.8,1.8,72.9
174,2015-10-13,13.4,1.7,68.5
174,2015-10-14,16,1.9,67.4
174,2015-10-15,14.8,.8,78.6
174,2015-10-16,15.5,1,78.6
174,2015-10-17,15.2,.7,75.8
174,2015-10-18,15.1,1,72.8
174,2015-10-19,15.3,.8,74.3
174,2015-10-20,16.2,.8,73.1
174,2015-10-21,16.1,.8,78.4
174,2015-10-22,15.7,1.1,80.4
174,2015-10-23,16,1,79.6
174,2015-10-24,15.1,2.1,80.9
174,2015-10-25,13.7,1.1,74.9
174,2015-10-26,12.4,1.4,75.9
174,2015-10-27,12.9,2.2,74.3
174,2015-10-28,9.8,1.3,68.5
174,2015-10-29,10.6,1.2,74.3
174,2015-10-30,8.4,2.2,58
174,2015-10-31,7.5,2.2,51.8
174,2015-11-01,6.7,.7,74.5
174,2015-11-02,9.4,2,67.8
174,2015-11-03,11.4,1.5,66.9
174,2015-11-04,9.4,.7,75.3
174,2015-11-05,13.1,1.1,74.6
174,2015-11-06,14,1.8,75.3
174,2015-11-07,14.1,1,92.1
174,2015-11-08,16.3,1,89.4
174,2015-11-09,13.5,2.3,81.9
174,2015-11-10,11,2.5,70.6
174,2015-11-11,10.6,.7,77.9
174,2015-11-12,12.8,2.4,70.1
174,2015-11-13,12,1.1,89.4
174,2015-11-14,14.6,1.3,86.8
174,2015-11-15,13.5,2,73.1
174,2015-11-16,12.5,.6,91.5
174,2015-11-17,15.5,1.1,85.6
174,2015-11-18,13,1.3,89.6
174,2015-11-19,10.9,.9,85.4
174,2015-11-20,11.5,1.5,81
174,2015-11-21,8.5,.5,87.3
174,2015-11-22,10.2,.7,84
174,2015-11-23,11.1,1.2,88.1
174,2015-11-24,10.6,2.4,65
174,2015-11-25,6.3,1.8,83.8
174,2015-11-26,.9,3.1,79.8
174,2015-11-27,1.5,1.8,82.8
174,2015-11-28,3.1,1.4,77.8
174,2015-11-29,5.1,.6,76.1
174,2015-11-30,7,1.7,74.1
174,2015-12-01,5,.9,77.9
174,2015-12-02,6.9,1.4,82
174,2015-12-03,3.8,4.3,60.1
174,2015-12-04,2.2,2.2,80.5
174,2015-12-05,4.5,2.1,64.8
174,2015-12-06,4.1,1.5,71.1
174,2015-12-07,3.3,1.8,60.9
174,2015-12-08,4.1,2.1,53.3
174,2015-12-09,6.6,.7,75.3
174,2015-12-10,9.9,.9,91.6
174,2015-12-11,7.7,2.4,84.5
174,2015-12-12,7.6,.9,66
174,2015-12-13,8.1,.8,72.3
174,2015-12-14,8.1,.6,88.6
174,2015-12-15,7.5,3,68.6
174,2015-12-16,2.3,3.5,69.4
174,2015-12-17,-1.5,3.4,63.1
174,2015-12-18,.6,2.9,61.9
174,2015-12-19,1.2,.8,73.3
174,2015-12-20,3.8,.6,77.4
174,2015-12-21,5,1,85.1
174,2015-12-22,5.2,.9,76.8
174,2015-12-23,8.1,1.1,90.1
174,2015-12-24,5.5,3.1,63.9
174,2015-12-25,1.3,2.7,48.9
174,2015-12-26,2.5,1,67.1
174,2015-12-27,.8,4,50.8
174,2015-12-28,-.9,3.4,55.6
174,2015-12-29,-.2,2.3,54.4
174,2015-12-30,0,.9,67.8
174,2015-12-31,1.9,2.1,73.5
174,2016-01-01,.4,1.4,73.8
174,2016-01-02,3.5,.6,80.1
174,2016-01-03,5.3,.9,71.8
174,2016-01-04,6.3,2.4,61.4
174,2016-01-05,2.1,2.9,46.1
174,2016-01-06,2.7,3.7,46.8
174,2016-01-07,2.4,3.3,56.6
174,2016-01-08,.6,2.6,67.6
174,2016-01-09,1.9,2.3,57.4
174,2016-01-10,2.8,2.1,54.3
174,2016-01-11,1.6,2.9,43.8
174,2016-01-12,-.6,3.9,42
174,2016-01-13,.6,2.2,62.8
174,2016-01-14,-.2,1.3,69.9
174,2016-01-15,-.2,.9,66.3
174,2016-01-16,2.1,1,62.8
174,2016-01-17,2.6,1.1,79
174,2016-01-18,-.8,3.3,73.8
174,2016-01-19,-5,4.6,70.5
174,2016-01-20,-5,3.8,58.8
174,2016-01-21,-3.5,3.8,48.8
174,2016-01-22,-2.6,3.7,35.9
174,2016-01-23,-5.8,3.2,50.3
174,2016-01-24,-9.4,3.3,64.4
174,2016-01-25,-5.6,2.6,64.3
174,2016-01-26,-.5,2,63.9
174,2016-01-27,.4,1.1,68.6
174,2016-01-28,2.2,.4,81.8
174,2016-01-29,3.7,.9,89.6
174,2016-01-30,4.3,1.4,77.3
174,2016-01-31,.1,4,59.4
174,2016-02-01,-2.3,4.3,51.8
174,2016-02-02,-1.9,3.3,47
174,2016-02-03,-.7,2.5,51.1
174,2016-02-04,1.5,3,48
174,2016-02-05,1.3,3.5,42.3
174,2016-02-06,-1.3,3.2,54.6
174,2016-02-07,-.9,2.2,44.4
174,2016-02-08,1.8,2,53.6
174,2016-02-09,3,3.4,42
174,2016-02-10,1.8,1.1,50.6
174,2016-02-11,7.1,1.4,58.9
174,2016-02-12,12,1.3,89.3
174,2016-02-13,13.6,1.2,89.4
174,2016-02-14,1.1,4.3,69
174,2016-02-15,-2.6,3.4,65.9
174,2016-02-16,.8,2.7,63
174,2016-02-17,1.7,2.2,53.9
174,2016-02-18,2.2,1.3,64
174,2016-02-19,5.1,1.2,61.5
174,2016-02-20,4.5,2.7,44.8
174,2016-02-21,1.7,2.2,42.5
174,2016-02-22,4.1,1,42.3
174,2016-02-23,4.6,3.4,35.9
174,2016-02-24,-1.1,4,45.1
174,2016-02-25,-.2,2.2,43.6
174,2016-02-26,1.5,.8,71
174,2016-02-27,6.4,1.9,55.1
174,2016-02-28,5.5,2.6,71
174,2016-02-29,-1.5,4,57.1
174,2016-03-01,-.9,2.7,52.9
174,2016-03-02,2.8,1.4,55.9
174,2016-03-03,7.2,1.1,66.9
174,2016-03-04,11.1,.6,90.8
174,2016-03-05,14.6,2.2,88.1
174,2016-03-06,12.9,1.9,65
174,2016-03-07,10.8,1.3,70.4
174,2016-03-08,7.1,2.6,57.5
174,2016-03-09,3.3,3.1,55
174,2016-03-10,1.3,3.9,39
174,2016-03-11,1,3.3,42.8
174,2016-03-12,3.4,1.9,37.4
174,2016-03-13,3.9,.8,65.5
174,2016-03-14,5,3,60
174,2016-03-15,6.5,1.7,50.5
174,2016-03-16,9.1,1.6,47.5
174,2016-03-17,9.8,1.2,58.3
174,2016-03-18,11.8,1,87.1
174,2016-03-19,13.1,3,57.4
174,2016-03-20,9.7,1.5,64.1
174,2016-03-21,8.4,1.2,69.3
174,2016-03-22,10.5,2.5,46.1
174,2016-03-23,9.4,3.6,36.8
174,2016-03-24,7.1,2.2,48.8
174,2016-03-25,5.3,1.3,66
174,2016-03-26,5.5,2.3,49.9
174,2016-03-27,7.9,2.9,38.9
174,2016-03-28,9.5,1.7,42.4
174,2016-03-29,9.2,1.6,67.4
174,2016-03-30,12.6,1.3,57.5
174,2016-03-31,12,1.1,59.4
174,2016-04-01,14,1.2,49.3
174,2016-04-02,13.1,1.3,67.1
174,2016-04-03,12.4,.7,89.4
174,2016-04-04,11.9,1.4,87.1
174,2016-04-05,12.9,1.8,47
174,2016-04-06,11.1,1.7,62.3
174,2016-04-07,13.6,2.3,77.4
174,2016-04-08,16.1,1.9,52.1
174,2016-04-09,15.9,1.2,53.1
174,2016-04-10,14.5,1.4,61.9
174,2016-04-11,11.7,2.1,71.8
174,2016-04-12,12.4,2,55.8
174,2016-04-13,15.1,1.2,87.5
174,2016-04-14,17.7,2.4,55.5
174,2016-04-15,13.1,1.8,60.1
174,2016-04-16,13.4,2.7,81.8
174,2016-04-17,12.9,5.2,51.6
174,2016-04-18,13.5,2.4,48.3
174,2016-04-19,13.4,2.3,53.4
174,2016-04-20,13.9,1.6,59.4
174,2016-04-21,16,2,85.1
174,2016-04-22,18.6,2.3,55.6
174,2016-04-23,16.7,1.2,54
174,2016-04-24,15.8,1.7,38.3
174,2016-04-25,16,1,54.3
174,2016-04-26,16.2,1.4,68.3
174,2016-04-27,13.3,1.1,88.8
174,2016-04-28,14,1.8,79.5
174,2016-04-29,13.9,1.4,68.8
174,2016-04-30,15.1,1.5,63
174,2016-05-01,16.2,1.4,60.8
174,2016-05-02,16.9,2.5,82
174,2016-05-03,15.6,5.2,72.4
174,2016-05-04,16.3,3.2,50.6
174,2016-05-05,16.8,1.7,53.1
174,2016-05-06,19.2,2.1,78.4
174,2016-05-07,17.3,3.2,42.1
174,2016-05-08,16.8,1.6,53.1
174,2016-05-09,15.9,.6,74.4
174,2016-05-10,15.2,.6,89.9
174,2016-05-11,16,1.2,77.4
174,2016-05-12,17.8,1.6,66.8
174,2016-05-13,16.7,1.6,72.3
174,2016-05-14,17.6,1.5,66.9
174,2016-05-15,17.8,1.4,82.6
174,2016-05-16,13.8,3.1,59.6
174,2016-05-17,16.9,1.7,58.4
174,2016-05-18,19.8,1,57.5
174,2016-05-19,18.9,1,61.6
174,2016-05-20,19.5,1.3,59.1
174,2016-05-21,19.7,1.3,55.8
174,2016-05-22,19.4,1.2,57.4
174,2016-05-23,20.2,1.5,57.4
174,2016-05-24,18.5,1.9,82.9
174,2016-05-25,19.6,1.5,63.4
174,2016-05-26,21.8,1.5,62.3
174,2016-05-27,22.2,1.4,58.8
174,2016-05-28,20.3,1.1,68
174,2016-05-29,20.1,1.6,70.4
174,2016-05-30,23.4,2.8,51.1
174,2016-05-31,22.7,2.3,50.8
174,2016-06-01,21.5,2,56.6
174,2016-06-02,20.1,1.3,56.6
174,2016-06-03,20.5,1.2,61.5
174,2016-06-04,17.7,.7,84
174,2016-06-05,20.7,1,68.9
174,2016-06-06,19.7,.5,78
174,2016-06-07,21.5,1.1,80.9
174,2016-06-08,21.8,.7,78
174,2016-06-09,22.6,1.2,74.3
174,2016-06-10,22.3,1.4,74
174,2016-06-11,23,1.3,78.3
174,2016-06-12,23.6,.6,82.8
174,2016-06-13,23.9,1.7,75.6
174,2016-06-14,23.3,1.8,73.4
174,2016-06-15,22.2,1.7,79.4
174,2016-06-16,22.5,2.2,72.6
174,2016-06-17,23.4,2,63.3
174,2016-06-18,22.6,1.5,73.6
174,2016-06-19,25,1.3,70.3
174,2016-06-20,22.4,.8,87.1
174,2016-06-21,24.6,1.7,78.9
174,2016-06-22,22.2,1.1,87.3
174,2016-06-23,24.3,1.2,77.4
174,2016-06-24,22.5,1.8,83.4
174,2016-06-25,22.7,2.2,63.6
174,2016-06-26,22.6,1.5,68.4
174,2016-06-27,20.2,.8,80.9
174,2016-06-28,21.3,1.2,77.3
174,2016-06-29,21.6,1,81.9
174,2016-06-30,23.7,1.1,81.9
174,2016-07-01,24.1,1.5,86.5
174,2016-07-02,23.8,1.4,87.4
174,2016-07-03,21.7,.9,90.8
174,2016-07-04,24.8,1.1,87.1
174,2016-07-05,27.6,2.1,76.3
174,2016-07-06,26.8,1.7,82.9
174,2016-07-07,27.1,1.2,78.5
174,2016-07-08,26.3,1.3,76.6
174,2016-07-09,26.8,1.2,76.1
174,2016-07-10,26.9,1,79.4
174,2016-07-11,25.5,.8,85.1
174,2016-07-12,24.6,.6,87.4
174,2016-07-13,26.8,1.6,75.5
174,2016-07-14,26.3,2.1,69.5
174,2016-07-15,24.9,2.2,70.6
174,2016-07-16,22.9,1.8,83.9
174,2016-07-17,24.5,1.2,75.6
174,2016-07-18,24.9,1.4,72.6
174,2016-07-19,24.9,1.3,76.9
174,2016-07-20,25.3,1.8,72.8
174,2016-07-21,25,1.7,74
174,2016-07-22,24.6,1.6,78.5
174,2016-07-23,25.6,1.4,75.4
174,2016-07-24,27.4,1.1,77.8
174,2016-07-25,28.6,1.1,74.8
174,2016-07-26,28.2,1.4,75.6
174,2016-07-27,27.9,1.2,76.8
174,2016-07-28,29.1,1.3,74.6
174,2016-07-29,29.1,1,76.1
174,2016-07-30,29,1,75.1
174,2016-07-31,28.7,1,74.5
174,2016-08-01,28.2,.9,72.1
174,2016-08-02,27.3,.7,79.5
174,2016-08-03,26.8,.9,79
174,2016-08-04,27.6,1.1,76.5
174,2016-08-05,27.8,1,73.5
174,2016-08-06,28,1.1,73
174,2016-08-07,27.4,1.1,75
174,2016-08-08,27.3,.9,77.4
174,2016-08-09,27.4,.9,79.8
174,2016-08-10,28.7,.9,77.8
174,2016-08-11,29.9,1,70.8
174,2016-08-12,30.3,.8,67.9
174,2016-08-13,29.6,1.1,65.4
174,2016-08-14,30,2.1,67
174,2016-08-15,28.1,1.7,76.5
174,2016-08-16,28.1,1.6,70.5
174,2016-08-17,27.2,1,78.3
174,2016-08-18,27.5,1.2,74
174,2016-08-19,28.1,1,70.8
174,2016-08-20,28,1,70.9
174,2016-08-21,28.1,.7,68.6
174,2016-08-22,28.4,1.1,71.3
174,2016-08-23,27.9,1.2,73.9
174,2016-08-24,27.5,1,63.4
174,2016-08-25,27,.8,64.9
174,2016-08-26,23.6,1.1,79.3
174,2016-08-27,22.2,.9,72.8
174,2016-08-28,19.6,2,81.3
174,2016-08-29,20.8,2.8,65.1
174,2016-08-30,20.9,3,68.6
174,2016-08-31,24.2,4.3,53
174,2016-09-01,24.8,2.1,68.4
174,2016-09-02,20.1,.9,91
174,2016-09-03,24.5,1.1,79.9
174,2016-09-04,26.1,1,77.8
174,2016-09-05,25.5,.7,82.6
174,2016-09-06,24.3,.9,80.4
174,2016-09-07,23.6,1.2,77.1
174,2016-09-08,23.2,1.5,70.3
174,2016-09-09,23,1.2,72.3
174,2016-09-10,22.2,.8,79.8
174,2016-09-11,22.5,.6,81.8
174,2016-09-12,21.1,.5,84.8
174,2016-09-13,22.5,.9,78.1
174,2016-09-14,22.5,.6,81
174,2016-09-15,23.7,.9,77.4
174,2016-09-16,21.9,.6,89.6
174,2016-09-17,20.4,.9,92
174,2016-09-18,21.9,.9,84.1
174,2016-09-19,21.1,1,73.9
174,2016-09-20,19.1,1.1,67.4
174,2016-09-21,17.7,.4,74.1
174,2016-09-22,18.4,.8,76.4
174,2016-09-23,19.8,.8,75.1
174,2016-09-24,19.7,.8,78.3
174,2016-09-25,19.9,.6,79.8
174,2016-09-26,21.7,.6,84.1
174,2016-09-27,24.8,1,80.3
174,2016-09-28,21.7,1.1,90
174,2016-09-29,19.3,1.1,85.5
174,2016-09-30,17.4,.5,91.8
174,2016-10-01,19.3,.6,89.8
174,2016-10-02,21.6,.9,86.1
174,2016-10-03,23.1,.7,88.9
174,2016-10-04,21.8,1.5,77.8
174,2016-10-05,20.9,3.1,78.9
174,2016-10-06,18.5,1.8,73.4
174,2016-10-07,17.9,1.7,79
174,2016-10-08,17,2.2,81.8
174,2016-10-09,13,2.7,55.1
174,2016-10-10,13.5,.8,73
174,2016-10-11,13.6,.7,80.5
174,2016-10-12,16.2,1.7,62.4
174,2016-10-13,14.4,.4,78.4
174,2016-10-14,14.6,.5,76.6
174,2016-10-15,14.8,.8,74.3
174,2016-10-16,15,.5,92.1
174,2016-10-17,18.8,1.9,80.6
174,2016-10-18,16.5,1,79.5
174,2016-10-19,16.1,.9,80.4
174,2016-10-20,16.3,1,75.5
174,2016-10-21,16.6,1.7,68.9
174,2016-10-22,16.4,.9,77.4
174,2016-10-23,16.1,1.3,72.3
174,2016-10-24,15.2,1.3,63.9
174,2016-10-25,14.6,1.5,79
174,2016-10-26,13.7,1.6,76.6
174,2016-10-27,13.9,1.4,71.9
174,2016-10-28,13.9,2.2,81
174,2016-10-29,10.7,3,62
174,2016-10-30,7.7,2.4,56.5
174,2016-10-31,7.7,1.3,75.1
174,2016-11-01,5.5,3.2,49
174,2016-11-02,5.3,2.6,53.9
174,2016-11-03,6.4,1.1,75
174,2016-11-04,7.7,.8,78.9
174,2016-11-05,10.7,1,80.4
174,2016-11-06,10.7,1.4,78
174,2016-11-07,11.4,1.1,77.3
174,2016-11-08,8.4,3.6,61.5
174,2016-11-09,3.8,2.6,53.3
174,2016-11-10,7.9,1.3,74.3
174,2016-11-11,7.4,1.3,73.8
174,2016-11-12,8.9,1,71.5
174,2016-11-13,11.9,.6,80.4
174,2016-11-14,15.2,1.5,87.5
174,2016-11-15,10.5,3.6,52
174,2016-11-16,6.1,1.2,59.9
174,2016-11-17,9.4,.9,58.6
174,2016-11-18,9.4,.6,87.5
174,2016-11-19,14.8,.9,87.3
174,2016-11-20,13.2,2,76.3
174,2016-11-21,10.6,.5,85.4
174,2016-11-22,7,3.9,58.5
174,2016-11-23,3,3.9,37.4
174,2016-11-24,1.3,3.3,47.6
174,2016-11-25,3,2.4,54.9
174,2016-11-26,1,.9,85.1
174,2016-11-27,5.8,2,68.8
174,2016-11-28,5.2,3,51.6
174,2016-11-29,3.3,2.3,48.3
174,2016-11-30,4.5,.7,81.1
174,2016-12-01,6.5,2.5,60.5
174,2016-12-02,4.1,3.1,42
174,2016-12-03,3.5,.6,61.6
174,2016-12-04,4.8,1.3,69.4
174,2016-12-05,7.9,1.9,68.1
174,2016-12-06,2,3.1,45.6
174,2016-12-07,1.6,1.1,69.8
174,2016-12-08,3,.9,68.6
174,2016-12-09,5.4,3.5,55
174,2016-12-10,2.3,2.7,34.8
174,2016-12-11,.9,1.7,42.9
174,2016-12-12,5,.6,72.6
174,2016-12-13,6,2,74.8
174,2016-12-14,1.3,4.3,55.5
174,2016-12-15,-.6,4.2,57.5
174,2016-12-16,-1.1,3.9,49.1
174,2016-12-17,2.4,1.9,63
174,2016-12-18,3,.6,75.4
174,2016-12-19,8.3,.5,92
174,2016-12-20,7.6,1,82.1
174,2016-12-21,8.5,.6,90
174,2016-12-22,8.5,3.8,75
174,2016-12-23,2,4.7,66.9
174,2016-12-24,1.1,2.4,60
174,2016-12-25,2.7,.6,72.5
174,2016-12-26,5.6,1.7,89.6
174,2016-12-27,1.1,4.4,55.3
174,2016-12-28,-.5,2.6,43.8
174,2016-12-29,-1.2,3.7,48.9
174,2016-12-30,-.5,2.9,43.8
174,2016-12-31,1.2,1.9,69
174,2017-01-01,1.9,1.3,76.8
174,2017-01-02,6.5,1.7,68.6
174,2017-01-03,3.7,2.4,57.4
174,2017-01-04,3.8,1.9,66.4
174,2017-01-05,5,1.3,68.1
174,2017-01-06,5.7,1.2,60.6
174,2017-01-07,4,.6,70.1
174,2017-01-08,7.4,1.6,73.1
174,2017-01-09,4.1,3.2,60.6
174,2017-01-10,1.3,4.2,52.9
174,2017-01-11,-1.3,3,45.3
174,2017-01-12,.7,2.4,64.9
174,2017-01-13,-1.1,3.1,63.5
174,2017-01-14,-4.4,4.3,51.6
174,2017-01-15,-4.3,3.7,40.4
174,2017-01-16,-2,2.7,41
174,2017-01-17,-2.1,.7,52.9
174,2017-01-18,1.9,2.4,45.8
174,2017-01-19,1.3,1.5,53.3
174,2017-01-20,-1.9,3.4,71.3
174,2017-01-21,-2.4,1.8,68.9
174,2017-01-22,-2.9,4.1,66.6
174,2017-01-23,-5.4,3.1,58.6
174,2017-01-24,-3.3,3.1,56.4
174,2017-01-25,-2.3,3,53.6
174,2017-01-26,-1,1.6,49
174,2017-01-27,.7,3.1,50.9
174,2017-01-28,1.7,1.4,40.1
174,2017-01-29,3.9,.7,85.4
174,2017-01-30,-1.1,5.1,58.4
174,2017-01-31,-1.7,3,42
174,2017-02-01,-.9,4.2,42.6
174,2017-02-02,-.3,4.4,34.8
174,2017-02-03,2.3,3,48.3
174,2017-02-04,5.9,1.1,54.8
174,2017-02-05,4.2,2.4,82.1
174,2017-02-06,.8,4,49.9
174,2017-02-07,.8,2.1,46.9
174,2017-02-08,1,2.6,51.6
174,2017-02-09,-2.5,4.1,59.9
174,2017-02-10,-4.3,4.2,61.5
174,2017-02-11,-3,3.4,61.9
174,2017-02-12,0,2.8,55.1
174,2017-02-13,2.1,2.1,55.1
174,2017-02-14,3.1,2.7,45
174,2017-02-15,2,1.3,47.6
174,2017-02-16,5.7,1.3,71.4
174,2017-02-17,5.9,4,53.9
174,2017-02-18,-.4,3.7,37.9
174,2017-02-19,2.5,1.7,52.9
174,2017-02-20,3.7,4.8,57.5
174,2017-02-21,.3,1.7,49.4
174,2017-02-22,4.6,1.3,89.1
174,2017-02-23,.6,4.1,55.5
174,2017-02-24,.3,3.5,42.1
174,2017-02-25,2.4,2.1,50.8
174,2017-02-26,2.4,1.6,56.5
174,2017-02-27,3.2,1.1,58.4
174,2017-02-28,3.6,1.1,56.4
174,2017-03-01,5.7,1.3,64.8
174,2017-03-02,2.4,3.9,66.1
174,2017-03-03,4.4,2.4,45.8
174,2017-03-04,5.5,1,53.1
174,2017-03-05,6.8,1.5,49.5
174,2017-03-06,2.3,4.3,37.5
174,2017-03-07,-1.3,3.4,54.9
174,2017-03-08,1,3.2,56.3
174,2017-03-09,5.3,2.9,39.5
174,2017-03-10,6,2.6,35.6
174,2017-03-11,5.7,1.2,39.3
174,2017-03-12,8.1,1.6,37.8
174,2017-03-13,9.4,2.7,35
174,2017-03-14,5.7,3.4,41
174,2017-03-15,4,1.5,49.3
174,2017-03-16,4.9,1.3,55.9
174,2017-03-17,5.8,1.2,43.3
174,2017-03-18,6.9,1.1,43.1
174,2017-03-19,8.3,1.4,44.1
174,2017-03-20,5.8,1.1,93.3
174,2017-03-21,7.2,3.3,54.4
174,2017-03-22,6.2,1.4,49.6
174,2017-03-23,9,2.2,37.8
174,2017-03-24,6.8,1.2,57.9
174,2017-03-25,5,.7,
174,2017-03-26,5.2,1.7,
174,2017-03-27,5.4,2.7,67.8
174,2017-03-28,6.8,1.8,63.3
174,2017-03-29,6.8,.6,100
174,2017-03-30,10.1,1.6,67.9
174,2017-03-31,9.3,1.1,81.3
174,2017-04-01,8.8,2.4,66.5
174,2017-04-02,7.2,2.2,54.4
174,2017-04-03,11.1,2.5,39.6
174,2017-04-04,12.3,1.3,51.1
174,2017-04-05,12.9,2,87
174,2017-04-06,14.6,1.8,93.5
174,2017-04-07,14.1,1.9,75.9
174,2017-04-08,16.7,2,61.5
174,2017-04-09,15.6,2.9,60.3
174,2017-04-10,13.5,1.8,55.8
174,2017-04-11,12,3.3,68
174,2017-04-12,11.8,3.2,31.4
174,2017-04-13,11.5,2.1,53.1
174,2017-04-14,12.2,1.8,68.9
174,2017-04-15,16.3,1.5,76.9
174,2017-04-16,16.4,1.3,66.5
174,2017-04-17,14.6,1.6,92.6
174,2017-04-18,14.5,3.4,69.1
174,2017-04-19,13.4,3.4,42.5
174,2017-04-20,11.3,1.2,63.5
174,2017-04-21,13.6,1.7,64.6
174,2017-04-22,12.4,1.4,72.5
174,2017-04-23,12.4,1.2,74.5
174,2017-04-24,12.7,1.4,67.5
174,2017-04-25,16.1,1.3,75
174,2017-04-26,14.6,2.2,63.6
174,2017-04-27,12.1,3,43.3
174,2017-04-28,14,2.5,53.5
174,2017-04-29,15.9,1.5,53.6
174,2017-04-30,18.2,1.9,59.6
174,2017-05-01,17.1,2,67.4
174,2017-05-02,15,1.3,62.9
174,2017-05-03,16.6,1.2,66.5
174,2017-05-04,16.8,1.5,76.5
174,2017-05-05,17.2,.9,97
174,2017-05-06,16.6,3.4,42.1
174,2017-05-07,16.1,2.2,55.1
174,2017-05-08,17.1,1.7,60.6
174,2017-05-09,12.8,1.8,97
174,2017-05-10,14.5,1.5,89.6
174,2017-05-11,18.7,1.2,74.6
174,2017-05-12,15.8,.8,96.6
174,2017-05-13,18.3,2,73.1
174,2017-05-14,16.4,3.2,53
174,2017-05-15,14.9,2.5,56.5
174,2017-05-16,16.8,2.6,58
174,2017-05-17,15.9,1.3,67.6
174,2017-05-18,19,1.7,61.3
174,2017-05-19,21,2.1,51.3
174,2017-05-20,19.6,1.5,53.6
174,2017-05-21,17.8,1,68.1
174,2017-05-22,18.7,1.3,68.5
174,2017-05-23,18,1.3,80
174,2017-05-24,20.1,1.3,83.5
174,2017-05-25,20,2.5,58.9
174,2017-05-26,15.4,3.1,53.8
174,2017-05-27,16.2,1.4,63.5
174,2017-05-28,19.4,1.4,59.5
174,2017-05-29,22.6,2.5,55.4
174,2017-05-30,21.9,1.3,62.1
174,2017-05-31,20.2,1.6,79.1
174,2017-06-01,21.4,2,72.4
174,2017-06-02,18.4,2,53.4
174,2017-06-03,18.8,2.7,54.3
174,2017-06-04,18.4,1.4,60.5
174,2017-06-05,19,1.6,65
174,2017-06-06,16.7,2.4,80.1
174,2017-06-07,17.9,2.5,88.9
174,2017-06-08,19.6,3.5,67
174,2017-06-09,20.7,2,63.6
174,2017-06-10,21.2,1,80.6
174,2017-06-11,20.5,1.8,83.9
174,2017-06-12,18.5,1.7,68.3
174,2017-06-13,18.5,1.1,79.5
174,2017-06-14,20.5,2.4,66
174,2017-06-15,21.5,2.6,59.6
174,2017-06-16,21.1,1.5,73.5
174,2017-06-17,21.6,1.1,74.4
174,2017-06-18,23.1,1.8,64.5
174,2017-06-19,23.6,1.6,59.3
174,2017-06-20,19.7,1.2,86.8
174,2017-06-21,22.4,1.5,81.3
174,2017-06-22,23,1.5,76.9
174,2017-06-23,23,1.3,77.8
174,2017-06-24,22.3,1.2,77.3
174,2017-06-25,22.4,1.3,85.3
174,2017-06-26,22,1.6,87.9
174,2017-06-27,21.8,1.3,86.4
174,2017-06-28,23.1,1.2,80.3
174,2017-06-29,21.3,1,92.6
174,2017-06-30,23.2,.8,91.5
174,2017-07-01,25.2,1.4,88.4
174,2017-07-02,25.9,1.6,88.1
174,2017-07-03,26,2,86.6
174,2017-07-04,26.4,1.2,86
174,2017-07-05,25.4,.9,91.1
174,2017-07-06,23.9,1,96.3
174,2017-07-07,25.3,.9,91.8
174,2017-07-08,24.5,.7,96.3
174,2017-07-09,26.2,1.1,89.5
174,2017-07-10,26.5,1.9,87.8
174,2017-07-11,25.6,1.4,88.3
174,2017-07-12,27.1,1.4,80.4
174,2017-07-13,27,1,77.6
174,2017-07-14,24.8,1,88.3
174,2017-07-15,25.1,.6,92.8
174,2017-07-16,27.1,1.4,84.1
174,2017-07-17,25.7,.8,88.5
174,2017-07-18,25.9,1.1,86.9
174,2017-07-19,27,1.4,83.4
174,2017-07-20,28.3,1.2,82.1
174,2017-07-21,29,1.1,81.1
174,2017-07-22,28.9,.9,77.4
174,2017-07-23,28,.9,82.9
174,2017-07-24,28.6,1.3,82.9
174,2017-07-25,27.9,1.2,84.8
174,2017-07-26,26.1,1.7,75
174,2017-07-27,24.9,1.2,74.5
174,2017-07-28,26.8,1,79.3
174,2017-07-29,26.4,1.5,87.3
174,2017-07-30,25.8,1.1,87.4
174,2017-07-31,25.9,.9,89.1
174,2017-08-01,26.9,1.2,85
174,2017-08-02,26.5,.9,88.5
174,2017-08-03,26.8,1.7,79.4
174,2017-08-04,27.9,1.1,81
174,2017-08-05,29,1.3,74.6
174,2017-08-06,29.6,1.3,70.4
174,2017-08-07,28.8,2.6,72.5
174,2017-08-08,27,1,80.6
174,2017-08-09,25.9,.9,91.6
174,2017-08-10,27.2,2.3,76.6
174,2017-08-11,26.4,1.5,79.3
174,2017-08-12,26,1.2,80.1
174,2017-08-13,23.4,1.3,85.1
174,2017-08-14,22.5,1,95.5
174,2017-08-15,22.9,.6,96.9
174,2017-08-16,25.5,1.2,84.3
174,2017-08-17,25.3,1.5,81.1
174,2017-08-18,25.1,1.1,83
174,2017-08-19,25.5,1.4,85.5
174,2017-08-20,24.4,1.6,93.5
174,2017-08-21,24.5,1.3,93.5
174,2017-08-22,26.3,.9,91.5
174,2017-08-23,27.9,1.5,87.3
174,2017-08-24,27.5,1.4,86.1
174,2017-08-25,26.2,1.3,80.4
174,2017-08-26,23.2,1.8,66.9
174,2017-08-27,21.6,.9,73.1
174,2017-08-28,23.6,.9,85.9
174,2017-08-29,23.7,2.6,67.9
174,2017-08-30,20.2,2.3,62.1
174,2017-08-31,22,2,68.3
174,2017-09-01,21.6,.8,76.8
174,2017-09-02,19.8,.7,83.5
174,2017-09-03,20.1,1,77.9
174,2017-09-04,20.8,.9,84.1
174,2017-09-05,20.8,.4,93.9
174,2017-09-06,21.4,.5,98.1
174,2017-09-07,20.5,2.2,86.5
174,2017-09-08,21.2,1.5,83.4
174,2017-09-09,21.6,.7,84.6
174,2017-09-10,22,1.2,80.3
174,2017-09-11,21.2,1.8,93.4
174,2017-09-12,22.6,2.3,74.1
174,2017-09-13,20.2,1.9,68.5
174,2017-09-14,19.6,1,79.6
174,2017-09-15,18.5,1.7,77.4
174,2017-09-16,18.4,1.1,83.8
174,2017-09-17,21.4,1.5,80.3
174,2017-09-18,20,1.6,80
174,2017-09-19,20.8,1,85.1
174,2017-09-20,18.7,1.4,79
174,2017-09-21,17.6,.9,82.6
174,2017-09-22,18.2,.8,83
174,2017-09-23,19.3,1.1,81.1
174,2017-09-24,20.6,.8,83.4
174,2017-09-25,21,1.1,84.4
174,2017-09-26,22.3,1.6,75.6
174,2017-09-27,19.4,1.5,94.5
174,2017-09-28,19.1,1.7,75.8
174,2017-09-29,15.3,2,64.8
174,2017-09-30,15.1,.7,71.9
174,2017-10-01,14.8,1.3,97.9
174,2017-10-02,20.9,1.6,92.6
174,2017-10-03,19,2,78
174,2017-10-04,18.2,1.8,76.6
174,2017-10-05,16,1.2,86.3
174,2017-10-06,16.2,.6,99
174,2017-10-07,19.1,1.3,87.4
174,2017-10-08,19.6,.9,88.1
174,2017-10-09,20.1,.7,87.6
174,2017-10-10,20.8,1.1,87.4
174,2017-10-11,17.5,2.1,94.3
174,2017-10-12,12.8,2.2,94.4
174,2017-10-13,13.4,2.4,61.8
174,2017-10-14,14.5,1.6,67.5
174,2017-10-15,13.5,.6,92.4
174,2017-10-16,14,.6,91.1
174,2017-10-17,13.5,.5,89.4
174,2017-10-18,14.3,.6,86.8
174,2017-10-19,13.7,.6,84.1
174,2017-10-20,13.6,.6,85.8
174,2017-10-21,13.2,.9,80.8
174,2017-10-22,13.5,1.4,74
174,2017-10-23,11.9,1,77.6
174,2017-10-24,10,.7,91.1
174,2017-10-25,10.3,1.1,85
174,2017-10-26,11.4,.6,82.3
174,2017-10-27,12.4,.7,84.1
174,2017-10-28,13.7,.6,85.5
174,2017-10-29,13,3.4,67.3
174,2017-10-30,8.2,3.4,50.4
174,2017-10-31,8.2,1.6,66
174,2017-11-01,8.8,1.4,82.3
174,2017-11-02,11.5,.8,84.5
174,2017-11-03,10.6,2.1,80.6
174,2017-11-04,7,2.4,66.4
174,2017-11-05,6.8,1.5,71.3
174,2017-11-06,8.3,1.2,79.6
174,2017-11-07,13.2,.8,87.4
174,2017-11-08,13.7,3,68.3
174,2017-11-09,10.1,1.5,72.1
174,2017-11-10,11.2,2.4,77.4
174,2017-11-11,6.7,3.2,56.5
174,2017-11-12,5.5,.8,75.1
174,2017-11-13,7.6,.9,73
174,2017-11-14,9.1,2.7,55.6
174,2017-11-15,4.3,2.1,65.3
174,2017-11-16,2.5,1.3,68.5
174,2017-11-17,5.2,.7,71.4
174,2017-11-18,2.4,3.5,49
174,2017-11-19,2.2,3.2,50
174,2017-11-20,3.7,2.4,57
174,2017-11-21,2.4,1.2,74
174,2017-11-22,5.9,1.8,73.6
174,2017-11-23,1.4,2,82.1
174,2017-11-24,1.4,1.4,78.3
174,2017-11-25,1.7,1.1,84.4
174,2017-11-26,4.7,1.2,83.5
174,2017-11-27,4.4,.7,84.1
174,2017-11-28,8.2,1.1,80.9
174,2017-11-29,8.8,3.1,53
174,2017-11-30,2.6,3.9,32.8
174,2017-12-01,-.5,2.5,43.1
174,2017-12-02,-1,.8,71.4
174,2017-12-03,2.7,1,75.8
174,2017-12-04,1.6,3.4,71.3
174,2017-12-05,-1.6,3.1,58.3
174,2017-12-06,-1.3,.9,72.8
174,2017-12-07,1.1,1.3,78.5
174,2017-12-08,-1.2,3.3,61.6
174,2017-12-09,-.2,.9,73.8
174,2017-12-10,3.5,2.2,79.6
174,2017-12-11,-1.5,4.4,65.9
174,2017-12-12,-5,3.1,58.3
174,2017-12-13,-3.8,3.4,47.8
174,2017-12-14,-2.2,1.3,42.3
174,2017-12-15,-.4,1.9,49.8
174,2017-12-16,-.7,3.4,61.1
174,2017-12-17,-3.4,2.5,60.6
174,2017-12-18,-.6,1.2,72.8
174,2017-12-19,-.8,3.3,61.4
174,2017-12-20,-.1,1.9,61.1
174,2017-12-21,-.2,2.2,63.1
174,2017-12-22,-.5,1.2,71.9
174,2017-12-23,2.5,.8,79.4
174,2017-12-24,4.8,2.8,85.8
174,2017-12-25,.4,3.4,55.5
174,2017-12-26,.3,3.8,58.4
174,2017-12-27,-2.8,3.7,43.3
174,2017-12-28,0,2.8,50.8
174,2017-12-29,4.9,3.4,67.6
174,2017-12-30,2.9,.9,77.3
174,2017-12-31,2.5,3.4,58.5
174,2018-01-01,.2,2.2,55.1
174,2018-01-02,.5,2.1,71.1
174,2018-01-03,-1,3.6,51.6
174,2018-01-04,-.9,2.6,52.9
174,2018-01-05,.2,3.6,56.1
174,2018-01-06,.6,2.9,54
174,2018-01-07,.8,.5,72.5
174,2018-01-08,2.7,2.3,87.8
174,2018-01-09,-1.2,4.2,78.8
174,2018-01-10,-3.7,2.1,87.9
174,2018-01-11,-7.5,2.2,76.6
174,2018-01-12,-8.3,2.7,67.6
174,2018-01-13,-4,1.5,75
174,2018-01-14,-1.8,.7,82
174,2018-01-15,.4,1.1,79.8
174,2018-01-16,,.9,97
174,2018-01-17,4.4,2.1,90.5
174,2018-01-18,4.3,2.6,74.6
174,2018-01-19,2.7,2.7,51.9
174,2018-01-20,1.7,1.9,58.9
174,2018-01-21,2.3,.9,63.9
174,2018-01-22,4.2,2.1,65.1
174,2018-01-23,-4.9,4.3,60.1
174,2018-01-24,-8.9,3.7,50.6
174,2018-01-25,-8.6,4.4,50.6
174,2018-01-26,-9.2,5,54.1
174,2018-01-27,-4.5,2.6,41
174,2018-01-28,-1.6,3.6,46.9
174,2018-01-29,-5.1,4,58
174,2018-01-30,-4.7,2.2,54.8
174,2018-01-31,-.8,1.5,62.4
174,2018-02-01,-1.3,2.1,51.6
174,2018-02-02,-1.7,2.8,40.5
174,2018-02-03,-4.8,3.9,71.9
174,2018-02-04,-7.2,3.8,67
174,2018-02-05,-7,3.2,62.8
174,2018-02-06,-7.6,3.2,61.8
174,2018-02-07,-5.4,2.9,56.1
174,2018-02-08,-3.8,1,53.8
174,2018-02-09,1.8,1.3,62.8
174,2018-02-10,1.8,3.5,58.3
174,2018-02-11,-3.2,3.3,74.6
174,2018-02-12,-3.7,3.8,79.1
174,2018-02-13,-1.3,2,65.5
174,2018-02-14,3.7,1.6,75.3
174,2018-02-15,3.7,3.1,46.3
174,2018-02-16,2.3,2.9,40.1
174,2018-02-17,1.1,4.1,37.4
174,2018-02-18,2.7,1.6,30.9
174,2018-02-19,4.5,1.2,44.9
174,2018-02-20,3.5,2.1,52
174,2018-02-21,1.5,3.6,32.8
174,2018-02-22,.6,1.9,39.3
174,2018-02-23,1.9,1.3,68.6
174,2018-02-24,4.3,1.3,73.5
174,2018-02-25,5.3,1.4,60
174,2018-02-26,4,1.6,48.6
174,2018-02-27,5,1,63.5
174,2018-02-28,6,3.1,88.6
174,2018-03-01,2.7,5.4,64.4
174,2018-03-02,2.1,2.2,56.1
174,2018-03-03,6.5,1.3,73.9
174,2018-03-04,10.1,1,98.4
174,2018-03-05,8.5,1.4,98.8
174,2018-03-06,5.5,1.3,78.4
174,2018-03-07,4.9,1.7,83.8
174,2018-03-08,3.6,4.2,88.6
174,2018-03-09,4.6,2.5,74.9
174,2018-03-10,5.2,1.9,63.1
174,2018-03-11,7.4,2.2,58.4
174,2018-03-12,6.8,1.4,72.5
174,2018-03-13,9.6,1.8,73.6
174,2018-03-14,12.4,1.5,80.4
174,2018-03-15,13.6,.9,98.5
174,2018-03-16,6.7,2.1,89.9
174,2018-03-17,4.5,1.4,72.3
174,2018-03-18,6.7,.7,92.4
174,2018-03-19,10.5,.8,95.4
174,2018-03-20,6.4,2.1,66.6
174,2018-03-21,1.4,2.1,96.8
174,2018-03-22,5.1,3.1,68
174,2018-03-23,6.9,2.7,57.1
174,2018-03-24,9.1,2,59.8
174,2018-03-25,11.2,1.8,65
174,2018-03-26,11.4,1.9,63.9
174,2018-03-27,12.7,1.5,62.1
174,2018-03-28,13.4,1.5,66.5
174,2018-03-29,14.8,1.8,68.3
174,2018-03-30,12.6,1.7,64
174,2018-03-31,12.3,1.3,63.3
174,2018-04-01,14.2,1.1,76.9
174,2018-04-02,15.1,1.6,79.4
174,2018-04-03,16,2,80.9
174,2018-04-04,13.3,1.2,95.6
174,2018-04-05,9,2.3,95
174,2018-04-06,8.9,4.6,66
174,2018-04-07,3.5,4.3,61.6
174,2018-04-08,7.5,2,64.9
174,2018-04-09,11.8,1.8,59.1
174,2018-04-10,,2.4,
174,2018-04-11,16.5,3.3,51.5
174,2018-04-12,12.3,1.8,43
174,2018-04-13,12.1,2.4,45.3
174,2018-04-14,9.9,2.9,88.9
174,2018-04-15,9.9,4.3,64
174,2018-04-16,10.5,2,65.4
174,2018-04-17,11.7,1.3,71.8
174,2018-04-18,12.9,1.3,65.3
174,2018-04-19,15.5,2.3,44.6
174,2018-04-20,16.5,1.4,53.9
174,2018-04-21,16.2,1.3,68
174,2018-04-22,16.7,1.9,87.6
174,2018-04-23,12.5,1.4,99.9
174,2018-04-24,12.8,1.1,98.6
174,2018-04-25,14.2,1.2,77.6
174,2018-04-26,14.9,1.6,62.4
174,2018-04-27,15.2,2.5,60.8
174,2018-04-28,15,1.3,65.5
174,2018-04-29,14.4,1.4,69.8
174,2018-04-30,16.2,1.4,84.1
174,2018-05-01,16,.7,93.8
174,2018-05-02,15.8,2.3,88.1
174,2018-05-03,10.6,3.5,66.9
174,2018-05-04,11.7,2.3,54.8
174,2018-05-05,15.1,1.6,63.5
174,2018-05-06,16.3,1.2,99.9
174,2018-05-07,16.5,.9,93.6
174,2018-05-08,15.1,1.3,77.6
174,2018-05-09,13.2,1.5,78.1
174,2018-05-10,15.1,1.6,76.4
174,2018-05-11,15.5,1.3,67
174,2018-05-12,15.8,1.2,92
174,2018-05-13,18.3,2,80
174,2018-05-14,18.9,1.2,73.1
174,2018-05-15,20.4,1.1,82.1
174,2018-05-16,20.6,.9,100
174,2018-05-17,21.3,1.4,96.9
174,2018-05-18,21,1.5,94.9
174,2018-05-19,15.3,2,82.8
174,2018-05-20,16.8,2.7,48.6
174,2018-05-21,15.2,1.4,81.4
174,2018-05-22,17,1.4,82.1
174,2018-05-23,18,2.8,68.9
174,2018-05-24,17.8,1.7,63.6
174,2018-05-25,18.1,1.2,63.4
174,2018-05-26,18.2,1.4,71.6
174,2018-05-27,19.2,1.3,76.8
174,2018-05-28,18.3,1,92.5
174,2018-05-29,20.9,1.1,86.1
174,2018-05-30,21.1,1.4,82.5
174,2018-05-31,18.8,2.1,70.6
174,2018-06-01,20.7,1.2,71.9
174,2018-06-02,21.7,1.2,67.8
174,2018-06-03,20.9,1.1,73.3
174,2018-06-04,20.6,1.4,73.1
174,2018-06-05,18.8,.9,90.5
174,2018-06-06,21.5,1.4,79.9
174,2018-06-07,23,1.3,78.3
174,2018-06-08,22.5,2,74.3
174,2018-06-09,21.5,1.7,77.5
174,2018-06-10,18.9,1.2,85.3
174,2018-06-11,17.7,.9,97.9
174,2018-06-12,19.7,1.4,84.3
174,2018-06-13,20,1.8,81.6
174,2018-06-14,20.1,2.1,76.4
174,2018-06-15,18.9,1.6,78.6
174,2018-06-16,18,1.5,77.4
174,2018-06-17,19.4,1,80.5
174,2018-06-18,21.9,1.1,79.6
174,2018-06-19,20.7,.8,92.4
174,2018-06-20,22.4,2.1,77.4
174,2018-06-21,22.1,2,66.9
174,2018-06-22,21.9,1.1,69.6
174,2018-06-23,22.3,1.4,70
174,2018-06-24,24.9,2.5,65.9
174,2018-06-25,23.4,1.3,71.1
174,2018-06-26,22.6,1.6,95.5
174,2018-06-27,24.6,2.1,88.8
174,2018-06-28,21.8,1.2,98.3
174,2018-06-29,23.7,1.4,91.5
174,2018-06-30,,1.4,
174,2018-07-01,23.4,2.7,96.4
174,2018-07-02,24.3,1.7,93.5
174,2018-07-03,24.8,2.5,81
174,2018-07-04,26.3,2.3,78.3
174,2018-07-05,23.5,.9,95.1
174,2018-07-06,21.7,.8,91.9
174,2018-07-07,21.8,1.5,78
174,2018-07-08,21.4,1.6,76.8
174,2018-07-09,20.5,1,95.3
174,2018-07-10,24,1.1,89.5
174,2018-07-11,25.5,1.3,87.8
174,2018-07-12,26.5,1.1,85.4
174,2018-07-13,27.1,1.3,83.1
174,2018-07-14,27.4,1.5,80.3
174,2018-07-15,27.9,1.5,80
174,2018-07-16,27,1.2,81.3
174,2018-07-17,26.7,1,82.3
174,2018-07-18,26.8,1.1,80.9
174,2018-07-19,27.1,1,80.8
174,2018-07-20,27.9,.8,80.4
174,2018-07-21,27.4,1.2,78.9
174,2018-07-22,26.4,1.6,83.6
174,2018-07-23,27.4,1.2,83.1
174,2018-07-24,27,1.4,85.4
174,2018-07-25,27.6,1.1,83.4
174,2018-07-26,28.7,1,79
174,2018-07-27,29.2,1.4,80.8
174,2018-07-28,27.8,1.1,84.9
174,2018-07-29,28.6,1.4,77.4
174,2018-07-30,27.1,1.6,78.1
174,2018-07-31,27.4,1.1,77.8
174,2018-08-01,28,1.3,76.4
174,2018-08-02,28.2,1.8,74.6
174,2018-08-03,27.3,1.8,81.3
174,2018-08-04,28.4,1.3,81.3
174,2018-08-05,29.3,2.6,73.3
174,2018-08-06,28.8,1.7,77.3
174,2018-08-07,27.3,1.2,89.1
174,2018-08-08,28.3,1.3,84.6
174,2018-08-09,28.8,1.4,78.1
174,2018-08-10,27.4,1.3,86
174,2018-08-11,26.9,1.6,81.5
174,2018-08-12,26.4,1.5,85.3
174,2018-08-13,27.7,1.8,79.8
174,2018-08-14,28,1.2,79
174,2018-08-15,27.8,1.1,82.3
174,2018-08-16,26.4,1.9,82.5
174,2018-08-17,24.9,2.8,63.3
174,2018-08-18,22.6,1.4,76.9
174,2018-08-19,23.4,1.1,79.4
174,2018-08-20,24.2,1.3,84.8
174,2018-08-21,26.4,1.2,77.6
174,2018-08-22,27.5,2.7,75.9
174,2018-08-23,25.8,6.5,92.8
174,2018-08-24,25.2,3.3,88.3
174,2018-08-25,23.4,.5,89.5
174,2018-08-26,24.2,1.5,97.3
174,2018-08-27,24.2,.9,99
174,2018-08-28,25.8,1,90.8
174,2018-08-29,25.5,1.4,89.4
174,2018-08-30,25.8,1.1,92.4
174,2018-08-31,23.3,.8,99.8
174,2018-09-01,22,1.4,93.3
174,2018-09-02,21.2,1.2,88.8
174,2018-09-03,23.3,.8,100
174,2018-09-04,23.1,2.8,81
174,2018-09-05,21.2,1.5,83.1
174,2018-09-06,21.1,.8,92.4
174,2018-09-07,20.5,1.3,89.8
174,2018-09-08,18,1.3,82.1
174,2018-09-09,18.9,1,80.8
174,2018-09-10,18.5,.9,82.9
174,2018-09-11,17.6,1.2,82.9
174,2018-09-12,20.3,.9,85.5
174,2018-09-13,20,.7,98.6
174,2018-09-14,21.8,1.1,95.1
174,2018-09-15,22.1,.7,99.1
174,2018-09-16,23.3,1.3,87
174,2018-09-17,21.8,1.7,86.9
174,2018-09-18,20.7,1.3,77.4
174,2018-09-19,19.5,.8,90.8
174,2018-09-20,20.4,.8,99.3
174,2018-09-21,19.3,1.2,99.9
174,2018-09-22,19.3,1.5,86.1
174,2018-09-23,18.3,1.1,80.1
174,2018-09-24,16,1.4,
174,2018-09-25,14.8,.9,
174,2018-09-26,16.1,.9,
174,2018-09-27,15.8,.8,80.4
174,2018-09-28,16.9,1.1,81.9
174,2018-09-29,17.2,.9,89.6
174,2018-09-30,18.4,3.1,66.5
174,2018-10-01,15.9,2.2,73.5
174,2018-10-02,15.1,1.9,78.9
174,2018-10-03,14.1,1.2,81.8
174,2018-10-04,16.4,1.5,82.5
174,2018-10-05,18.1,.9,100
174,2018-10-06,19.2,3.7,95
174,2018-10-07,18.2,2.5,73.9
174,2018-10-08,15.1,2,68.5
174,2018-10-09,14,.7,88.3
174,2018-10-10,13.5,3,73.6
174,2018-10-11,10.9,2.9,62.6
174,2018-10-12,9.8,1.5,73.1
174,2018-10-13,10.3,.8,83.3
174,2018-10-14,12.4,.6,85.6
174,2018-10-15,13.6,1.1,80.3
174,2018-10-16,12,1.1,87.6
174,2018-10-17,12.1,1.6,73.8
174,2018-10-18,11.3,1.9,71.6
174,2018-10-19,10.7,1.3,81.1
174,2018-10-20,10.6,.7,78.1
174,2018-10-21,10.4,.6,78
174,2018-10-22,12,.6,84.9
174,2018-10-23,12.1,1,92.3
174,2018-10-24,11.8,1.6,77.9
174,2018-10-25,10.8,.9,80.5
174,2018-10-26,12.6,1.5,91.9
174,2018-10-27,10.6,3.2,73.1
174,2018-10-28,10.8,2,80.5
174,2018-10-29,10.8,2,80.1
174,2018-10-30,8.5,2.9,68.6
174,2018-10-31,7.6,1.8,80.1
174,2018-11-01,6.8,1.7,76.4
174,2018-11-02,7.4,.8,78.3
174,2018-11-03,8.1,.7,76.5
174,2018-11-04,9,1.1,74.4
174,2018-11-05,9.5,.8,76.4
174,2018-11-06,10.3,.6,81.5
174,2018-11-07,12.6,.4,90.6
174,2018-11-08,14.3,1.4,95.1
174,2018-11-09,10.9,2.2,80.6
174,2018-11-10,8.7,1,86.4
174,2018-11-11,9.1,.7,93.3
174,2018-11-12,10,2,79.6
174,2018-11-13,8.1,1.4,80.9
174,2018-11-14,7.8,.7,84.5
174,2018-11-15,8.1,.7,83.6
174,2018-11-16,9.1,1.6,90.9
174,2018-11-17,7.7,2.1,66.8
174,2018-11-18,6.3,2,57.4
174,2018-11-19,6,1.4,75
174,2018-11-20,4.9,.9,73.8
174,2018-11-21,6.2,.9,70.1
174,2018-11-22,4.6,3.2,56.8
174,2018-11-23,1.9,1.2,69.5
174,2018-11-24,4,.7,92.6
174,2018-11-25,6.2,1.3,88.4
174,2018-11-26,5.3,.7,84.4
174,2018-11-27,7.1,1.5,83.6
174,2018-11-28,6.6,1.3,75.5
174,2018-11-29,5.6,.7,66.3
174,2018-11-30,6,1.2,70.6
174,2018-12-01,6.4,1.2,62.6
174,2018-12-02,9.5,1,81.3
174,2018-12-03,13.6,.6,100
174,2018-12-04,10.5,2.8,84.6
174,2018-12-05,5.3,2.5,61.5
174,2018-12-06,3.7,3.5,84.8
174,2018-12-07,-2,4.2,59.4
174,2018-12-08,-3.5,2.4,58.9
174,2018-12-09,-2.8,2.3,48.4
174,2018-12-10,-1.9,1.3,51.6
174,2018-12-11,.9,1.8,91.3
174,2018-12-12,.7,3.6,68.1
174,2018-12-13,1.4,3.1,68.5
174,2018-12-14,-.6,3.3,63.6
174,2018-12-15,-1.5,1.1,60.6
174,2018-12-16,.8,1.3,87.5
174,2018-12-17,3.9,2.3,73.4
174,2018-12-18,2.4,1.9,68.1
174,2018-12-19,4,1,83.5
174,2018-12-20,5.9,.5,89.9
174,2018-12-21,5.4,.5,92.6
174,2018-12-22,7,.9,80.6
174,2018-12-23,5.8,3.7,64.4
174,2018-12-24,.6,2.8,63.9
174,2018-12-25,2.6,1.9,56
174,2018-12-26,4.2,2.6,49.4
174,2018-12-27,-3.5,4.8,39.9
174,2018-12-28,-6,4,61.5
174,2018-12-29,-4.1,3,58.8
174,2018-12-30,-2.9,2.6,52.8
174,2018-12-31,-2.1,2.3,49.9
174,2019-01-01,-.4,3.8,71.4
174,2019-01-02,-1,3.4,69.4
174,2019-01-03,-.9,2.6,56.6
174,2019-01-04,-.7,1.8,60.3
174,2019-01-05,2.6,3.1,57
174,2019-01-06,1,3.4,38.9
174,2019-01-07,1.4,3.2,60.5
174,2019-01-08,.5,3.7,62.8
174,2019-01-09,-1.3,1.8,46.6
174,2019-01-10,2,3.2,54.9
174,2019-01-11,3.4,2,64.5
174,2019-01-12,4,2.2,85
174,2019-01-13,3.7,2.6,68.1
174,2019-01-14,.8,1.3,72.8
174,2019-01-15,2,3.5,72.3
174,2019-01-16,-2.8,4.4,55.3
174,2019-01-17,1.4,3.6,64.6
174,2019-01-18,2.2,2.4,66.1
174,2019-01-19,3.3,.8,80
174,2019-01-20,1.7,4,67.1
174,2019-01-21,1.4,3.8,64.5
174,2019-01-22,2.3,2.3,65.8
174,2019-01-23,3.4,2.5,65.1
174,2019-01-24,2.1,2.8,43.6
174,2019-01-25,.8,3.4,53.4
174,2019-01-26,-1.4,3.8,49.9
174,2019-01-27,.4,3,56.6
174,2019-01-28,2.7,3.4,61.6
174,2019-01-29,.6,1.5,55.6
174,2019-01-30,4,1.8,47.8
174,2019-01-31,-.6,3.3,89.6
174,2019-02-01,-1.8,3.1,79.5
174,2019-02-02,.6,.9,83.6
174,2019-02-03,6.1,2.5,96.9
174,2019-02-04,3.3,3.5,47.3
174,2019-02-05,2.4,1,62.8
174,2019-02-06,5.4,1.2,74.9
174,2019-02-07,2,3.4,68
174,2019-02-08,-.3,3.1,40.4
174,2019-02-09,-1.4,4.1,50.3
174,2019-02-10,-.5,3.1,43.6
174,2019-02-11,-.8,3.8,57
174,2019-02-12,1,2.1,60.9
174,2019-02-13,2.1,2.8,49.6
174,2019-02-14,1.3,1.6,46.9
174,2019-02-15,2.7,2.3,60
174,2019-02-16,-.1,4,66.6
174,2019-02-17,.7,3.6,53.1
174,2019-02-18,2.9,1.5,53.1
174,2019-02-19,4.1,2,93.6
174,2019-02-20,2.9,3.3,71.5
174,2019-02-21,4,2.1,63.1
174,2019-02-22,4.9,1.4,64.5
174,2019-02-23,5,1.3,64.8
174,2019-02-24,6.1,1.6,65.9
174,2019-02-25,8,3.1,46.5
174,2019-02-26,6.4,1.9,46.6
174,2019-02-27,7.1,1.1,82.9
174,2019-02-28,8.2,2.6,61
174,2019-03-01,6.8,2.3,53
174,2019-03-02,7,1.3,66.3
174,2019-03-03,9.4,1,60
174,2019-03-04,9.8,2.2,52.8
174,2019-03-05,8.7,1.2,61.9
174,2019-03-06,9,1.8,70.3
174,2019-03-07,6.8,3.5,67.5
174,2019-03-08,5.8,1.5,60.8
174,2019-03-09,6.6,1,73.4
174,2019-03-10,6.9,1.3,98.4
174,2019-03-11,5.5,2,87.1
174,2019-03-12,6.2,3.6,72.1
174,2019-03-13,4,4.1,45.1
174,2019-03-14,4.5,1.4,56.8
174,2019-03-15,4.4,2.6,75.1
174,2019-03-16,6.7,2.7,61.6
174,2019-03-17,7.5,2.6,56
174,2019-03-18,6.6,1.3,64.6
174,2019-03-19,10.5,2.3,61.8
174,2019-03-20,10.6,2.1,87.5
174,2019-03-21,9.1,4.3,81.9
174,2019-03-22,5,4,60.1
174,2019-03-23,4.2,3.7,53.3
174,2019-03-24,4.3,2.5,55.3
174,2019-03-25,5.6,1.2,68.5
174,2019-03-26,9.4,1.7,66.4
174,2019-03-27,12,2,61.4
174,2019-03-28,13.4,2.2,68.4
174,2019-03-29,11.6,1.4,62.1
174,2019-03-30,8.3,3.8,65.1
174,2019-03-31,5.4,4.6,44.1
174,2019-04-01,5.9,2.9,50.5
174,2019-04-02,6.6,2.5,46.5
174,2019-04-03,7,2.6,41
174,2019-04-04,9.8,2.6,41.9
174,2019-04-05,11.5,2.5,54.9
174,2019-04-06,13.1,1.9,37.8
174,2019-04-07,11,.8,91.3
174,2019-04-08,13.9,2.3,54.1
174,2019-04-09,9.4,3.7,75.9
174,2019-04-10,7.9,2.2,94.6
174,2019-04-11,8.6,1.3,82
174,2019-04-12,10.3,1.8,59.1
174,2019-04-13,9.5,1.4,63.6
174,2019-04-14,9.6,2.1,74.5
174,2019-04-15,11.6,2.6,49.1
174,2019-04-16,12.5,1.2,51.6
174,2019-04-17,13.5,1.4,74.5
174,2019-04-18,15.1,1.9,66
174,2019-04-19,13.3,1.9,82.9
174,2019-04-20,14.5,1.3,79.4
174,2019-04-21,17.9,1.9,71.6
174,2019-04-22,16.4,1.7,76.9
174,2019-04-23,14.2,1.5,94.9
174,2019-04-24,17.5,1.1,94.8
174,2019-04-25,14.6,1.5,100
174,2019-04-26,9.7,2.7,88.6
174,2019-04-27,11.2,1.4,77.5
174,2019-04-28,10.5,1.1,82.4
174,2019-04-29,11.2,.7,98.6
174,2019-04-30,15.4,1,92.3
174,2019-05-01,16,3.5,69.3
174,2019-05-02,15.8,2.9,53.9
174,2019-05-03,15.8,1.3,61
174,2019-05-04,17.4,1.6,60.8
174,2019-05-05,17.5,1.5,63.8
174,2019-05-06,13.9,3.3,58.5
174,2019-05-07,,1.4,
174,2019-05-08,13.2,1.5,50.4
174,2019-05-09,16.1,2,40.5
174,2019-05-10,16.3,1.1,55.9
174,2019-05-11,17.3,1.1,62.5
174,2019-05-12,17.3,1.4,61.6
174,2019-05-13,16.7,1.4,73.8
174,2019-05-14,19.8,1.3,80.9
174,2019-05-15,19.5,1.2,78.3
174,2019-05-16,19.2,1.3,70.3
174,2019-05-17,18.8,1.2,80.4
174,2019-05-18,17,2.7,96
174,2019-05-19,18.4,2.2,98
174,2019-05-20,15.8,2.8,69.6
174,2019-05-21,14.8,2.2,61.4
174,2019-05-22,17.1,1.2,67.1
174,2019-05-23,19.5,1.5,65.4
174,2019-05-24,21,1.7,65.3
174,2019-05-25,20.3,.9,72
174,2019-05-26,20.1,2.3,79
174,2019-05-27,18.2,3.4,98.3
174,2019-05-28,16.1,3.1,70.6
174,2019-05-29,18.8,1.9,60.6
174,2019-05-30,18.8,1.5,65.1
174,2019-05-31,16,1.3,87.4
174,2019-06-01,18.1,1.2,77.6
174,2019-06-02,19.3,1.3,78.6
174,2019-06-03,20.4,1.1,74
174,2019-06-04,21.6,1.3,76.8
174,2019-06-05,23.1,1.3,71
174,2019-06-06,19.8,2,91.5
174,2019-06-07,18.5,1.3,97.8
174,2019-06-08,19.3,1.4,88.1
174,2019-06-09,19.5,1.5,83
174,2019-06-10,17.9,1.1,87
174,2019-06-11,17.4,1,93.4
174,2019-06-12,19.8,1.3,83
174,2019-06-13,19.7,1.4,86.4
174,2019-06-14,17.8,.7,95.6
174,2019-06-15,20.2,2.9,78.9
174,2019-06-16,20.2,2.1,78.8
174,2019-06-17,21.3,1.2,80.9
174,2019-06-18,20.2,1,89.4
174,2019-06-19,22.1,1.2,84.8
174,2019-06-20,23.2,1.5,78.9
174,2019-06-21,23.4,1.7,75.9
174,2019-06-22,20.6,1.4,88.5
174,2019-06-23,20,1.3,89.9
174,2019-06-24,21.3,1.2,83.5
174,2019-06-25,22,1.6,82.4
174,2019-06-26,18.8,.8,99.8
174,2019-06-27,24.3,1.2,86.6
174,2019-06-28,22.8,1.4,86.3
174,2019-06-29,20.1,.7,100
174,2019-06-30,24.3,2.3,87.6
174,2019-07-01,22.4,1.2,94.4
174,2019-07-02,22.7,1.7,83.8
174,2019-07-03,21.5,1.1,87.3
174,2019-07-04,23.4,1.2,84.5
174,2019-07-05,24.1,1.1,82.5
174,2019-07-06,23.3,1.5,80.8
174,2019-07-07,21.5,1.5,84.6
174,2019-07-08,21.4,1.2,85
174,2019-07-09,22,1.1,81.9
174,2019-07-10,19.8,1.2,98.9
174,2019-07-11,21.2,2.5,93.3
174,2019-07-12,22.4,2.2,85
174,2019-07-13,21.6,.6,95.1
174,2019-07-14,23.1,1.3,90.4
174,2019-07-15,23,1.2,89
174,2019-07-16,23.2,.9,85.8
174,2019-07-17,23.3,1.3,84.9
174,2019-07-18,21.6,.9,98.3
174,2019-07-19,22.9,2.5,100
174,2019-07-20,23.2,5.1,100
174,2019-07-21,23.7,1.3,99.3
174,2019-07-22,25.9,1.1,91.1
174,2019-07-23,26.4,1.3,86.9
174,2019-07-24,25.2,.9,95.1
174,2019-07-25,25.7,1,97.6
174,2019-07-26,26,1.1,94.4
174,2019-07-27,25.2,.5,100
174,2019-07-28,26.3,1.3,93.3
174,2019-07-29,26.7,1.5,87.6
174,2019-07-30,26.7,1.4,89.9
174,2019-07-31,27.3,1.6,88.4
174,2019-08-01,27.1,1.1,86.6
174,2019-08-02,27.4,1,83.4
174,2019-08-03,27.3,1.2,79.6
174,2019-08-04,27.2,1.1,76.9
174,2019-08-05,27.7,.9,77.9
174,2019-08-06,,1.2,
174,2019-08-07,26.7,1,82.4
174,2019-08-08,26.8,1.2,79.9
174,2019-08-09,26.8,.8,80
174,2019-08-10,27.1,2.2,71.5
174,2019-08-11,26.9,4.8,75
174,2019-08-12,26.4,3.4,88.3
174,2019-08-13,27.6,1,80.8
174,2019-08-14,27.6,1.1,82
174,2019-08-15,26.2,2.4,82.6
174,2019-08-16,25,1.6,82.9
174,2019-08-17,25.1,1.2,79
174,2019-08-18,24.8,1.3,73.4
174,2019-08-19,23.7,.8,80.3
174,2019-08-20,25.1,1.3,80.1
174,2019-08-21,25,.9,88.5
174,2019-08-22,25.5,1.6,86.8
174,2019-08-23,23.2,1.2,83.6
174,2019-08-24,21.5,1,84.8
174,2019-08-25,21.6,.8,83.1
174,2019-08-26,22.6,1.4,79.8
174,2019-08-27,21.9,.6,97.6
174,2019-08-28,23.4,.8,88.9
174,2019-08-29,21.2,1,92.9
174,2019-08-30,21.2,1.5,78.9
174,2019-08-31,20.7,1,83
174,2019-09-01,19.9,.5,93.4
174,2019-09-02,20,.3,97
174,2019-09-03,22,.8,95.6
174,2019-09-04,23.5,1.1,94.6
174,2019-09-05,24.5,1,90.5
174,2019-09-06,24.6,2.2,86.1
174,2019-09-07,23.9,4.7,90.1
174,2019-09-08,23.3,.6,90.8
174,2019-09-09,24.5,1.8,89.5
174,2019-09-10,25.3,1.6,83.9
174,2019-09-11,25,1.1,86
174,2019-09-12,20.9,1,90.3
174,2019-09-13,21.2,.9,80.8
174,2019-09-14,22,1.2,81.3
174,2019-09-15,23.7,1.1,83.1
174,2019-09-16,23.3,1,83
174,2019-09-17,20.5,.8,77.1
174,2019-09-18,20.7,2,63.8
174,2019-09-19,18.1,.8,76.9
174,2019-09-20,18.8,1.5,70.5
174,2019-09-21,16.9,.7,97.1
174,2019-09-22,18.1,2.3,83.9
174,2019-09-23,17.7,1.7,82.3
174,2019-09-24,16.6,.8,82
174,2019-09-25,17.2,.7,81.9
174,2019-09-26,19.7,.9,81.8
174,2019-09-27,20.6,1,86.5
174,2019-09-28,22.7,.8,89.1
174,2019-09-29,23.1,1.1,82.1
174,2019-09-30,22.6,.9,86.3
174,2019-10-01,,.6,
174,2019-10-02,20.8,3.2,96.9
174,2019-10-03,21.3,2.2,85.5
174,2019-10-04,21.3,1.4,84.1
174,2019-10-05,18.3,2.6,82.4
174,2019-10-06,17.4,1.2,78.8
174,2019-10-07,15.7,1,91.1
174,2019-10-08,16,3,67.8
174,2019-10-09,13,1.7,61.9
174,2019-10-10,14.2,.8,72.6
174,2019-10-11,16.3,1,75.1
174,2019-10-12,15.7,1,75.3
174,2019-10-13,14.2,.8,76.6
174,2019-10-14,14.2,2.2,73.8
174,2019-10-15,13.4,1.3,76.3
174,2019-10-16,12.3,.7,82.4
174,2019-10-17,12.3,.6,83.1
174,2019-10-18,14.5,.7,85
174,2019-10-19,16.3,1.6,77.3
174,2019-10-20,14.6,.8,81
174,2019-10-21,14.1,.7,77.9
174,2019-10-22,15.2,.7,79.3
174,2019-10-23,15.1,.7,83.4
174,2019-10-24,15.5,.7,81.5
174,2019-10-25,16.3,1.6,72.4
174,2019-10-26,12.8,3.2,66.1
174,2019-10-27,10.1,2,71
174,2019-10-28,9.7,.7,77.9
174,2019-10-29,12,1.9,70
174,2019-10-30,11.3,2,68.4
174,2019-10-31,12.3,1.8,73.8
174,2019-11-01,13.5,1.2,79
174,2019-11-02,12.2,.6,82.5
174,2019-11-03,12.5,1.3,75.9
174,2019-11-04,11.9,.6,84.6
174,2019-11-05,12.7,1.5,77.4
174,2019-11-06,11.5,1.5,71.1
174,2019-11-07,11.2,2.6,65.8
174,2019-11-08,8.5,2.5,50.3
174,2019-11-09,7.5,1.3,60.4
174,2019-11-10,8.9,1.3,78.8
174,2019-11-11,12.4,2.5,71.1
174,2019-11-12,10.3,1.3,69.1
174,2019-11-13,9.2,1.7,74.3
174,2019-11-14,3.8,2.9,58.3
174,2019-11-15,5.8,1.2,77
174,2019-11-16,9.2,.6,83.6
174,2019-11-17,12.6,.9,90.3
174,2019-11-18,9.2,4.2,70
174,2019-11-19,4.8,3.4,64
174,2019-11-20,3.5,1.7,56.6
174,2019-11-21,4.9,.9,63.1
174,2019-11-22,8.5,.9,76.8
174,2019-11-23,9.8,1.4,79.4
174,2019-11-24,14.1,1.9,80.3
