217,2011-06-01,14.8,.9,85
217,2011-06-02,17.2,1.1,71.9
217,2011-06-03,17.9,1.5,64.5
217,2011-06-04,19.3,2.5,62.5
217,2011-06-05,19.4,1.8,62.3
217,2011-06-06,20,1.5,60.1
217,2011-06-07,19.9,1,57.9
217,2011-06-08,21.1,1.7,56.9
217,2011-06-09,20.5,2.2,65.6
217,2011-06-10,20.1,1.1,70.8
217,2011-06-11,21.3,1.2,58.5
217,2011-06-12,20.4,1,66
217,2011-06-13,18.9,1.1,75.8
217,2011-06-14,20.7,1,64.1
217,2011-06-15,21.1,.9,61.3
217,2011-06-16,21.3,1.3,54.6
217,2011-06-17,21.4,1.2,51.9
217,2011-06-18,21.9,1,59.4
217,2011-06-19,22.1,1.2,54
217,2011-06-20,22,1.5,63.4
217,2011-06-21,23.5,2.6,58.8
217,2011-06-22,22.1,2.3,79
217,2011-06-23,23.8,5.3,83.8
217,2011-06-24,17.3,2.3,91
217,2011-06-25,16.2,1.4,89.9
217,2011-06-26,16.3,1.7,87.1
217,2011-06-27,18.8,4.1,83.3
217,2011-06-28,22.3,2,69.9
217,2011-06-29,22.3,2,85.4
217,2011-06-30,22.9,2,83.4
217,2011-07-01,23.9,1.1,80.8
217,2011-07-02,24.8,1.2,79.1
217,2011-07-03,21.2,1,94
217,2011-07-04,22.7,1.4,77
217,2011-07-05,21.5,1.1,77.6
217,2011-07-06,21.6,.9,74.5
217,2011-07-07,21.1,1.1,87.4
217,2011-07-08,22.6,2.7,87.5
217,2011-07-09,21.2,1.1,90.9
217,2011-07-10,20.6,.9,92.5
217,2011-07-11,21.5,.7,88.1
217,2011-07-12,21.8,.9,92.4
217,2011-07-13,22.3,1.2,90.3
217,2011-07-14,23,1.5,89.9
217,2011-07-15,23.7,2.1,88.9
217,2011-07-16,24.7,1.8,83.9
217,2011-07-17,26,1.1,78.5
217,2011-07-18,25.5,1.8,72.1
217,2011-07-19,24.1,3.5,72.9
217,2011-07-20,23.3,3.1,64.4
217,2011-07-21,21.2,1.9,65.9
217,2011-07-22,22.9,1.2,71.6
217,2011-07-23,24.7,1,76.8
217,2011-07-26,24.3,1,81.5
217,2011-07-27,21.7,.7,95
217,2011-07-28,23.7,2.4,86.3
217,2011-07-29,25.1,1.9,81.6
217,2011-07-30,22.8,.5,93.6
217,2011-07-31,23.3,.9,88
217,2011-08-01,23.9,.7,86
217,2011-08-02,23,.5,91.8
217,2011-08-03,24.9,1,83.9
217,2011-08-04,25.5,.8,81.3
217,2011-08-05,26,.9,77
217,2011-08-06,25.2,1,79.6
217,2011-08-07,27.1,1.5,67.6
217,2011-08-08,26.2,2.4,72.1
217,2011-08-09,23.8,4,79.4
217,2011-08-10,24.9,1.3,78.9
217,2011-08-11,26.2,2,73.3
217,2011-08-12,23.9,1.1,89.6
217,2011-08-13,25,1.4,80.6
217,2011-08-14,24.6,1.6,83.5
217,2011-08-15,23.9,1.2,85.5
217,2011-08-16,24.7,1.7,82.9
217,2011-08-19,21.9,.8,83.8
217,2011-08-20,21.7,1,80.1
217,2011-08-21,21.4,1.3,72.9
217,2011-08-22,20,1,75.9
217,2011-08-23,19.9,1.5,73.4
217,2011-08-24,20.2,1.2,74.4
217,2011-08-25,20.3,1,81.6
217,2011-08-26,21,1,80
217,2011-08-27,22.8,1,78.3
217,2011-08-28,24.4,.9,73.8
217,2011-08-29,25.3,1.1,76.8
217,2011-08-30,24.5,1,81.3
217,2011-08-31,24.5,.9,74.3
217,2011-09-01,24.1,1.2,72
217,2011-09-02,22.3,2.1,73.4
217,2011-09-03,22.2,3.6,67.5
217,2011-09-04,20.7,3,68.3
217,2011-09-05,20.5,1.2,74.1
217,2011-09-06,19.3,1.5,71.4
217,2011-09-07,18.8,1.2,73.9
217,2011-09-08,18.4,.9,80.8
217,2011-09-09,17.2,.8,84.6
217,2011-09-10,16.8,.8,93.1
217,2011-09-11,18.4,.6,95.5
217,2011-09-12,21.4,.6,86.9
217,2011-09-13,21.9,.8,85.8
217,2011-09-14,23.2,.9,81.1
217,2011-09-15,22.1,.9,82.1
217,2011-09-16,22.4,1,79.3
217,2011-09-17,22.1,1.5,75.5
217,2011-09-18,17.5,2.2,75.8
217,2011-09-19,13.8,2,70.9
217,2011-09-20,14.8,2.4,59.5
217,2011-09-21,14.4,2.2,60.6
217,2011-09-22,12.9,.9,74.5
217,2011-09-23,13.6,1,77
217,2011-09-24,14.3,1,76.9
217,2011-09-25,14.5,1,75.3
217,2011-09-26,14.6,1.2,73.1
217,2011-09-27,14.2,1.2,67.8
217,2011-09-28,14,.9,76.8
217,2011-09-29,13.6,.6,94.4
217,2011-09-30,14.3,1.9,67.5
217,2011-10-01,10.6,1.8,75.1
217,2011-10-02,8.9,1.4,71.3
217,2011-10-03,9.1,1,74.6
217,2011-10-04,10.3,1.2,71.9
217,2011-10-05,12.1,.9,71.9
217,2011-10-06,11.4,1.9,72.5
217,2011-10-07,10.1,.9,76.8
217,2011-10-08,11,.8,78.5
217,2011-10-09,,.8,
217,2011-10-10,,1.1,
217,2011-10-11,13.3,.9,74.5
217,2011-10-12,12.3,.9,78.5
217,2011-10-13,12.5,1,70.8
217,2011-10-14,10.7,.5,93.1
217,2011-10-15,13.2,2.7,78.1
217,2011-10-16,12.4,3.3,67.6
217,2011-10-17,9.9,2.7,48.5
217,2011-10-18,6.2,.8,62.4
217,2011-10-19,8.6,1,72.9
217,2011-10-20,11.3,1,76.4
217,2011-10-21,13,1.5,79.1
217,2011-10-22,12.7,1.7,88.8
217,2011-10-23,12.3,1,83.6
217,2011-10-24,12.7,1.7,75.6
217,2011-10-25,5.6,2.1,56.4
217,2011-10-26,5.2,1.1,61.5
217,2011-10-27,7.5,1,64.1
217,2011-10-28,10,1,71.8
217,2011-10-29,10,.8,90.5
217,2011-10-30,10.9,.9,86.5
217,2011-10-31,10.3,1.1,70.9
217,2011-11-01,10.5,.8,74.8
217,2011-11-02,12.3,.8,77.9
217,2011-11-03,13,1.2,78.6
217,2011-11-04,15.3,.8,78.4
217,2011-11-05,16.2,1.1,80.3
217,2011-11-06,12.5,1.3,89
217,2011-11-07,12.2,.6,87.5
217,2011-11-08,11.2,1.1,78.1
217,2011-11-09,9.5,.9,82.6
217,2011-11-10,9.2,1,77.6
217,2011-11-11,8.5,.7,79.4
217,2011-11-12,7.7,1.6,76.8
217,2011-11-13,8,1.7,65.1
217,2011-11-14,4.2,1.3,60.9
217,2011-11-15,3.2,.9,57.3
217,2011-11-16,4.4,1.2,66.5
217,2011-11-17,7.3,.7,74.3
217,2011-11-18,9.1,.5,95.8
217,2011-11-19,11.4,2.5,73.8
217,2011-11-20,.9,4.3,32.1
217,2011-11-21,-1,1.6,40.6
217,2011-11-22,.7,1.4,64
217,2011-11-23,1.5,3.5,74
217,2011-11-24,-1.7,3.5,40.4
217,2011-11-25,-.8,1.2,56.4
217,2011-11-26,2.3,1.5,71.5
217,2011-11-27,11.3,4.9,69.9
217,2011-11-28,11.8,1.3,77.9
217,2011-11-29,7.7,1.4,83.1
217,2011-11-30,3,2.3,84.5
217,2011-12-01,2.6,2,70.8
217,2011-12-02,3.5,1.4,75
217,2011-12-03,2.5,.8,95
217,2011-12-04,1.6,1.7,72
217,2011-12-05,-1.1,.7,70.3
217,2011-12-06,.4,.7,80.6
217,2011-12-07,1.4,.7,72.6
217,2011-12-08,0,1.2,79.6
217,2011-12-09,-3.2,1.7,79.6
217,2011-12-10,-4.1,1.3,62.8
217,2011-12-11,1.1,3.1,57.5
217,2011-12-12,2.3,2,64.6
217,2011-12-13,-1.3,1,72.1
217,2011-12-14,1,1.7,69
217,2011-12-15,-2.6,4,35
217,2011-12-16,-7.2,3.3,32.6
217,2011-12-17,-8,2,48.3
217,2011-12-18,-4.9,2,50.1
217,2011-12-19,-5.3,1.3,54
217,2011-12-20,-5.6,.9,62
217,2011-12-21,-2.3,1.5,78.1
217,2011-12-22,-4.8,3.8,36.1
217,2011-12-23,-9.2,1.2,51.9
217,2011-12-24,-6.6,3.3,50.3
217,2011-12-25,-7.8,3.2,32.6
217,2011-12-26,-8.8,2.1,41.6
217,2011-12-27,-8.5,.8,55
217,2011-12-28,-4.3,1,68.5
217,2011-12-29,-.4,1.3,65.1
217,2011-12-30,-4.5,1.1,70.1
217,2011-12-31,-4.6,1,65.4
217,2012-01-01,-2.6,2.4,61.4
217,2012-01-02,-6.1,2.1,72.4
217,2012-01-03,-5.7,2,70.1
217,2012-01-04,-7.6,2.2,57.5
217,2012-01-05,-8.6,1.8,60.3
217,2012-01-06,-7.6,.7,63.9
217,2012-01-07,-7.4,.9,64.1
217,2012-01-08,-5.1,1,54
217,2012-01-09,-1.6,2.9,53.5
217,2012-01-10,-4.2,1.5,59
217,2012-01-11,-6.3,1.6,45.6
217,2012-01-12,-6.4,3,59.6
217,2012-01-13,-3.1,1.7,68.5
217,2012-01-14,-4.9,2.2,51.6
217,2012-01-15,-4.4,.8,62.1
217,2012-01-16,-1.9,.9,71
217,2012-01-17,.1,.8,83.4
217,2012-01-18,1.9,.9,71.6
217,2012-01-19,3.3,2.5,77.8
217,2012-01-20,3,2,73.5
217,2012-01-21,1.5,1.3,85.5
217,2012-01-22,-2,2.5,46.4
217,2012-01-23,-9.5,2.9,36.3
217,2012-01-24,-9.4,2,36.8
217,2012-01-25,-8.7,4.1,41.9
217,2012-01-26,-6.6,1.9,59.5
217,2012-01-27,-3.9,1.2,74.1
217,2012-01-28,-3.2,1,51.1
217,2012-01-29,-4.6,1.7,42.6
217,2012-01-30,-7.1,1.7,35
217,2012-01-31,-5.7,3.5,59
217,2012-02-01,-10.4,4,47
217,2012-02-02,-14.6,1.8,51.5
217,2012-02-03,-12.4,2.4,58.1
217,2012-02-04,-5.1,2.7,56.3
217,2012-02-05,-4.3,.8,57.5
217,2012-02-06,-2.7,1,64.4
217,2012-02-07,-5.4,5.1,37.9
217,2012-02-08,-9.8,3.8,38.1
217,2012-02-09,-5.9,2.9,44.9
217,2012-02-10,-5.6,2.4,57.9
217,2012-02-11,-5.5,2.4,47.8
217,2012-02-12,-2.4,1.3,56.8
217,2012-02-13,.1,.8,60.9
217,2012-02-14,.7,1.7,61.6
217,2012-02-15,.1,1.4,50.3
217,2012-02-16,-2.6,4,30.5
217,2012-02-17,-6.4,5,31.3
217,2012-02-18,-7.5,2.8,39.5
217,2012-02-19,-6.2,1.9,43.6
217,2012-02-20,-3.8,1.4,49.5
217,2012-02-21,-.6,1,54.3
217,2012-02-22,.5,1,65.9
217,2012-02-23,3.6,2,61.3
217,2012-02-24,3.8,1.3,54.9
217,2012-02-25,.8,1.6,75.1
217,2012-02-26,-1.6,1.4,71.9
217,2012-02-27,-2.2,1.3,58.8
217,2012-02-28,-1.3,1,60.4
217,2012-02-29,2.3,1,51.4
217,2012-03-01,5.9,1.4,48.9
217,2012-03-02,3.5,1.7,70.9
217,2012-03-03,2.2,1.8,66.8
217,2012-03-04,2.7,1.7,69.4
217,2012-03-05,2.6,1.9,81.4
217,2012-03-06,2.1,3.1,78
217,2012-03-07,3.1,1.9,61.9
217,2012-03-08,1.5,1.2,60.3
217,2012-03-09,1.1,1.6,68.4
217,2012-03-10,3.1,1.8,59.5
217,2012-03-11,-1.9,6.3,37.4
217,2012-03-12,-2.5,3,37.9
217,2012-03-13,-.5,2.4,45.8
217,2012-03-14,1.7,2.5,62.8
217,2012-03-15,3.3,1.3,55.8
217,2012-03-16,4.5,1.1,69.4
217,2012-03-17,7.2,.6,84
217,2012-03-18,4.5,1.6,73.9
217,2012-03-19,1.7,2.2,52.6
217,2012-03-20,1.8,2.2,43.4
217,2012-03-21,3.1,1.9,42.6
217,2012-03-22,8,2.1,33.6
217,2012-03-23,3.2,1.7,82.5
217,2012-03-24,1.6,4.4,64.8
217,2012-03-25,1.7,3.9,41.3
217,2012-03-26,2.7,2.7,38.3
217,2012-03-27,6.1,2.2,36
217,2012-03-28,5.9,1.2,61.1
217,2012-03-29,9.1,3.9,51.3
217,2012-03-30,11,3.3,70.1
217,2012-03-31,4.8,4.8,35
217,2012-04-01,3.9,2.2,30.1
217,2012-04-02,6.4,1.5,60.1
217,2012-04-03,2.7,2.5,80.8
217,2012-04-04,5.8,4.5,55.9
217,2012-04-05,5.4,5.2,43.1
217,2012-04-06,3,4.3,44.1
217,2012-04-07,4.1,3,43.4
217,2012-04-08,10.9,5.1,44.4
217,2012-04-09,15.2,3.4,44.8
217,2012-04-10,11,1.8,69.5
217,2012-04-11,11.1,2.5,88.3
217,2012-04-12,9.4,3.9,55.1
217,2012-04-13,9.7,1.3,53
217,2012-04-14,11.9,1.4,55.1
217,2012-04-15,14,1.3,48.6
217,2012-04-16,11.4,2,53.4
217,2012-04-17,11.1,1.6,52.6
217,2012-04-18,12.4,1.1,53.9
217,2012-04-19,12.7,1.6,55.5
217,2012-04-20,12.8,2.2,54.4
217,2012-04-21,8.4,2.1,80.9
217,2012-04-22,10.2,4.5,85.4
217,2012-04-23,13.2,2.5,77.1
217,2012-04-24,16.9,1.8,62.8
217,2012-04-25,12.6,1.4,83.3
217,2012-04-26,11.5,5.4,57.5
217,2012-04-27,14.1,3.4,37.3
217,2012-04-28,17.1,2.9,36.4
217,2012-04-29,16.1,1.4,49.8
217,2012-04-30,17.7,1.5,48.4
217,2012-05-01,18.5,1.3,60.5
217,2012-05-02,16.8,1.9,66.8
217,2012-05-03,15,1.7,70.6
217,2012-05-04,18.2,2.4,58.4
217,2012-05-05,17.9,4.2,41
217,2012-05-06,15,3.7,38.1
217,2012-05-07,15.8,2.1,44.5
217,2012-05-08,16.9,1.3,46.9
217,2012-05-09,15.4,1.7,58.3
217,2012-05-10,11.9,1.8,68.5
217,2012-05-11,11.7,1.4,68.3
217,2012-05-12,15.8,1.5,58.4
217,2012-05-13,16.6,1.1,59.4
217,2012-05-14,13.1,.5,87.5
217,2012-05-15,16.5,2.4,61
217,2012-05-16,15.3,1.9,54.6
217,2012-05-17,11.4,1.3,81
217,2012-05-18,14.2,1.6,65.4
217,2012-05-19,15.9,1,61.3
217,2012-05-20,18,1.4,52.9
217,2012-05-21,16.4,1.5,53.4
217,2012-05-22,18,1.1,52.4
217,2012-05-23,18.2,1.8,52.9
217,2012-05-24,18,1.4,56.9
217,2012-05-25,18.6,2,50.6
217,2012-05-26,17.1,1.6,44.4
217,2012-05-27,16.3,1.6,64.1
217,2012-05-28,17.4,1.4,67
217,2012-05-29,19.3,1.3,55.4
217,2012-05-30,15.5,.7,80.3
217,2012-05-31,17,1.3,72.4
217,2012-06-01,17.3,1.4,66.9
217,2012-06-02,17.7,1.3,74.6
217,2012-06-03,19.3,1.3,67.6
217,2012-06-04,20.3,1.4,63.1
217,2012-06-05,21.5,2.5,58.4
217,2012-06-06,21.4,1.5,58.5
217,2012-06-07,21.8,1.3,60.1
217,2012-06-08,19.3,1.1,79.5
217,2012-06-09,20.5,1.5,67.8
217,2012-06-10,19.4,1.2,79.9
217,2012-06-11,20.6,1,74
217,2012-06-12,19.1,1.5,72.1
217,2012-06-13,19,1.7,66
217,2012-06-14,19,1.8,63.6
217,2012-06-15,19,1,70.1
217,2012-06-16,21.4,1.2,69.6
217,2012-06-17,22.3,1.8,58.9
217,2012-06-18,22.1,1.1,60.3
217,2012-06-19,21.7,2,60.9
217,2012-06-20,21.9,1.5,60.6
217,2012-06-21,22.2,1.5,65.3
217,2012-06-22,22.2,1.3,63.8
217,2012-06-23,22.5,1.3,70
217,2012-06-24,20.8,1.6,69.4
217,2012-06-25,18.5,1.9,69.8
217,2012-06-26,18.4,2,66.9
217,2012-06-27,18.2,1.7,67.1
217,2012-06-28,21.3,1,64.3
217,2012-06-29,24.1,1.2,57.4
217,2012-06-30,21.9,3.7,86.9
217,2012-07-01,22.7,1.7,72.4
217,2012-07-02,22.6,1.4,68.3
217,2012-07-03,23.6,1.4,68.4
217,2012-07-04,25,2.6,67.4
217,2012-07-05,22.5,1.7,82.4
217,2012-07-06,19.4,1.2,94.9
217,2012-07-07,20.5,1.1,78
217,2012-07-08,22.6,1.2,68.5
217,2012-07-09,23.9,1,68.9
217,2012-07-10,23.7,.9,70.3
217,2012-07-11,22.4,1.6,92.1
217,2012-07-12,23.8,1.7,72.1
217,2012-07-13,24.4,1.2,75.5
217,2012-07-14,21.5,1.2,76.9
217,2012-07-15,18.4,1.1,96.1
217,2012-07-16,21,.8,86
217,2012-07-17,23.3,.8,80.6
217,2012-07-18,24.5,.9,78.9
217,2012-07-19,24,3.6,80.6
217,2012-07-20,24.2,1.3,74.6
217,2012-07-21,25.5,1.1,69.4
217,2012-07-22,24.1,1.2,76.4
217,2012-07-23,25.1,1.8,80.1
217,2012-07-24,26.3,1.8,71.8
217,2012-07-25,25.7,1.7,75
217,2012-07-26,26.2,1.7,73.6
217,2012-07-27,26.1,1.6,70.1
217,2012-07-28,25.5,1.5,74.4
217,2012-07-29,26.1,1.8,75.9
217,2012-07-30,26.8,2.2,70.1
217,2012-07-31,26.2,1.3,76
217,2012-08-01,27.9,1.6,65.8
217,2012-08-02,26.9,1.8,68
217,2012-08-03,27,1.4,68.3
217,2012-08-04,27.1,1.3,69
217,2012-08-05,27.9,1.3,59.8
217,2012-08-06,27.1,1.6,63.5
217,2012-08-07,25.7,1.6,61.1
217,2012-08-08,24.9,1.3,62.5
217,2012-08-09,26.3,1.4,65.9
217,2012-08-10,24,.8,83.1
217,2012-08-11,24.7,1.1,75.4
217,2012-08-12,23.7,1,85.5
217,2012-08-13,22.5,1.1,80.9
217,2012-08-14,23.8,1,71.9
217,2012-08-15,23.6,2.6,88.6
217,2012-08-16,22.9,.8,90
217,2012-08-17,24.9,.8,83.9
217,2012-08-18,25.2,1.7,85.6
217,2012-08-19,26.5,3.2,77.6
217,2012-08-20,24.7,2.8,86.6
217,2012-08-21,24.6,1.6,89
217,2012-08-22,22.6,1.2,94.3
217,2012-08-23,19.2,1.3,91.8
217,2012-08-24,20,1.3,85.4
217,2012-08-25,22.9,.7,87
217,2012-08-26,24.1,.8,84.4
217,2012-08-27,24.4,1.4,75.3
217,2012-08-28,25.3,2.6,73
217,2012-08-29,24.4,5.7,69.5
217,2012-08-30,20.1,1.7,85
217,2012-08-31,18.7,.7,85.3
217,2012-09-01,19.5,.8,85
217,2012-09-02,21.2,.9,80.8
217,2012-09-03,21.7,.7,80.3
217,2012-09-04,20.5,1.3,89.3
217,2012-09-05,20.1,1,80.8
217,2012-09-06,17.5,1,78.4
217,2012-09-07,19.5,1.2,70.3
217,2012-09-08,18,1.3,88.8
217,2012-09-09,18.1,1.2,80
217,2012-09-10,18.6,1,76.8
217,2012-09-11,17.9,1.3,72.1
217,2012-09-12,17.9,1,80
217,2012-09-13,19.1,1,91.1
217,2012-09-14,18.1,.7,86.6
217,2012-09-15,17.7,1.2,75.9
217,2012-09-16,16.8,1.9,83.5
217,2012-09-17,17.3,3.1,83.8
217,2012-09-18,18.7,2.2,81.5
217,2012-09-19,16.5,1,88.4
217,2012-09-20,16.7,1,76.8
217,2012-09-21,16.1,1.2,85.5
217,2012-09-22,16.9,1,75.9
217,2012-09-23,15.6,1.2,72.6
217,2012-09-24,15.5,1.2,70.9
217,2012-09-25,16.3,1.1,77.1
217,2012-09-26,16.5,1.2,71.4
217,2012-09-27,15.5,.9,78.3
217,2012-09-28,16.7,1.7,75.6
217,2012-09-29,14,2.5,66.4
217,2012-09-30,12.9,1.1,75
217,2012-10-01,14.4,1,72.5
217,2012-10-02,15.6,1.1,71.9
217,2012-10-03,14.7,1.5,64.1
217,2012-10-04,13.3,1.1,69.1
217,2012-10-05,14.4,1,78.1
217,2012-10-06,16,.8,73
217,2012-10-07,14.1,1.2,71.1
217,2012-10-08,12.6,1.2,72.6
217,2012-10-09,12.9,1.2,73.8
217,2012-10-10,12.4,1.1,84.8
217,2012-10-11,12,1.4,78.3
217,2012-10-12,12.1,1.2,68.3
217,2012-10-13,11.3,.9,72.6
217,2012-10-14,11.7,1.3,75.8
217,2012-10-15,9.9,1,63.4
217,2012-10-16,12.1,1,68.9
217,2012-10-17,11.8,2.5,65.1
217,2012-10-18,6.9,.8,61.4
217,2012-10-19,9.4,1,60
217,2012-10-20,11.8,1.4,59.6
217,2012-10-21,15,1.1,68
217,2012-10-22,10.8,2.7,84.1
217,2012-10-23,7.9,2.8,53.6
217,2012-10-24,8.9,1.5,72.3
217,2012-10-25,9.4,.9,80.8
217,2012-10-26,11,.8,79.6
217,2012-10-27,10.1,.3,96.1
217,2012-10-28,13.6,3.3,62.8
217,2012-10-29,9.3,1.2,73.4
217,2012-10-30,8.5,1.4,60.8
217,2012-10-31,5.5,1.6,61.5
217,2012-11-01,3.6,2.4,54.9
217,2012-11-02,2.7,.9,57.1
217,2012-11-03,4.6,.6,60.3
217,2012-11-04,7.5,.9,74.9
217,2012-11-05,8.8,2,79.3
217,2012-11-06,5.8,1.7,88.1
217,2012-11-07,7,2.3,65
217,2012-11-08,6.3,1.4,79
217,2012-11-09,7.8,1.2,73.5
217,2012-11-10,10.3,2.4,58.3
217,2012-11-11,8.2,4.6,77.5
217,2012-11-12,5.4,5.1,75.4
217,2012-11-13,4.1,4.9,64.9
217,2012-11-14,1.8,4.4,52.8
217,2012-11-15,1.5,.6,68.8
217,2012-11-16,2.5,2.7,81.5
217,2012-11-17,5.4,3.5,59.8
217,2012-11-18,.9,1.2,57.3
217,2012-11-19,1.1,2.4,70.9
217,2012-11-20,-.3,1.6,64.6
217,2012-11-21,-.1,.9,66.6
217,2012-11-22,3.3,1.1,70.4
217,2012-11-23,5.1,1.3,67.4
217,2012-11-24,2,1.8,61.3
217,2012-11-25,1.1,1.1,63.4
217,2012-11-26,1.3,4.4,55.5
217,2012-11-27,-2.3,1.1,46.1
217,2012-11-28,2,3.2,69.1
217,2012-11-29,-.4,.9,61.1
217,2012-11-30,-.7,.6,60.3
217,2012-12-01,-1.6,1.5,59
217,2012-12-02,-1.4,.4,77
217,2012-12-03,-1.1,2.9,83.3
217,2012-12-04,-3.4,4.4,41.3
217,2012-12-05,-3,2.9,50.1
217,2012-12-06,-6.9,3.4,46.6
217,2012-12-07,-7.3,1,85.1
217,2012-12-08,-7.3,4.1,44
217,2012-12-09,-9.5,2.8,45.5
217,2012-12-10,-10.8,1.2,67.4
217,2012-12-11,-10.9,1.3,70.6
217,2012-12-12,-10,1,71
217,2012-12-13,-7.3,.5,71.1
217,2012-12-14,-2.1,.5,90.1
217,2012-12-15,1.5,.3,96.1
217,2012-12-16,-.3,.3,88.9
217,2012-12-17,-.2,2,75.4
217,2012-12-18,-5.6,1.4,58.6
217,2012-12-19,-9.3,1.1,71
217,2012-12-20,-7.3,1.1,65.4
217,2012-12-21,-3.1,.4,79.5
217,2012-12-22,-3.3,1.3,82.5
217,2012-12-23,-7.7,4.8,47.6
217,2012-12-24,-11.2,1.5,58.9
217,2012-12-25,-6.7,2.2,49.9
217,2012-12-26,-12.1,1.9,56.9
217,2012-12-27,-9.1,.8,62
217,2012-12-28,-2.7,.7,83
217,2012-12-29,-.3,1.4,90
217,2012-12-30,-5.1,3.2,53.9
217,2012-12-31,-8.8,3.4,41.5
217,2013-01-01,-7.8,1.6,82.3
217,2013-01-02,-9.3,6.4,38.1
217,2013-01-03,-14.5,1.8,52.8
217,2013-01-04,-14.9,1,66.9
217,2013-01-05,-11.1,1.6,66.4
217,2013-01-06,-9.5,1.1,71.3
217,2013-01-07,-9,.7,67.1
217,2013-01-08,-7.3,.9,63.8
217,2013-01-09,-9,2.1,47.3
217,2013-01-10,-12,1.1,57.4
217,2013-01-11,-8.9,.7,66.3
217,2013-01-12,-3.2,1.4,73.8
217,2013-01-13,-3.9,.3,77.1
217,2013-01-14,-5.1,1.4,75.9
217,2013-01-15,-5.1,1.5,71.9
217,2013-01-16,-4.4,1.5,71.8
217,2013-01-17,-4,1.4,69.6
217,2013-01-18,-7,1.5,64.8
217,2013-01-19,-4.5,1.7,68.5
217,2013-01-20,-2.7,.6,71.4
217,2013-01-21,0,0,96.9
217,2013-01-22,1.7,1.1,81.6
217,2013-01-23,.8,1.6,82.4
217,2013-01-24,-1.6,5.3,63.8
217,2013-01-25,-9.2,5.8,30.4
217,2013-01-26,-10.6,2.2,44.1
217,2013-01-27,-11.9,2,67
217,2013-01-28,-7,1.2,65.1
217,2013-01-29,.8,2.1,76
217,2013-01-30,2.1,.3,84
217,2013-01-31,1.4,.2,86.4
217,2013-02-01,3.2,.8,98.4
217,2013-02-02,1.7,2.2,57.8
217,2013-02-03,-2.6,1.4,69.9
217,2013-02-04,-.3,1.8,79.4
217,2013-02-05,-3.2,.1,86.4
217,2013-02-06,-1.2,1.1,83.9
217,2013-02-07,-9.1,5.6,37.8
217,2013-02-08,-12.6,1.1,53
217,2013-02-09,-10.1,1.6,61.4
217,2013-02-10,-4.4,3.1,53
217,2013-02-11,-6.6,.4,51.6
217,2013-02-12,-3.6,1.8,54.4
217,2013-02-13,-4.9,.8,61.5
217,2013-02-14,-1.5,.7,57.5
217,2013-02-15,-1.7,2.9,46.5
217,2013-02-16,-5.5,.7,50.8
217,2013-02-17,.5,2.1,50.8
217,2013-02-18,1.8,1.1,62.8
217,2013-02-19,-1.8,2.7,50.6
217,2013-02-20,-4.5,2.1,33.9
217,2013-02-21,-3.6,2,46
217,2013-02-22,-1.4,4.1,51.4
217,2013-02-23,-2.6,3.4,44.6
217,2013-02-24,-.7,2,49.3
217,2013-02-25,-.8,.4,54.6
217,2013-02-26,2,1.3,57.6
217,2013-02-27,3.5,1.7,56.5
217,2013-02-28,4.1,1.8,54.5
217,2013-03-01,3.5,6.5,45.9
217,2013-03-02,-1.1,1.4,48.4
217,2013-03-03,-.6,1.7,53.3
217,2013-03-04,-.1,1.3,63.5
217,2013-03-05,1.9,2.1,56.3
217,2013-03-06,3.8,2.7,53.9
217,2013-03-07,4.9,2.3,80.5
217,2013-03-08,6.4,2.7,69.3
217,2013-03-09,12.4,4.3,55
217,2013-03-10,6.3,4,32.9
217,2013-03-11,3.5,1.7,44.3
217,2013-03-12,7.1,2.7,48.3
217,2013-03-13,3.3,1.7,80.8
217,2013-03-14,2.8,1.3,57
217,2013-03-15,5.2,2.4,52.8
217,2013-03-16,5.5,1.9,48
217,2013-03-17,8.1,1.6,48.8
217,2013-03-18,9.5,2.6,74.3
217,2013-03-19,9,2,49
217,2013-03-20,2.6,2.1,74.6
217,2013-03-21,.8,2.3,46.4
217,2013-03-22,2.9,2.3,54.1
217,2013-03-23,4.4,1.6,58.6
217,2013-03-24,5.3,2.2,51.3
217,2013-03-25,2.1,1.9,64.9
217,2013-03-26,2.8,1.3,52.3
217,2013-03-27,6.2,1.4,47.9
217,2013-03-28,7.8,2,51.4
217,2013-03-29,6,2,42.8
217,2013-03-30,4.1,1.8,56.8
217,2013-03-31,5.5,1.6,63.6
217,2013-04-01,8.3,1.2,45.3
217,2013-04-02,6.9,1,79.1
217,2013-04-03,9.4,2.5,57
217,2013-04-04,10,1.4,52
217,2013-04-05,12.1,.7,45.9
217,2013-04-06,7.2,1.2,82.1
217,2013-04-07,3.1,1.9,69.9
217,2013-04-08,7.2,4,46.3
217,2013-04-09,5,6.2,55.3
217,2013-04-10,3.6,3.8,47.1
217,2013-04-11,3.6,5,60.6
217,2013-04-12,3.9,3.1,53.1
217,2013-04-13,10.8,4.1,37.5
217,2013-04-14,9.7,6.7,46.1
217,2013-04-15,4.7,1.4,45.5
217,2013-04-16,14.1,4.3,48.6
217,2013-04-17,6.4,1.8,75.5
217,2013-04-18,8.6,2.6,64.6
217,2013-04-19,6.7,1.4,48.3
217,2013-04-20,3.7,.4,86.5
217,2013-04-21,6.8,1.9,58.5
217,2013-04-22,9.4,1.1,48.8
217,2013-04-23,9.7,1.2,74.3
217,2013-04-24,13,1.9,69.3
217,2013-04-25,8.3,2.3,79.1
217,2013-04-26,8.5,1.6,71.3
217,2013-04-27,10.1,1.9,68.9
217,2013-04-28,12.9,1.6,56.4
217,2013-04-29,12.7,4.1,61.6
217,2013-04-30,11.4,1.9,50.4
217,2013-05-01,10.1,1.5,57.9
217,2013-05-02,7.4,.8,84.9
217,2013-05-03,10.5,1.5,72.1
217,2013-05-04,12.6,1.6,63.4
217,2013-05-05,15.1,2.9,48.3
217,2013-05-06,16,2.2,43.9
217,2013-05-07,16.6,1.1,54.4
217,2013-05-08,17.9,1.3,53.5
217,2013-05-09,16.4,1,60.9
217,2013-05-10,14.4,2.2,90.1
217,2013-05-11,16.8,2,55.5
217,2013-05-12,19.8,4.2,53.1
217,2013-05-13,20.8,1.8,47.1
217,2013-05-14,17.7,1.7,51.3
217,2013-05-15,16.5,2.3,59.3
217,2013-05-16,15.3,1.8,52.9
217,2013-05-17,15.7,1.5,53.1
217,2013-05-18,17.5,1.3,52.6
217,2013-05-19,14.6,.9,88
217,2013-05-20,16.2,1.9,64.8
217,2013-05-21,15.7,1.4,59.4
217,2013-05-22,17.9,1.2,65.1
217,2013-05-23,20.5,.8,59.6
217,2013-05-24,21.2,1.2,62.8
217,2013-05-25,22.1,.8,62.3
217,2013-05-26,22,1,65
217,2013-05-27,18.6,.8,79.1
217,2013-05-28,18.9,1.4,99.1
217,2013-05-29,17.7,1.8,80.9
217,2013-05-30,17.9,2.5,59.3
217,2013-05-31,,1.4,
217,2013-06-01,18.1,.6,67
217,2013-06-02,18.9,1.3,63.4
217,2013-06-03,20.2,1,61.6
217,2013-06-04,20.7,.7,66
217,2013-06-05,21.3,.9,66.4
217,2013-06-06,20.1,.7,78.9
217,2013-06-07,21.5,1.2,63.6
217,2013-06-08,21.5,1,58
217,2013-06-09,20.9,1.3,57
217,2013-06-10,20.7,1.4,59.4
217,2013-06-11,19.1,1.3,70.1
217,2013-06-12,20.7,.9,89.6
217,2013-06-13,22.3,1,77.3
217,2013-06-14,21.1,.6,90
217,2013-06-15,24.3,1.3,71
217,2013-06-16,24,1.2,67.6
217,2013-06-17,22.8,1.9,61.8
217,2013-06-18,20.8,.4,96.9
217,2013-06-19,21.9,.7,79.5
217,2013-06-20,23,.8,75.1
217,2013-06-21,22,1,82
217,2013-06-22,22.4,.8,75.4
217,2013-06-23,21.4,.7,85.3
217,2013-06-24,21.9,.8,81.4
217,2013-06-25,22.2,.6,85.9
217,2013-06-26,21.8,1.2,80.6
217,2013-06-27,21.3,1,80.5
217,2013-06-28,21.7,.9,83.8
217,2013-06-29,23.6,1.1,74.4
217,2013-06-30,23.9,1.2,70.8
217,2013-07-01,24.5,1.1,73.8
217,2013-07-02,23.7,4.9,82.6
217,2013-07-03,24.7,2.5,66.9
217,2013-07-04,25,2.7,75.3
217,2013-07-05,21.9,1.1,95.1
217,2013-07-06,25.1,1.1,79
217,2013-07-07,23.8,1.6,88.1
217,2013-07-08,24,1.8,92.8
217,2013-07-09,26.2,4.3,71.3
217,2013-07-10,26.1,2.5,80.8
217,2013-07-11,25.4,3.7,79.9
217,2013-07-12,24,5.5,75.8
217,2013-07-13,22.6,.6,97.4
217,2013-07-14,23,2.4,97.4
217,2013-07-15,19.7,.5,100
217,2013-07-16,24.5,2.2,77
217,2013-07-17,23.5,3.1,90.8
217,2013-07-18,23,.8,97.4
217,2013-07-19,24.6,1.1,85.1
217,2013-07-20,25.3,2,77.8
217,2013-07-21,25.5,4.2,77.5
217,2013-07-22,23,.7,99.8
217,2013-07-23,23.8,2.4,98.1
217,2013-07-24,25.6,4.3,77.6
217,2013-07-25,24.3,2.2,68.4
217,2013-07-26,24.1,1.5,76.8
217,2013-07-27,25,1.2,79.4
217,2013-07-28,23.7,2.3,91.8
217,2013-07-29,26.3,2.3,77.8
217,2013-07-30,25.3,1,74
217,2013-07-31,25.4,1.5,88.3
217,2013-08-01,25.7,1.2,75.8
217,2013-08-02,24.7,.7,87.6
217,2013-08-03,25.6,1.1,87.6
217,2013-08-04,25.4,1.5,87.1
217,2013-08-05,25.2,1.4,85.3
217,2013-08-06,25.4,1.5,86.1
217,2013-08-07,26.7,1.2,84.8
217,2013-08-08,27.8,1.4,82.1
217,2013-08-09,27.9,1.6,76.3
217,2013-08-10,26.2,1.5,83.1
217,2013-08-11,26.5,1.1,77
217,2013-08-12,26.7,1.1,79.8
217,2013-08-13,26.3,1.3,79.4
217,2013-08-14,25.8,1.5,78.3
217,2013-08-15,26.2,1.1,78.3
217,2013-08-16,26.4,1.6,74.8
217,2013-08-17,26.6,2.7,70.1
217,2013-08-18,26,1.8,76.1
217,2013-08-19,25.7,1.2,84.5
217,2013-08-20,25.4,1.5,65
217,2013-08-21,25.6,.8,72.8
217,2013-08-22,26.5,1.1,83.9
217,2013-08-23,23.6,1,94.8
217,2013-08-24,24.3,.9,75.5
217,2013-08-25,24,1.1,68
217,2013-08-26,23.4,1.1,68.6
217,2013-08-27,21.8,1,78.9
217,2013-08-28,22.7,.8,79
217,2013-08-29,21.8,2.5,95.6
217,2013-08-30,24.1,1.2,81
217,2013-08-31,20.9,1.5,73.4
217,2013-09-01,21,1.3,68.1
217,2013-09-02,19.6,.8,77.6
217,2013-09-03,17.6,.8,80.3
217,2013-09-04,16.9,1.5,74
217,2013-09-05,17.7,.9,73.1
217,2013-09-06,17.5,.7,87.5
217,2013-09-07,18.8,.5,84.8
217,2013-09-08,19.3,1.3,80.4
217,2013-09-09,19.5,1,78.5
217,2013-09-10,19.8,.8,82.3
217,2013-09-11,19.1,.9,99.9
217,2013-09-12,21.6,.6,88.6
217,2013-09-13,21.5,1.8,97.8
217,2013-09-14,20.1,.7,99.1
217,2013-09-15,19.5,1,81.5
217,2013-09-16,17.5,.9,78.1
217,2013-09-17,18.6,.7,82.3
217,2013-09-18,20.6,1.1,75.9
217,2013-09-19,19.5,.9,79.8
217,2013-09-20,19.3,.9,85
217,2013-09-21,20.6,1.2,76.1
217,2013-09-22,18.1,1.5,73.8
217,2013-09-23,18.6,.8,76.9
217,2013-09-24,19,.9,95.3
217,2013-09-25,16.2,1.1,87.4
217,2013-09-26,15.1,1,78
217,2013-09-27,14.2,1.4,68.5
217,2013-09-28,14.1,.6,84
217,2013-09-29,15.2,.4,100
217,2013-09-30,18.3,1,83.3
217,2013-10-01,18.6,.7,77.4
217,2013-10-02,17.5,1,85
217,2013-10-03,14.4,1.7,71.8
217,2013-10-04,12.4,.8,79.8
217,2013-10-05,15.3,1.1,69
217,2013-10-06,17.5,2,76.8
217,2013-10-07,20.9,1.1,73.9
217,2013-10-08,18.3,1.6,89.6
217,2013-10-09,18.2,1,76.6
217,2013-10-10,17.1,.6,92.1
217,2013-10-11,17.3,4.1,56.6
217,2013-10-12,12.7,1.7,57.6
217,2013-10-13,12,.7,79.8
217,2013-10-14,13.3,1,81.8
217,2013-10-15,9.8,2.5,75.1
217,2013-10-16,8.7,2,59.1
217,2013-10-17,7.8,.9,74.8
217,2013-10-18,9.9,.8,80.5
217,2013-10-19,11.9,.9,75.9
217,2013-10-20,13.7,1.1,71.5
217,2013-10-21,12.8,1.7,64.9
217,2013-10-22,12.4,1.6,69.5
217,2013-10-23,13.8,1.4,66.4
217,2013-10-24,12.1,.9,73.3
217,2013-10-25,8.5,.8,65.4
217,2013-10-26,7,.7,78.1
217,2013-10-27,6.7,.9,78.1
217,2013-10-28,7.1,.6,76.4
217,2013-10-29,9.8,1.3,69.1
217,2013-10-30,10.1,.9,69.5
217,2013-10-31,8.6,.7,72.8
217,2013-11-01,10.6,.6,69.4
217,2013-11-02,10.6,1.3,94.5
217,2013-11-03,10.6,1.2,83.9
217,2013-11-04,8.6,.8,84.5
217,2013-11-05,7.1,1,81.8
217,2013-11-06,8.1,1.8,85.4
217,2013-11-07,10.2,4.2,56.3
217,2013-11-08,6.3,.6,69.3
217,2013-11-09,9.6,1.3,73.8
217,2013-11-10,7.7,2,52.4
217,2013-11-11,.9,1.5,47.6
217,2013-11-12,.5,1.5,57
217,2013-11-13,1.3,.9,62.5
217,2013-11-14,2.7,1,63.3
217,2013-11-15,6,1.4,65
217,2013-11-16,3.3,.6,73.1
217,2013-11-17,4.4,5.6,54.5
217,2013-11-18,.9,8.6,37.4
217,2013-11-19,.2,5.7,47.5
217,2013-11-20,.3,3.8,44
217,2013-11-21,.4,2.1,59.8
217,2013-11-22,1,1.1,64
217,2013-11-23,1.6,1.2,67.6
217,2013-11-24,3.6,.6,77.3
217,2013-11-25,4.5,7.3,67.8
217,2013-11-26,.9,3.6,49
217,2013-11-27,-1,4.1,80.8
217,2013-11-28,-4.7,4.1,49.5
217,2013-11-29,-2.9,2.7,52.9
217,2013-11-30,-.3,1.1,74.1
217,2013-12-01,1.5,1.4,82.4
217,2013-12-02,.1,1.1,82.5
217,2013-12-03,.5,.8,80.5
217,2013-12-04,.8,1,81.1
217,2013-12-05,1.3,1.2,88.6
217,2013-12-06,1.2,1.7,58.8
217,2013-12-07,1.1,1,72.9
217,2013-12-08,.8,.6,82
217,2013-12-09,1.5,.7,90.3
217,2013-12-10,.7,1.8,72
217,2013-12-11,-2.6,4.9,62.4
217,2013-12-12,-3.1,3.2,62.3
217,2013-12-13,-6.8,4.6,43.1
217,2013-12-14,-4.1,2,54
217,2013-12-15,-6.2,1,55.5
217,2013-12-16,-6.9,.5,69.3
217,2013-12-17,-1.4,1,69.5
217,2013-12-18,1.6,1.4,70.6
217,2013-12-19,-2.7,4.8,58.3
217,2013-12-20,-5.2,2.5,61
217,2013-12-21,-3,1.6,68
217,2013-12-22,-5,.6,70.9
217,2013-12-23,-4.4,.6,70.8
217,2013-12-24,-4.8,.4,71.4
217,2013-12-25,-2.2,1,63.6
217,2013-12-26,.5,2.2,56.6
217,2013-12-27,-5.2,2.8,54.3
217,2013-12-28,-7.9,2.5,50.1
217,2013-12-29,-4.3,3,54.8
217,2013-12-30,1.4,4.2,55.5
217,2013-12-31,2.6,4,52.4
217,2014-01-01,3.3,5.9,41.6
217,2014-01-02,-.5,1.7,49.3
217,2014-01-03,-.3,1.3,58.8
217,2014-01-04,-1.3,.7,76
217,2014-01-05,-.6,.9,69.4
217,2014-01-06,-3.6,.5,65
217,2014-01-07,-2.5,.8,71.4
217,2014-01-08,-.2,1.3,65
217,2014-01-09,-6.8,3,32.3
217,2014-01-10,-6.9,1.9,44.1
217,2014-01-11,-4,1.3,51.5
217,2014-01-12,-1.9,2.4,45.3
217,2014-01-13,-7.7,.9,48.9
217,2014-01-14,-7.5,1.1,48.8
217,2014-01-15,-6.4,1.3,51.9
217,2014-01-16,-4.3,1,62.6
217,2014-01-17,-3.7,.7,68.4
217,2014-01-18,-3.5,2.4,49.1
217,2014-01-19,-5.3,1.3,49.5
217,2014-01-20,-2.4,1.6,75.6
217,2014-01-21,-4.7,2,68.5
217,2014-01-22,-5.6,2.1,59.8
217,2014-01-23,-5.3,1.4,67.6
217,2014-01-24,-.4,2.4,72.6
217,2014-01-25,2.6,1.3,93.3
217,2014-01-26,-1,1.3,69.6
217,2014-01-27,-.8,2.8,49.1
217,2014-01-28,2.2,3.1,51.3
217,2014-01-29,1.9,2.7,38.6
217,2014-01-30,4.2,3,67.8
217,2014-01-31,-.2,1.3,45.8
217,2014-02-01,.4,.6,84.1
217,2014-02-02,6.1,1.5,83.6
217,2014-02-03,0,2.7,64.4
217,2014-02-04,-7,2.7,35.4
217,2014-02-05,-6.7,.9,44.9
217,2014-02-06,-3.5,1.1,56.6
217,2014-02-07,-.2,2.5,65.9
217,2014-02-08,-.5,2.1,68.8
217,2014-02-09,-1.2,1.1,77.3
217,2014-02-10,-3.1,2.1,63
217,2014-02-11,-4,1.1,63.8
217,2014-02-12,-3,1.1,65
217,2014-02-13,-1,1.5,65.4
217,2014-02-14,-1.4,1.1,67.9
217,2014-02-15,-1.4,.7,63.5
217,2014-02-16,-.3,.9,59.3
217,2014-02-17,.9,1.7,63.4
217,2014-02-18,-1.3,1.8,60.8
217,2014-02-19,-1.2,.9,58.5
217,2014-02-20,-.8,1,61.4
217,2014-02-21,-1,.9,58.3
217,2014-02-22,-.6,1.2,63
217,2014-02-23,.5,.9,62.5
217,2014-02-24,1.8,1.6,61.6
217,2014-02-25,2.9,.9,63.3
217,2014-02-26,3.4,.6,63.1
217,2014-02-27,5.8,1.7,61.3
217,2014-02-28,4.8,1.5,62.3
217,2014-03-01,5.7,1.1,62.8
217,2014-03-02,1.9,1.5,67.1
217,2014-03-03,1.2,1,55.1
217,2014-03-04,2.5,1.1,46.6
217,2014-03-05,-.7,1.3,76.5
217,2014-03-06,-1.4,3.5,44.4
217,2014-03-07,-.9,4,26
217,2014-03-08,0,2.3,44.5
217,2014-03-09,-.4,3.2,51.6
217,2014-03-10,-.8,2.1,47.5
217,2014-03-11,2.6,1.7,44.3
217,2014-03-12,4.4,1.3,73
217,2014-03-13,1.1,2.8,68.1
217,2014-03-14,1.2,1.8,55.5
217,2014-03-15,5.4,3.6,52.1
217,2014-03-16,9.2,1.8,52.5
217,2014-03-17,11.3,3.6,59.9
217,2014-03-18,11.2,3.5,58.4
217,2014-03-19,6.3,1,62.6
217,2014-03-20,3.2,.8,87.3
217,2014-03-21,1.5,1.4,70.6
217,2014-03-22,4.5,1.4,65.1
217,2014-03-23,7.7,1.7,59.8
217,2014-03-24,9.3,2.7,48.9
217,2014-03-25,13.8,2.3,57.5
217,2014-03-26,13.4,1,59.8
217,2014-03-27,11.5,1.1,59.6
217,2014-03-28,12.8,1.1,54.1
217,2014-03-29,11.3,.9,74.6
217,2014-03-30,9.1,1.6,66.9
217,2014-03-31,9.9,1.4,58.9
217,2014-04-01,11.4,1.3,47.6
217,2014-04-02,12.5,1.6,41.5
217,2014-04-03,8.6,2,55.6
217,2014-04-04,3.9,2.4,64.6
217,2014-04-05,4,1.5,69.9
217,2014-04-06,6,3.3,49.9
217,2014-04-07,10.4,2.9,42.4
217,2014-04-08,10.9,1.4,45.3
217,2014-04-09,12.5,1.6,43.6
217,2014-04-10,9.7,1.7,48.5
217,2014-04-11,10.7,1.3,48.6
217,2014-04-12,12.7,1.3,62.1
217,2014-04-13,13.3,1.4,54.9
217,2014-04-14,13.6,2.3,47.3
217,2014-04-15,16.3,3.3,48.1
217,2014-04-16,15.3,1.6,63.9
217,2014-04-17,13,1.4,74.1
217,2014-04-18,11.3,1.7,68
217,2014-04-19,9.6,1.8,57
217,2014-04-20,12.2,1.6,50.3
217,2014-04-21,13,2.3,48.1
217,2014-04-22,12.1,1,45.1
217,2014-04-23,13.3,1.1,39.8
217,2014-04-24,14.7,1.6,39.4
217,2014-04-25,15.8,1,39.3
217,2014-04-26,15.9,1.9,44.9
217,2014-04-27,14.7,1.4,67.3
217,2014-04-28,12.3,1.3,82.6
217,2014-04-29,13.2,3.4,67.6
217,2014-04-30,12.9,1.4,72.9
217,2014-05-01,16.1,1.7,61.4
217,2014-05-02,15.9,3.9,59.6
217,2014-05-03,13.1,4,38.9
217,2014-05-04,12,3.4,48.6
217,2014-05-05,9.4,4.8,41.6
217,2014-05-06,11.3,2.3,42.1
217,2014-05-07,14.1,3.2,40.1
217,2014-05-08,12.7,2.6,77.5
217,2014-05-09,13.5,1.3,60.3
217,2014-05-10,14.8,1.3,46.5
217,2014-05-11,15.3,1.5,60.1
217,2014-05-12,16.6,5.1,64.3
217,2014-05-13,19.6,3.4,49
217,2014-05-14,18.9,1.9,53
217,2014-05-15,17.1,4.2,47.1
217,2014-05-16,16.8,2.6,45.1
217,2014-05-17,16.7,1.4,53
217,2014-05-18,17.1,1.7,55.6
217,2014-05-19,18.4,1.3,52.1
217,2014-05-20,17.8,.9,58.8
217,2014-05-21,17.3,1.7,69.5
217,2014-05-22,17.1,1.3,70.5
217,2014-05-23,18.4,1.2,71.8
217,2014-05-24,22.8,1.2,60.4
217,2014-05-25,20.4,1.7,64.4
217,2014-05-26,18.7,2.8,59.6
217,2014-05-27,19,3.4,50.3
217,2014-05-28,,1.2,
217,2014-05-29,22.7,1.4,56.9
217,2014-05-30,22.9,1.4,46.5
217,2014-05-31,23.8,1.9,46.5
217,2014-06-01,24.8,1.1,53.9
217,2014-06-02,22.3,1.1,59.3
217,2014-06-03,17.9,.9,88.9
217,2014-06-04,18.4,1.9,69.9
217,2014-06-05,18.6,2,65.8
217,2014-06-06,20.3,1.3,55.1
217,2014-06-07,19.3,1.5,62.5
217,2014-06-08,20.1,1.2,72.4
217,2014-06-09,19,1.2,86.5
217,2014-06-10,18.8,1.2,75.3
217,2014-06-11,17.9,1.4,70.1
217,2014-06-12,16.6,1,76.1
217,2014-06-13,17.5,1,83.6
217,2014-06-14,21,2,65.5
217,2014-06-15,21.5,1.9,63.1
217,2014-06-16,21.6,1.4,63.6
217,2014-06-17,21.9,1.3,64
217,2014-06-18,22.2,1.8,61.8
217,2014-06-19,20.7,1.5,71.6
217,2014-06-20,20.8,1.5,66.1
217,2014-06-21,19.8,1.5,71.4
217,2014-06-22,20.5,1.5,70.9
217,2014-06-23,19.7,1,85.8
217,2014-06-24,19.8,1.3,81.4
217,2014-06-25,21.8,1.4,70.5
217,2014-06-26,23.4,1.4,64.6
217,2014-06-27,23.5,1.5,64.3
217,2014-06-28,20.7,1.1,74.6
217,2014-06-29,21.9,1.2,69.6
217,2014-06-30,22,.9,85.5
217,2014-07-01,22.2,1.3,85.4
217,2014-07-02,22.1,1,91
217,2014-07-03,21.2,1.6,77.4
217,2014-07-04,22.8,1.6,62.6
217,2014-07-05,21.9,1.2,64.9
217,2014-07-06,20.5,.8,72.8
217,2014-07-07,23.6,1.1,62.9
217,2014-07-08,24.9,1.8,70.4
217,2014-07-09,25,1,88.3
217,2014-07-10,25.5,.9,74.5
217,2014-07-11,24.8,1.7,56.8
217,2014-07-12,21.9,.8,70.9
217,2014-07-13,23.2,1,74.5
217,2014-07-14,23.9,1.4,63.3
217,2014-07-15,23.6,.6,66.9
217,2014-07-16,24.8,1.2,64.1
217,2014-07-17,25,1.7,65.4
217,2014-07-18,24,1.4,74.3
217,2014-07-19,25.6,1.4,70.4
217,2014-07-20,26.6,1,61.3
217,2014-07-21,26.4,1.6,63.8
217,2014-07-22,25.6,2.9,63.4
217,2014-07-23,22.8,2.8,84.4
217,2014-07-24,22.8,1.2,88.3
217,2014-07-25,26.5,1.1,75.6
217,2014-07-26,23.1,6.2,69
217,2014-07-27,22.9,1.3,65.8
217,2014-07-28,22.3,1.1,62.8
217,2014-07-29,22.6,1.2,70.9
217,2014-07-30,25,1.2,70.5
217,2014-07-31,24.7,1,81.5
217,2014-08-01,24.9,1,75.5
217,2014-08-02,26.1,1.2,65.3
217,2014-08-03,23.7,.6,94.1
217,2014-08-04,24.4,.9,92.3
217,2014-08-05,25.1,1,87
217,2014-08-06,23.4,1.2,88.9
217,2014-08-07,20.1,.9,92.5
217,2014-08-08,21.3,2.1,70
217,2014-08-09,22.6,3.2,56.5
217,2014-08-10,21.7,2.2,82.8
217,2014-08-11,21.6,1.6,74.4
217,2014-08-12,22.6,1,73.9
217,2014-08-13,20.6,.7,90
217,2014-08-14,18.9,.5,97.1
217,2014-08-15,22.3,.9,81.5
217,2014-08-16,23.2,.5,81.6
217,2014-08-17,21.4,.8,88
217,2014-08-18,19.6,1.2,94.5
217,2014-08-19,20.9,.5,94
217,2014-08-20,21.6,.3,94.1
217,2014-08-21,22.5,1.3,88.1
217,2014-08-22,21.6,1.2,85.6
217,2014-08-23,22.7,1.1,82.8
217,2014-08-24,23.6,1.2,75.5
217,2014-08-25,21.4,1.3,84.5
217,2014-08-26,21.1,1.4,76.8
217,2014-08-27,19.6,1.3,70.8
217,2014-08-28,20.2,.7,73.1
217,2014-08-29,20.9,1.3,69.3
217,2014-08-30,19.8,1.3,63.1
217,2014-08-31,17.7,.9,73.1
217,2014-09-01,20.3,1.2,67
217,2014-09-02,19.6,1.1,74
217,2014-09-03,19.1,.5,96.4
217,2014-09-04,19.9,1.4,82.5
217,2014-09-05,20.7,1.1,77.8
217,2014-09-06,20.6,.7,80.6
217,2014-09-07,21.7,1,76.5
217,2014-09-08,21.4,.9,77.5
217,2014-09-09,20.1,.8,77
217,2014-09-10,19.4,1,71.8
217,2014-09-11,20.2,.8,69.5
217,2014-09-12,19.1,.9,73.5
217,2014-09-13,19,1.3,68.8
217,2014-09-14,18.1,.8,67.5
217,2014-09-15,19.7,.7,71
217,2014-09-16,19.5,1,67.4
217,2014-09-17,18.2,.9,71.6
217,2014-09-18,16.4,.8,71
217,2014-09-19,15.9,1,68.6
217,2014-09-20,16.7,.9,66
217,2014-09-21,16.3,1.4,64.3
217,2014-09-22,17.8,1.3,65.5
217,2014-09-23,18.5,.8,66.6
217,2014-09-24,16.5,1.6,88
217,2014-09-25,18.3,.9,75.5
217,2014-09-26,17.6,.7,73.3
217,2014-09-27,17.4,1.2,77
217,2014-09-28,19.2,.8,77.9
217,2014-09-29,18.1,.7,93.9
217,2014-09-30,14.8,1.7,74.9
217,2014-10-01,15.5,.6,76.3
217,2014-10-02,16.9,2.1,71.5
217,2014-10-03,16.7,1.7,62
217,2014-10-04,13.7,1.7,65.4
217,2014-10-05,13.6,2.1,57.4
217,2014-10-06,12,1.3,65.5
217,2014-10-07,11.8,1.1,68.9
217,2014-10-08,12.3,.8,75.8
217,2014-10-09,13.2,.9,73.3
217,2014-10-10,14.6,1.9,71.4
217,2014-10-11,15.9,1.9,60.6
217,2014-10-12,15.1,1,69.8
217,2014-10-13,13.9,3.8,61.9
217,2014-10-14,10.6,1.4,59.3
217,2014-10-15,9.3,1.1,65.5
217,2014-10-16,8.4,1.6,68.3
217,2014-10-17,7.9,1,57.6
217,2014-10-18,9.9,.7,67.1
217,2014-10-19,12.1,.9,66.6
217,2014-10-20,12.1,.6,97.1
217,2014-10-21,12.3,1.8,86.8
217,2014-10-22,9.6,2.3,72.4
217,2014-10-23,9.1,.8,80.5
217,2014-10-24,10.4,1,83.8
217,2014-10-25,10.5,.9,83.9
217,2014-10-26,12.5,1.2,74.1
217,2014-10-27,11.7,1.1,56.4
217,2014-10-28,7.1,.8,63.5
217,2014-10-29,7.9,.8,65.1
217,2014-10-30,9.6,.7,58.6
217,2014-10-31,9.6,.2,84.6
217,2014-11-01,13.1,.7,98
217,2014-11-02,10.6,4.7,53.1
217,2014-11-03,5.5,2.8,41.6
217,2014-11-04,5.7,.7,69.5
217,2014-11-05,7.1,1,72.8
217,2014-11-06,8.9,.9,74.6
217,2014-11-07,7.8,.9,84.6
217,2014-11-08,9.6,.6,87.6
217,2014-11-09,8.6,1.6,69
217,2014-11-10,5,.7,60.9
217,2014-11-11,6.1,1.1,59.8
217,2014-11-12,6.1,6.6,47
217,2014-11-13,-.7,4.8,26.4
217,2014-11-14,2.5,2.2,43.8
217,2014-11-15,2.6,1.7,56.5
217,2014-11-16,3.3,.7,52.8
217,2014-11-17,4,1.8,59.5
217,2014-11-18,1.7,.9,67.5
217,2014-11-19,1.1,.7,59.5
217,2014-11-20,2,.6,60
217,2014-11-21,4.2,.7,66.4
217,2014-11-22,4.6,.8,85.9
217,2014-11-23,5.3,.7,85.5
217,2014-11-24,6.2,.5,79.1
217,2014-11-25,7.7,2,66.4
217,2014-11-26,5.7,.9,74.5
217,2014-11-27,4.6,.8,83
217,2014-11-28,3.9,.6,96.3
217,2014-11-29,7.6,.8,90.6
217,2014-11-30,6.5,.5,99.3
217,2014-12-01,-.3,8,50.9
217,2014-12-02,-6.3,4.9,28.6
217,2014-12-03,-2.4,3.2,56.3
217,2014-12-04,-3.1,3.3,39.9
217,2014-12-05,-6.4,2.6,39.5
217,2014-12-06,-5.6,3.3,45
217,2014-12-07,-5.6,.8,57
217,2014-12-08,-3,1,63.1
217,2014-12-09,-4.6,.6,60.3
217,2014-12-10,-.6,2.1,67.3
217,2014-12-11,-.1,4.6,50.6
217,2014-12-12,-3.7,3.2,54.8
217,2014-12-13,-5.2,3.9,31.4
217,2014-12-14,-4.5,1.5,50.4
217,2014-12-15,-1.1,1.1,79.4
217,2014-12-16,-4.6,6.6,54.6
217,2014-12-17,-10.6,5.7,33.3
217,2014-12-18,-11.6,1.7,49.5
217,2014-12-19,-8.2,.8,59.4
217,2014-12-20,-2.5,4,58.9
217,2014-12-21,-7,2.4,46.9
217,2014-12-22,-6.6,2.7,55.9
217,2014-12-23,-4.7,1.1,68.4
217,2014-12-24,2,3.1,60.6
217,2014-12-25,-4,1.8,53.5
217,2014-12-26,-7.5,.5,65.4
217,2014-12-27,-5.9,.5,69.1
217,2014-12-28,-4.6,.8,71.9
217,2014-12-29,-.3,.9,69.4
217,2014-12-30,.9,3.8,53
217,2014-12-31,-3.3,2.8,54.3
217,2015-01-01,-8.6,4.3,36.6
217,2015-01-02,-7.3,2.6,45.6
217,2015-01-03,-6.7,1.2,55
217,2015-01-04,-.9,1.2,72.3
217,2015-01-05,-1.1,.8,79.9
217,2015-01-06,-.5,2.8,58
217,2015-01-07,-7.4,1.3,47
217,2015-01-08,-8,.8,58.5
217,2015-01-09,-5.3,1.3,57.5
217,2015-01-10,-3,2,57.5
217,2015-01-11,-.8,2.9,58.1
217,2015-01-12,-5.2,.6,62.6
217,2015-01-13,-4.1,.5,62.9
217,2015-01-14,-1.3,.4,62.8
217,2015-01-15,1.9,1,72.5
217,2015-01-16,-1.2,3.3,80.1
217,2015-01-17,-3.4,3,41
217,2015-01-18,-4,1.9,60.5
217,2015-01-19,-.1,4.3,55
217,2015-01-20,-3,.7,66.3
217,2015-01-21,.3,.3,71
217,2015-01-22,.5,1.6,79.8
217,2015-01-23,-1.5,1.1,71.9
217,2015-01-24,.1,1.5,59.9
217,2015-01-25,-.4,.6,80.4
217,2015-01-26,2.9,.8,93.4
217,2015-01-27,0,1.5,59.9
217,2015-01-28,-3.4,1,66.3
217,2015-01-29,-2.3,.7,75.5
217,2015-01-30,-2.2,2.6,54.5
217,2015-01-31,-5.4,1.1,56
217,2015-02-01,-4.9,.7,58.8
217,2015-02-02,-3.7,.6,61.6
217,2015-02-03,-2.3,.8,63.4
217,2015-02-04,-2,.8,65.4
217,2015-02-05,-1.6,1,65.3
217,2015-02-06,-1.2,1.4,58.5
217,2015-02-07,-.9,1.5,59.6
217,2015-02-08,-7.1,5.1,28.5
217,2015-02-09,-7,2.7,40.9
217,2015-02-10,.9,2.5,50.3
217,2015-02-11,2.4,2.6,48.6
217,2015-02-12,-2.2,3.5,33.1
217,2015-02-13,-2.7,2.5,30.8
217,2015-02-14,-.2,1.6,62.6
217,2015-02-15,3.5,1,67.5
217,2015-02-16,2.1,.2,96.5
217,2015-02-17,1.5,1,81.9
217,2015-02-18,.7,1,79
217,2015-02-19,-.4,.8,82.9
217,2015-02-20,1.2,1.3,65.9
217,2015-02-21,3.1,.6,82
217,2015-02-22,4.4,2.4,72
217,2015-02-23,.7,2.4,51.9
217,2015-02-24,.6,1.2,57.3
217,2015-02-25,3.7,1.3,50.1
217,2015-02-26,2,5.1,45.3
217,2015-02-27,-2,2.2,36.1
217,2015-02-28,.2,1.1,47.8
217,2015-03-01,1.9,3.7,54.6
217,2015-03-02,1.4,1.6,42.3
217,2015-03-03,2.7,2.3,53.9
217,2015-03-04,-2.3,6.5,35.5
217,2015-03-05,-2,1.1,45
217,2015-03-06,.4,1.2,49.9
217,2015-03-07,2.1,.8,46.6
217,2015-03-08,4.9,.8,44
217,2015-03-09,3,4.2,39.6
217,2015-03-10,-4.3,6,25.4
217,2015-03-11,-.8,5.8,32.5
217,2015-03-12,1,3.8,24.9
217,2015-03-13,2.9,2.5,53.6
217,2015-03-14,2.3,1.4,42.9
217,2015-03-15,4,1.2,44.4
217,2015-03-16,7.1,1.5,39
217,2015-03-17,8.7,1.2,46.5
217,2015-03-18,7,2,67
217,2015-03-19,10.7,1.3,63.6
217,2015-03-20,11.3,1.1,49.1
217,2015-03-21,9,1.8,41.4
217,2015-03-22,7.4,4.3,33.6
217,2015-03-23,3.7,3.2,25.6
217,2015-03-24,3.2,1.9,37.4
217,2015-03-25,4.1,1.2,40.8
217,2015-03-26,6.7,1.5,37.3
217,2015-03-27,8.8,2.6,39.3
217,2015-03-28,10.3,2,30.1
217,2015-03-29,11.8,1.6,31.5
217,2015-03-30,12.9,2.4,43
217,2015-03-31,12.6,1.9,67.3
217,2015-04-01,7.3,,75.8
217,2015-04-02,11,2.2,73.4
217,2015-04-03,12.7,3.8,72.8
217,2015-04-04,7.5,2.2,68.5
217,2015-04-05,7.4,1,94.9
217,2015-04-06,9.6,1.2,73.3
217,2015-04-07,4.2,2.1,66.9
217,2015-04-08,6.6,1.1,63.4
217,2015-04-09,7.5,1.5,60.9
217,2015-04-10,8.6,1.4,50.3
217,2015-04-11,10.3,1.1,43
217,2015-04-12,9.6,2,52.6
217,2015-04-13,7.1,3.2,66.1
217,2015-04-14,5.3,1.4,78.8
217,2015-04-15,8.9,3.3,66.4
217,2015-04-16,9,3.7,68.5
217,2015-04-17,9.8,3,43.8
217,2015-04-18,13.2,2.1,38.1
217,2015-04-19,11,1.2,80.6
217,2015-04-20,8.5,2.8,78.8
217,2015-04-21,10.1,2,61.6
217,2015-04-22,,2.2,
217,2015-04-23,13.6,2.8,41.4
217,2015-04-24,15.9,3.1,28
217,2015-04-25,14.7,2.4,34.9
217,2015-04-26,17.6,3,36.1
217,2015-04-27,18.5,3,41.6
217,2015-04-28,17.6,1.4,36.9
217,2015-04-29,14.9,.9,70.6
217,2015-04-30,18.1,.9,64.6
217,2015-05-01,20.4,1.6,58.8
217,2015-05-02,19.9,1.7,67.1
217,2015-05-03,17.5,1.3,86.5
217,2015-05-04,16,4.5,45.4
217,2015-05-05,13.3,2.2,41.3
217,2015-05-06,14,1.2,45.5
217,2015-05-07,16,2.1,42.3
217,2015-05-08,16.6,2.6,36.5
217,2015-05-09,17.3,2.5,48
217,2015-05-10,14,1.5,62
217,2015-05-11,15.7,1.8,71.8
217,2015-05-12,14,6,63
217,2015-05-13,18.2,7.2,42.3
217,2015-05-14,20.3,3.5,51.8
217,2015-05-15,21.1,2,62.6
217,2015-05-16,17.6,2.5,50
217,2015-05-17,16.1,2.1,43
217,2015-05-18,15.9,1.6,51.5
217,2015-05-19,16.6,1.9,66.3
217,2015-05-20,14.2,1.4,71.5
217,2015-05-21,17.7,2.4,53.9
217,2015-05-22,19.2,3.2,40
217,2015-05-23,18,1.6,45.4
217,2015-05-24,18.9,1.1,44.4
217,2015-05-25,19.7,1.2,42.6
217,2015-05-26,21.3,1.6,44.8
217,2015-05-27,20.5,1.1,39.6
217,2015-05-28,21.4,1.4,40.1
217,2015-05-29,22.1,1.7,45.9
217,2015-05-30,17.1,1.1,74.9
217,2015-05-31,20,1,53.9
217,2015-06-01,19.8,1.4,54
217,2015-06-02,22,1.2,42.3
217,2015-06-03,20.1,2.2,36.3
217,2015-06-04,20.2,1.4,35.4
217,2015-06-05,14.8,1,72.1
217,2015-06-06,17.6,1.5,62.3
217,2015-06-07,20.5,1.2,55.5
217,2015-06-08,19.7,1.2,56.5
217,2015-06-09,21.3,1.4,56.5
217,2015-06-10,23.6,1.3,49.3
217,2015-06-11,22,1.2,60.1
217,2015-06-12,22.4,2.8,60.1
217,2015-06-13,21.6,2.4,69.8
217,2015-06-14,21.2,2,71.5
217,2015-06-15,22,1.3,70.5
217,2015-06-16,21.9,1.3,72.2
217,2015-06-17,21,1.7,62
217,2015-06-18,21.3,2,59.4
217,2015-06-19,19.6,1.8,61.6
217,2015-06-20,17.5,1,83.4
217,2015-06-21,20.7,1.2,68.8
217,2015-06-22,21.6,1.3,71
217,2015-06-23,22.9,1.3,64.8
217,2015-06-24,21.7,1.2,67.9
217,2015-06-25,21.9,1.2,67.5
217,2015-06-26,19.6,2.5,74.3
217,2015-06-27,19.4,1.5,67.9
217,2015-06-28,22,1,70.4
217,2015-06-29,24.1,2,65.5
217,2015-06-30,21.6,.9,68.8
217,2015-07-01,21.4,2.6,60.3
217,2015-07-02,21.9,1.8,56.9
217,2015-07-03,20.3,1.7,66.9
217,2015-07-04,19.8,1.5,63.6
217,2015-07-05,20.3,1.3,68.9
217,2015-07-06,22.3,1.4,59.4
217,2015-07-07,19.4,.9,65.8
217,2015-07-08,19,1.3,88.1
217,2015-07-09,20.8,1.4,77.9
217,2015-07-10,24.4,1.2,72.4
217,2015-07-11,27,1.1,67.4
217,2015-07-12,23.4,.6,97.3
217,2015-07-13,23,5.4,79.5
217,2015-07-14,23.9,2.1,70.9
217,2015-07-15,22.6,1.9,70.6
217,2015-07-16,19,3.3,61.6
217,2015-07-17,19.1,2.3,53.3
217,2015-07-18,22.6,.8,59.6
217,2015-07-19,23.7,.9,70.3
217,2015-07-20,23.6,1.1,74.6
217,2015-07-21,25.4,1.2,73.8
217,2015-07-22,26.2,1.1,76.4
217,2015-07-23,25.6,1.1,88.4
217,2015-07-24,23.9,2.1,98.5
217,2015-07-25,26,3.8,77.1
217,2015-07-26,26.7,2.3,67.8
217,2015-07-27,24.6,1.1,80.6
217,2015-07-28,26.1,1,74.8
217,2015-07-29,24,1.1,92
217,2015-07-30,27.1,1.4,74.5
217,2015-07-31,27.9,1.4,69.4
217,2015-08-01,26.7,1.1,72.8
217,2015-08-02,24.1,.7,92.8
217,2015-08-03,27,2.3,69.3
217,2015-08-04,26.3,2.6,71.1
217,2015-08-05,26.2,1.7,72.5
217,2015-08-06,27,1.1,71.4
217,2015-08-07,28,1,69.4
217,2015-08-08,25.8,1,80.5
217,2015-08-09,25.3,1.2,74.9
217,2015-08-10,24.3,.9,80.1
217,2015-08-11,24.4,.6,77.6
217,2015-08-12,24.2,1.1,70.3
217,2015-08-13,22.1,1,83.1
217,2015-08-14,21.9,.9,90.6
217,2015-08-15,24.1,.5,82.8
217,2015-08-16,23.5,.7,85.8
217,2015-08-17,23.3,1.5,72.4
217,2015-08-18,23.4,1.1,72.9
217,2015-08-19,22.8,.9,74.3
217,2015-08-20,23.2,.8,81.1
217,2015-08-21,22.6,.6,85
217,2015-08-22,22.8,1,79.1
217,2015-08-23,24.1,1,71
217,2015-08-24,22.7,1.8,71.8
217,2015-08-25,20.5,4.4,71.5
217,2015-08-26,19.2,1.1,78.5
217,2015-08-27,21.4,2.3,70.5
217,2015-08-28,20.4,1,77.6
217,2015-08-29,21.3,.7,75.6
217,2015-08-30,21.7,1.1,82.8
217,2015-08-31,21.9,1.2,78.4
217,2015-09-01,21.4,1.5,73.4
217,2015-09-02,20.9,1.2,83.5
217,2015-09-03,21.1,1.1,83.1
217,2015-09-04,22,1,73
217,2015-09-05,19.8,.9,88.5
217,2015-09-06,18.8,2.1,68.8
217,2015-09-07,18.7,1.6,64.1
217,2015-09-08,17.8,2.3,61.4
217,2015-09-09,19.1,2.7,53.1
217,2015-09-10,18.8,1.3,69.1
217,2015-09-11,19.2,1.4,79.4
217,2015-09-12,17.2,1,83.5
217,2015-09-13,16,1.6,71.5
217,2015-09-14,16.7,1,71.8
217,2015-09-15,16.2,1.4,67.4
217,2015-09-16,16.2,1.4,68.3
217,2015-09-17,17.4,1.6,60.6
217,2015-09-18,18.6,1.4,63
217,2015-09-19,17.8,.9,73.8
217,2015-09-20,18.1,1,73.3
217,2015-09-21,19.1,.9,73.1
217,2015-09-22,18.8,.9,71.1
217,2015-09-23,17.8,.7,78.6
217,2015-09-24,18.1,1.1,79.3
217,2015-09-25,18.6,1,73.5
217,2015-09-26,18,.8,78.5
217,2015-09-27,18,1,65.3
217,2015-09-28,17.9,.9,60.8
217,2015-09-29,17.3,1.6,58.3
217,2015-09-30,16.9,1,56.1
217,2015-10-01,15.8,2.4,83.9
217,2015-10-02,14.1,2.8,49.3
217,2015-10-03,17.3,2.8,57.8
217,2015-10-04,13.4,.7,66.4
217,2015-10-05,13.2,.8,70.1
217,2015-10-06,14.1,.8,75.9
217,2015-10-07,15.7,.7,74.1
217,2015-10-08,15.4,.8,74.5
217,2015-10-09,13.8,2.8,51.3
217,2015-10-10,9.6,1.8,80.9
217,2015-10-11,9.5,2.2,77.4
217,2015-10-12,9.9,2.6,65.9
217,2015-10-13,10.3,2,73.6
217,2015-10-14,13.1,.7,71
217,2015-10-15,13.2,.8,70.3
217,2015-10-16,13.8,.9,65.9
217,2015-10-17,12.9,.8,65
217,2015-10-18,13.8,.7,63
217,2015-10-19,14.4,1,65.6
217,2015-10-20,14.8,1,73.9
217,2015-10-21,15.7,1.1,71.9
217,2015-10-22,14.3,1.4,65.5
217,2015-10-23,13.7,1.2,77.3
217,2015-10-24,15.1,2,65.8
217,2015-10-25,12.3,1.1,60.4
217,2015-10-26,10.8,1.3,66.8
217,2015-10-27,11.5,3.3,63.6
217,2015-10-28,9.2,3.8,45.9
217,2015-10-29,7.8,2.8,38.5
217,2015-10-30,4.9,2.2,41.1
217,2015-10-31,2.9,1,52.3
217,2015-11-01,4.7,1.3,47.4
217,2015-11-02,8,2.4,49.5
217,2015-11-03,7.2,.6,66.3
217,2015-11-04,7.1,.8,66.3
217,2015-11-05,8.9,.8,58.4
217,2015-11-06,8.4,1.7,71.4
217,2015-11-07,11,2.4,80
217,2015-11-08,10.5,1.8,82.3
217,2015-11-09,10.1,.4,99.4
217,2015-11-10,10.3,.7,85.3
217,2015-11-11,10.7,1.2,72.8
217,2015-11-12,12.5,.8,65
217,2015-11-13,10.7,1.1,79.8
217,2015-11-14,12.1,.5,100
217,2015-11-15,11.7,.6,83.6
217,2015-11-16,9.7,.6,89.6
217,2015-11-17,11.8,1,85.1
217,2015-11-18,8.4,2.4,69.4
217,2015-11-19,7.8,.7,74.1
217,2015-11-20,9,.8,78.1
217,2015-11-21,9.3,.7,72.8
217,2015-11-22,9.9,1.5,67.6
217,2015-11-23,7.4,1.4,83.4
217,2015-11-24,5.8,1.8,72.5
217,2015-11-25,2.9,1.4,87.3
217,2015-11-26,-.9,5.2,51
217,2015-11-27,-2.5,2.6,54.1
217,2015-11-28,-.2,1.4,67.8
217,2015-11-29,1.2,.7,78.9
217,2015-11-30,3.6,1.5,75.4
217,2015-12-01,1.2,.7,75.4
217,2015-12-02,3,1.4,84
217,2015-12-03,-.7,5.2,68.1
217,2015-12-04,-.6,4.6,49
217,2015-12-05,3.3,3,51.6
217,2015-12-06,.3,.7,64.6
217,2015-12-07,1.9,.8,67.6
217,2015-12-08,2.8,.5,72.3
217,2015-12-09,2.2,.6,82.1
217,2015-12-10,4.9,.3,93.3
217,2015-12-11,4.8,3.1,58.8
217,2015-12-12,2.2,.9,60.6
217,2015-12-13,1.8,.7,74.5
217,2015-12-14,3.6,.5,91.6
217,2015-12-15,5.1,2.7,69.6
217,2015-12-16,-.1,5.4,39.5
217,2015-12-17,-5,2.5,46.4
217,2015-12-18,-3.6,1.1,63.6
217,2015-12-19,-2.9,.7,67
217,2015-12-20,-2.1,1,69.6
217,2015-12-21,0,.8,87.6
217,2015-12-22,1.4,.9,81.1
217,2015-12-23,2.4,.4,93.5
217,2015-12-24,1.9,1.5,78.3
217,2015-12-25,-1.4,1.6,54.6
217,2015-12-26,1.7,3.3,53
217,2015-12-27,-3,.9,53.4
217,2015-12-28,-5.9,2.1,37.8
217,2015-12-29,-6.2,1.3,46
217,2015-12-30,-3.9,.9,58.6
217,2015-12-31,-.3,1.2,71.5
217,2016-01-01,-1.3,1.8,68.5
217,2016-01-02,3.4,2.2,65.8
217,2016-01-03,2.7,1.3,75.4
217,2016-01-04,4.1,2.9,41.8
217,2016-01-05,-1.4,1.6,32.1
217,2016-01-06,-3.3,1.7,52.9
217,2016-01-07,-2.8,2.5,46.5
217,2016-01-08,-4.6,2.6,45.8
217,2016-01-09,-2.2,2.6,47
217,2016-01-10,-.3,2.5,40.3
217,2016-01-11,-4.8,1,40.3
217,2016-01-12,-5.9,1.3,44.3
217,2016-01-13,-3.9,3.4,56.6
217,2016-01-14,-3.5,2.5,44.1
217,2016-01-15,-3.4,.7,65.1
217,2016-01-16,-4.5,.6,67.3
217,2016-01-17,-1.5,.5,71.5
217,2016-01-18,-4.3,4.5,58.9
217,2016-01-19,-11.6,5.4,31.8
217,2016-01-20,-11.4,1.5,50.9
217,2016-01-21,-8.8,.8,53.3
217,2016-01-22,-8.3,1,50.5
217,2016-01-23,-9.2,4.2,25.5
217,2016-01-24,-13.8,3.3,33.5
217,2016-01-25,-10.3,1.8,41.5
217,2016-01-26,-5.2,1.9,56.3
217,2016-01-27,-1.3,1.8,47.5
217,2016-01-28,-3.7,.5,57.4
217,2016-01-29,1.1,1.9,62.9
217,2016-01-30,1.4,1.2,61.4
217,2016-01-31,-2.2,1.5,46.6
217,2016-02-01,-5.9,1.2,43.4
217,2016-02-02,-6.7,1,45.1
217,2016-02-03,-5.8,1.6,47.5
217,2016-02-04,-2.3,2.1,46.5
217,2016-02-05,-3.4,2.4,38.6
217,2016-02-06,-3.9,1,52.5
217,2016-02-07,-5.3,1.1,50.3
217,2016-02-08,-3.2,1.8,67.5
217,2016-02-09,-1.1,2.8,51
217,2016-02-10,-2.4,.6,60
217,2016-02-11,1.4,.6,57.3
217,2016-02-12,4.2,1.2,92
217,2016-02-13,9.3,.8,100
217,2016-02-14,.2,3,73.4
217,2016-02-15,-5.7,4.5,43.3
217,2016-02-16,-3.3,2.3,62
217,2016-02-17,-1.4,3,45.8
217,2016-02-18,1.4,4,56
217,2016-02-19,2.1,2,54.6
217,2016-02-20,1.7,2.6,46.1
217,2016-02-21,-1,3.5,30
217,2016-02-22,1.1,1.2,38.1
217,2016-02-23,1.6,3.8,37.4
217,2016-02-24,-1.9,1.9,40
217,2016-02-25,-2,2.7,48.3
217,2016-02-26,2,4,35.1
217,2016-02-27,1.4,1,66.4
217,2016-02-28,-.2,.5,76.8
217,2016-02-29,-5.3,3,63.3
217,2016-03-01,-5.9,1.6,59.9
217,2016-03-02,-.5,2,63.9
217,2016-03-03,2.9,1.5,64.9
217,2016-03-04,5.5,1.1,70
217,2016-03-05,6.8,2,95.1
217,2016-03-06,10.2,2.8,62.4
217,2016-03-07,6.3,1.7,58.6
217,2016-03-08,4.7,1.4,34.1
217,2016-03-09,1.8,1.7,48.6
217,2016-03-10,.5,3.2,32.5
217,2016-03-11,-.9,2.1,34.6
217,2016-03-12,.1,1.5,49.8
217,2016-03-13,1.1,1.3,65.5
217,2016-03-14,.6,.9,68.4
217,2016-03-15,4,1.5,49
217,2016-03-16,7.5,2.2,32.3
217,2016-03-17,7.8,2,36.1
217,2016-03-18,8.4,.9,60.3
217,2016-03-19,8.6,1.5,63.4
217,2016-03-20,6.4,1.2,59.5
217,2016-03-21,7.7,1.5,51.9
217,2016-03-22,8.6,2.3,44.8
217,2016-03-23,5.4,1.7,64
217,2016-03-24,3.4,1.4,66.9
217,2016-03-25,3.6,1,72.6
217,2016-03-26,4.6,1.2,63.1
217,2016-03-27,5.5,2.1,51.6
217,2016-03-28,7.2,1.5,40.3
217,2016-03-29,11.4,5.4,39.8
217,2016-03-30,11.2,3.1,39.6
217,2016-03-31,10.3,.9,36.4
217,2016-04-01,12,1.3,38.3
217,2016-04-02,13.7,2.1,36.5
217,2016-04-03,9.6,1.2,61.3
217,2016-04-04,11.1,1.4,59
217,2016-04-05,11.7,2.2,44.4
217,2016-04-06,13.1,1.2,38.4
217,2016-04-07,12.6,1.1,74.5
217,2016-04-08,13.7,3.4,48.4
217,2016-04-09,15.1,2.6,50.8
217,2016-04-10,9.5,2.1,64.8
217,2016-04-11,8,1.9,53.9
217,2016-04-12,10.5,1.4,51.6
217,2016-04-13,11.4,1.2,80.9
217,2016-04-14,14.5,2.5,60.1
217,2016-04-15,13.4,1.7,45
217,2016-04-16,14.1,1.3,57.1
217,2016-04-17,11.4,7.6,52.6
217,2016-04-18,11.4,3.8,44
217,2016-04-19,11.6,1.9,48.1
217,2016-04-20,12.4,1.8,52.8
217,2016-04-21,12.4,.5,91.5
217,2016-04-22,17,2.8,62.9
217,2016-04-23,14,2,39.1
217,2016-04-24,12.4,1.4,38.1
217,2016-04-25,15.2,1.2,44.1
217,2016-04-26,16,1.8,45.4
217,2016-04-27,9.4,2.2,62.1
217,2016-04-28,11.4,1.5,50.1
217,2016-04-29,13.1,1.6,48.1
217,2016-04-30,15.8,3.9,48.1
217,2016-05-01,18.1,2.6,40.1
217,2016-05-02,18.7,1.6,48.3
217,2016-05-03,13.9,5.4,79.9
217,2016-05-04,15.3,8.9,33.8
217,2016-05-05,16.9,1.7,38.8
217,2016-05-06,17.2,3.6,64.4
217,2016-05-07,16.1,2,49.1
217,2016-05-08,17.2,1.4,47.4
217,2016-05-09,18.8,1,45.4
217,2016-05-10,12.8,1.7,71
217,2016-05-11,15.3,1.4,66.6
217,2016-05-12,17.5,2.3,59.9
217,2016-05-13,14.8,2,56.6
217,2016-05-14,16.2,1.1,45
217,2016-05-15,18.2,2.5,55.5
217,2016-05-16,14.3,3.5,49.1
217,2016-05-17,16.4,1.3,49.8
217,2016-05-18,19.1,1,50.4
217,2016-05-19,19.6,1,41.5
217,2016-05-20,17.5,1.6,36
217,2016-05-21,17.6,1.3,41.6
217,2016-05-22,18.9,1.3,43.9
217,2016-05-23,19.9,1.1,43.6
217,2016-05-24,16.2,2.3,82
217,2016-05-25,17,1.4,70.9
217,2016-05-26,17.5,1.2,74.8
217,2016-05-27,20.1,1,54.4
217,2016-05-28,20.2,1.1,50.8
217,2016-05-29,18.5,1,64.6
217,2016-05-30,20.4,1.5,57.6
217,2016-05-31,20.6,2.1,57
217,2016-06-01,18.8,1.6,43.5
217,2016-06-02,18,1.4,46.9
217,2016-06-03,20.4,1.5,48.4
217,2016-06-04,18.7,.9,53.3
217,2016-06-05,20.2,1.4,51
217,2016-06-06,19.4,.9,59.4
217,2016-06-07,21.6,1,61.1
217,2016-06-08,21.7,1.2,62.3
217,2016-06-09,22.2,1.2,57.9
217,2016-06-10,23.2,1.4,50.3
217,2016-06-11,23.5,1.5,56.9
217,2016-06-12,23.7,1.3,68.8
217,2016-06-13,21.7,1.2,74.3
217,2016-06-14,22.7,1.2,64.8
217,2016-06-15,20.6,1.1,85
217,2016-06-16,21.5,2.6,62.9
217,2016-06-17,22.4,1.4,59.5
217,2016-06-18,23.3,1.4,60.5
217,2016-06-19,21.9,1.6,65.8
217,2016-06-20,22.7,1.4,64.8
217,2016-06-21,23.8,1.5,56.6
217,2016-06-22,22.6,1.3,64.5
217,2016-06-23,24.4,1.3,60.9
217,2016-06-24,20.1,.7,95
217,2016-06-25,19.4,.9,74.8
217,2016-06-26,21.1,1.3,65.5
217,2016-06-27,20.6,1,73.1
217,2016-06-28,21.4,1.1,70.6
217,2016-06-29,22.4,1.3,59
217,2016-06-30,25,2.2,61.4
217,2016-07-01,23.9,2.3,79.3
217,2016-07-02,22.8,2.3,82.9
217,2016-07-03,21.3,.8,85.4
217,2016-07-04,18.8,.6,100
217,2016-07-05,21,.8,99.4
217,2016-07-06,21.3,1.4,87.1
217,2016-07-07,22.1,1.1,84.8
217,2016-07-08,24.8,.9,72.9
217,2016-07-09,25.5,1,70.5
217,2016-07-10,25.3,.5,74.1
217,2016-07-11,26.5,.8,69.6
217,2016-07-12,24.2,1,81
217,2016-07-13,25.3,1.2,69.8
217,2016-07-14,21.9,1.3,80.5
217,2016-07-15,22.4,1.4,64.6
217,2016-07-16,18.9,.4,100
217,2016-07-17,21.1,1.1,87.6
217,2016-07-18,22.5,1.1,78.6
217,2016-07-19,23.6,1.2,70.9
217,2016-07-20,24.3,1.3,67.3
217,2016-07-21,23.4,1,68.1
217,2016-07-22,25,1,65.5
217,2016-07-23,25.4,.8,75.6
217,2016-07-24,25.8,.7,86.1
217,2016-07-25,25.2,.6,91
217,2016-07-26,26.5,1.1,75.4
217,2016-07-27,25.4,1.8,81.4
217,2016-07-28,26.8,2.6,71.8
217,2016-07-29,23.7,1.1,95.3
217,2016-07-30,26.1,1.1,84.5
217,2016-07-31,25.9,.8,81.4
217,2016-08-01,25.6,.8,78.8
217,2016-08-02,24.6,.5,87.9
217,2016-08-03,25.8,1,76.1
217,2016-08-04,26.8,1,69
217,2016-08-05,26.1,.9,66.6
217,2016-08-06,26.6,.8,71.5
217,2016-08-07,27.6,1,72.3
217,2016-08-08,26.6,.9,82.1
217,2016-08-09,26.3,.9,73.9
217,2016-08-10,26.9,.7,76.6
217,2016-08-11,27.2,.9,77
217,2016-08-12,27.5,.9,77.8
217,2016-08-13,27.9,.9,75.8
217,2016-08-14,27,.8,77.8
217,2016-08-15,27.5,.8,70.3
217,2016-08-16,25.8,.9,78
217,2016-08-17,24.5,.7,85.1
217,2016-08-18,25.7,.7,77.8
217,2016-08-19,26.8,.6,71.1
217,2016-08-20,26.7,.9,67.3
217,2016-08-21,24.9,.8,69.4
217,2016-08-22,25.4,1,68.5
217,2016-08-23,25.5,1,67.4
217,2016-08-24,25.1,.7,61.3
217,2016-08-25,25.3,.9,69.4
217,2016-08-26,18.3,1.8,69.1
217,2016-08-27,19.1,1.9,64.8
217,2016-08-28,17.4,1.6,85.8
217,2016-08-29,16.2,.9,84.9
217,2016-08-30,16.7,1.2,87.5
217,2016-08-31,17.4,5.3,71.9
217,2016-09-01,21.9,3.5,71.6
217,2016-09-02,19.3,.4,99.4
217,2016-09-03,20.5,.5,96.6
217,2016-09-04,22.5,.7,90.4
217,2016-09-05,23.3,.6,87.4
217,2016-09-06,22.7,.7,79.5
217,2016-09-07,20.9,.9,81.1
217,2016-09-08,20.9,.9,87
217,2016-09-09,20.8,.8,79.6
217,2016-09-10,21.2,.6,80.1
217,2016-09-11,21.6,.6,82
217,2016-09-12,20.4,.5,85
217,2016-09-13,20.8,.8,76.1
217,2016-09-14,21.1,.6,78.9
217,2016-09-15,20.7,.7,78.5
217,2016-09-16,20.5,.5,77.8
217,2016-09-17,18.4,1.2,88.6
217,2016-09-18,19.6,1.8,61.1
217,2016-09-19,17.7,1.9,61.9
217,2016-09-20,16.3,2.3,59.5
217,2016-09-21,15.2,1,72.8
217,2016-09-22,17,1,69.4
217,2016-09-23,16.8,.8,76.1
217,2016-09-24,17.4,.7,78.6
217,2016-09-25,18,.6,84.4
217,2016-09-26,18.3,.4,86.1
217,2016-09-27,19,.3,91.4
217,2016-09-28,20.2,1.4,77.4
217,2016-09-29,16,1.2,66.3
217,2016-09-30,16.8,.5,81.1
217,2016-10-01,17.5,.6,81.9
217,2016-10-02,17.1,.6,78.6
217,2016-10-03,21,2.7,84.3
217,2016-10-04,18.2,1.5,76.4
217,2016-10-05,16.8,1,91
217,2016-10-06,17.4,.9,78.4
217,2016-10-07,16.5,.8,82.8
217,2016-10-08,16.2,1.5,71.1
217,2016-10-09,11.4,1,57.4
217,2016-10-10,11.8,.8,69.1
217,2016-10-11,11.8,.7,83.3
217,2016-10-12,12.3,.8,79.8
217,2016-10-13,11.8,.8,74.5
217,2016-10-14,11.8,.7,80.8
217,2016-10-15,13.7,.7,81.1
217,2016-10-16,13.8,.7,89.4
217,2016-10-17,15.4,.9,85.1
217,2016-10-18,14,.7,85.1
217,2016-10-19,15.1,.8,83.9
217,2016-10-20,14.5,1.3,74.9
217,2016-10-21,14.5,.7,68.8
217,2016-10-22,15.1,.9,74.1
217,2016-10-23,10.5,1.9,69.5
217,2016-10-24,10,.8,72.9
217,2016-10-25,11,.8,98.9
217,2016-10-26,12.1,1.1,86.3
217,2016-10-27,12.6,.9,76.4
217,2016-10-28,11.8,.5,91.8
217,2016-10-29,9.3,1.2,70.5
217,2016-10-30,6,1.2,66.5
217,2016-10-31,5.9,1.5,65.6
217,2016-11-01,2.5,1.3,47.1
217,2016-11-02,3,1.3,51.6
217,2016-11-03,6.1,1.5,61.8
217,2016-11-04,8.4,2.4,68.4
217,2016-11-05,13.1,2.8,66
217,2016-11-06,9.6,1.5,66.6
217,2016-11-07,11.1,1.8,69.1
217,2016-11-08,7.1,1.8,60.8
217,2016-11-09,2.4,.9,69.3
217,2016-11-10,4.6,.4,72
217,2016-11-11,6.7,2.4,65.8
217,2016-11-12,6.5,1.1,62.9
217,2016-11-13,8.7,.3,78.3
217,2016-11-14,,.7,
217,2016-11-15,8.4,1.3,46.6
217,2016-11-16,3.4,1,57.5
217,2016-11-17,4.5,.6,60.3
217,2016-11-18,6.5,.9,76.9
217,2016-11-19,10.7,.9,88.4
217,2016-11-20,10.2,1,64.9
217,2016-11-21,5.3,.5,79.4
217,2016-11-22,4.6,1.4,70.1
217,2016-11-23,2.4,1.8,45.6
217,2016-11-24,-2.1,1.7,36.6
217,2016-11-25,-2.4,.8,52.1
217,2016-11-26,-1.7,1.2,66.6
217,2016-11-27,1.9,1.3,69.1
217,2016-11-28,0,1.1,65.1
217,2016-11-29,.2,.8,64
217,2016-11-30,3.4,2,78
217,2016-12-01,4.4,4.6,40.1
217,2016-12-02,0,1.8,48.3
217,2016-12-03,.6,1.2,57
217,2016-12-04,1.4,1.1,62.4
217,2016-12-05,4.8,2.5,64
217,2016-12-06,-.7,1.6,47.3
217,2016-12-07,-2.6,1.1,74.1
217,2016-12-08,-.1,1.2,78.8
217,2016-12-09,1.6,1.8,66.3
217,2016-12-10,-2.5,1,58.8
217,2016-12-11,-3.8,.7,58.4
217,2016-12-12,-1.1,.6,64.1
217,2016-12-13,2.8,.8,69.5
217,2016-12-14,1.2,1.3,78.9
217,2016-12-15,-2.8,2.2,53.9
217,2016-12-16,-5.6,1.5,46.6
217,2016-12-17,1.6,1.5,58.6
217,2016-12-18,1.2,1.2,75.3
217,2016-12-19,1.8,.6,80.3
217,2016-12-20,3.1,.4,84.1
217,2016-12-21,4.1,.7,86.9
217,2016-12-22,6.8,3.7,79.8
217,2016-12-23,-.6,4.7,65.9
217,2016-12-24,-.8,1.1,71.3
217,2016-12-25,1,.6,82
217,2016-12-26,1.5,.5,99.3
217,2016-12-27,-.9,1.2,80.8
217,2016-12-28,-3.7,1.3,66.9
217,2016-12-29,-3.4,2.8,45.4
217,2016-12-30,-4.1,1.4,55.3
217,2016-12-31,0,1.5,61
217,2017-01-01,-.7,.9,80.4
217,2017-01-02,1.8,1.2,78.8
217,2017-01-03,1.3,1.3,60.4
217,2017-01-04,2.3,1,61.3
217,2017-01-05,1.1,1.7,68.4
217,2017-01-06,2.2,.8,67.6
217,2017-01-07,1,.7,75.9
217,2017-01-08,4.5,.7,72.1
217,2017-01-09,3,3.8,53.3
217,2017-01-10,-2.3,3.4,42
217,2017-01-11,-4.3,2.6,30.6
217,2017-01-12,-1.2,4.7,35.5
217,2017-01-13,-6.2,2.5,45.4
217,2017-01-14,-8.9,3.5,33.6
217,2017-01-15,-8.6,1.3,43.8
217,2017-01-16,-6.8,.6,56.1
217,2017-01-17,-5.2,.7,55.4
217,2017-01-18,-3.2,1.6,59.6
217,2017-01-19,-2.8,.8,58.6
217,2017-01-20,-3.7,1.6,72.9
217,2017-01-21,-5,2.6,65.8
217,2017-01-22,-7,5.6,44.1
217,2017-01-23,-10.4,1.3,53.5
217,2017-01-24,-10.4,.9,58.3
217,2017-01-25,-9.4,.8,61.5
217,2017-01-26,-5.2,2.4,51
217,2017-01-27,-.8,3.6,44.5
217,2017-01-28,-3.5,.5,54.3
217,2017-01-29,-.2,.3,76.3
217,2017-01-30,-1.9,2.2,70
217,2017-01-31,-5.2,2.1,60.6
217,2017-02-01,-3.7,2.5,46
217,2017-02-02,-4.7,2.1,48.3
217,2017-02-03,-2.6,1,63.1
217,2017-02-04,-.2,.6,58.9
217,2017-02-05,1.7,1.4,64.1
217,2017-02-06,-1.6,2.5,51.5
217,2017-02-07,-3.3,.7,58
217,2017-02-08,-1.6,1.6,49.6
217,2017-02-09,-4.1,3.8,41.8
217,2017-02-10,-6.8,5.3,39.5
217,2017-02-11,-6,3,45.9
217,2017-02-12,-4.6,2,54.4
217,2017-02-13,-3,1.6,55.1
217,2017-02-14,-2.1,1.1,56.3
217,2017-02-15,-1,1.3,52.8
217,2017-02-16,4.5,3.7,51.3
217,2017-02-17,5.1,4.1,51
217,2017-02-18,-2.2,3.4,41
217,2017-02-19,.2,4,58.9
217,2017-02-20,1,4,57.4
217,2017-02-21,-1.4,1,51.4
217,2017-02-22,.7,.4,81.8
217,2017-02-23,.4,3.1,58.5
217,2017-02-24,-1.1,3,45
217,2017-02-25,1.2,2.3,49.9
217,2017-02-26,1.3,1.2,55.1
217,2017-02-27,1.1,1,58.4
217,2017-02-28,2.2,.9,53.4
217,2017-03-01,3.8,1.2,57.8
217,2017-03-02,2.4,1.1,77.6
217,2017-03-03,1.6,1.8,54.3
217,2017-03-04,2.7,1.2,57.3
217,2017-03-05,3.7,1.1,64.8
217,2017-03-06,1.2,4.7,42.9
217,2017-03-07,-1.6,5.5,29
217,2017-03-08,-1.1,3.5,43.4
217,2017-03-09,2.9,4,38.9
217,2017-03-10,2.8,2.4,35.9
217,2017-03-11,3.6,.9,41.1
217,2017-03-12,5.8,1.4,46.6
217,2017-03-13,6.1,1.4,51
217,2017-03-14,.7,1.1,78.6
217,2017-03-15,2.1,1.3,63.9
217,2017-03-16,3.4,1.2,53.5
217,2017-03-17,4.9,1,44.5
217,2017-03-18,6.7,1.8,39.6
217,2017-03-19,6.9,1,37.5
217,2017-03-20,6.8,1.2,37.5
217,2017-03-21,3.4,1.3,61.3
217,2017-03-22,4.8,1.3,49.8
217,2017-03-23,5,1.5,52.8
217,2017-03-24,4.6,1.1,58
217,2017-03-25,2.6,.7,88
217,2017-03-26,4.7,1.1,73.6
217,2017-03-27,4.1,1.5,70.3
217,2017-03-28,4.4,1.5,66.8
217,2017-03-29,6.2,1.1,50.9
217,2017-03-30,8.2,1.4,49.4
217,2017-03-31,4.9,.5,88.1
217,2017-04-01,4.2,.9,90.5
217,2017-04-02,6.3,1.9,61.4
217,2017-04-03,8.9,2,51
217,2017-04-04,11.1,1.4,44.8
217,2017-04-05,10.8,1.1,66.5
217,2017-04-06,13,3.8,77.8
217,2017-04-07,14.4,1,63
217,2017-04-08,15.9,1.8,55.4
217,2017-04-09,10,1.8,55
217,2017-04-10,11.2,1.6,34.8
217,2017-04-11,10.9,1.6,65.3
217,2017-04-12,9.9,3.5,37.4
217,2017-04-13,11.5,3,38
217,2017-04-14,13.2,4.6,44.8
217,2017-04-15,15.7,2.7,49.6
217,2017-04-16,17.1,1.7,44.5
217,2017-04-17,11.3,1.2,75.8
217,2017-04-18,11.5,3.8,70.9
217,2017-04-19,12.5,4.1,38.3
217,2017-04-20,12.2,1.8,42.5
217,2017-04-21,11.2,1.4,57.6
217,2017-04-22,11.6,1.1,52.5
217,2017-04-23,12.7,2.6,43.5
217,2017-04-24,15,3.9,34.3
217,2017-04-25,16.9,4,37.4
217,2017-04-26,14.3,2.8,35
217,2017-04-27,11.2,3.1,36.9
217,2017-04-28,13.3,2.7,40.4
217,2017-04-29,15.8,3.4,37
217,2017-04-30,18.4,2.6,40.5
217,2017-05-01,17.6,1.5,32.8
217,2017-05-02,16.7,1,44.1
217,2017-05-03,18,1.1,44.3
217,2017-05-04,18.7,1,43.5
217,2017-05-05,21,3.6,43.4
217,2017-05-06,15.6,5.9,23.8
217,2017-05-07,15.5,3.5,30.1
217,2017-05-08,17.1,2.2,38.6
217,2017-05-09,15.7,1,66.1
217,2017-05-10,14.7,1,80
217,2017-05-11,16.3,1.8,72
217,2017-05-12,17.3,1.5,73.5
217,2017-05-13,17.4,2.5,61.8
217,2017-05-14,14.7,5,46.5
217,2017-05-15,13.3,1.9,59.4
217,2017-05-16,15.4,1.2,65
217,2017-05-17,15.1,1.1,72.1
217,2017-05-18,17.7,2.3,60.8
217,2017-05-19,20.8,2.4,40.6
217,2017-05-20,21.6,1.4,41
217,2017-05-21,20.5,1.3,48.6
217,2017-05-22,19.9,1.6,52.9
217,2017-05-23,19.3,1.5,58.4
217,2017-05-24,18.6,.9,77.1
217,2017-05-25,17.8,3.1,59.8
217,2017-05-26,13.5,1.6,55.3
217,2017-05-27,16.6,1.3,59.1
217,2017-05-28,19.3,1.4,55.6
217,2017-05-29,22.9,1.8,56.1
217,2017-05-30,21.1,1.6,59
217,2017-05-31,20.7,1.2,53.3
217,2017-06-01,17,.9,74.8
217,2017-06-02,16.6,1.4,59.1
217,2017-06-03,16.6,1.4,55.4
217,2017-06-04,17.5,1.3,52.1
217,2017-06-05,17.5,1.5,53.3
217,2017-06-06,15.3,.9,74
217,2017-06-07,16.5,1.9,99.9
217,2017-06-08,19.3,2.3,62.4
217,2017-06-09,19.8,2.8,58.3
217,2017-06-10,18.8,1.6,53.6
217,2017-06-11,17,1.6,51.5
217,2017-06-12,16.5,1.5,61.3
217,2017-06-13,16.6,1.1,72.5
217,2017-06-14,19.6,2,61
217,2017-06-15,21.8,1.9,52.9
217,2017-06-16,21.6,1.3,60.1
217,2017-06-17,23,1,57.1
217,2017-06-18,22.1,1.2,73.3
217,2017-06-19,23.8,1.3,58.8
217,2017-06-20,22.8,.7,55.8
217,2017-06-21,22.6,1.5,53.6
217,2017-06-22,23.7,1.6,51.6
217,2017-06-23,23.6,1.2,52.4
217,2017-06-24,21.6,.9,72.1
217,2017-06-25,20,.9,86.1
217,2017-06-26,20.3,1.3,76.1
217,2017-06-27,22,1.2,78
217,2017-06-28,23.4,1.2,77.1
217,2017-06-29,24.3,.9,72.6
217,2017-06-30,24.2,1.6,70.3
217,2017-07-01,23.8,1.7,70.1
217,2017-07-02,23.9,2.7,91.9
217,2017-07-03,22.9,1.9,97.4
217,2017-07-04,23.7,1.1,83.8
217,2017-07-05,24.1,.9,79.1
217,2017-07-06,25,.8,71.1
217,2017-07-07,24.6,1.2,84.3
217,2017-07-08,23.7,.8,96.3
217,2017-07-09,25.7,.9,85.4
217,2017-07-10,24,1.7,98.8
217,2017-07-11,24.8,1.5,79.3
217,2017-07-12,25,1.1,76.9
217,2017-07-13,25.5,1.3,77.5
217,2017-07-14,25.1,1.2,83
217,2017-07-15,23.3,2.4,91.8
217,2017-07-16,23.4,1.3,90.6
217,2017-07-17,25.3,1.4,82.6
217,2017-07-18,25.5,1.1,80.1
217,2017-07-19,26,1,79.6
217,2017-07-20,27,1.1,77.1
217,2017-07-21,27.5,1.3,77.4
217,2017-07-22,26.4,.7,88.5
217,2017-07-23,24.9,1.1,96.6
217,2017-07-24,25,.6,99.8
217,2017-07-25,24.8,1.1,75.8
217,2017-07-26,24.5,1.1,67.9
217,2017-07-27,23.6,.8,68.1
217,2017-07-28,23.2,.3,95.1
217,2017-07-29,23.2,.3,88.5
217,2017-07-30,24.3,.6,82.6
217,2017-07-31,22.5,.2,100
217,2017-08-01,24.9,.1,84.3
217,2017-08-02,25,.9,78
217,2017-08-03,24.4,1,74.8
217,2017-08-04,26.1,.8,77.6
217,2017-08-05,27.7,.9,75.8
217,2017-08-06,27.7,.9,73.9
217,2017-08-07,26.9,.8,76.4
217,2017-08-08,25.3,1,78.4
217,2017-08-09,23.3,.5,91.9
217,2017-08-10,23.7,.7,92.5
217,2017-08-11,23,.9,82
217,2017-08-12,22.7,1.1,75.6
217,2017-08-13,22,1.2,73.3
217,2017-08-14,22.1,1.3,77
217,2017-08-15,21.3,.6,94.1
217,2017-08-16,22.1,1.5,83
217,2017-08-17,21.8,.6,93.6
217,2017-08-18,23.5,.7,82.5
217,2017-08-19,23.3,.7,81.9
217,2017-08-20,22,.2,99
217,2017-08-21,23,1.2,99.6
217,2017-08-22,25,1.2,81.8
217,2017-08-23,24.4,1.6,97.6
217,2017-08-24,24.9,5.5,92.6
217,2017-08-25,22.7,1.3,77.8
217,2017-08-26,19.6,1.1,70.8
217,2017-08-27,18.7,.6,81.9
217,2017-08-28,20.8,1,84.1
217,2017-08-29,20.3,.9,81.5
217,2017-08-30,17,.9,85
217,2017-08-31,17.5,1.1,80.9
217,2017-09-01,18.1,1.2,73.9
217,2017-09-02,18.1,1.2,71.1
217,2017-09-03,18,.8,73.8
217,2017-09-04,19,.8,77.5
217,2017-09-05,17.3,.6,83.3
217,2017-09-06,18.3,.5,93.3
217,2017-09-07,19.5,.7,85.5
217,2017-09-08,20.5,.8,82.9
217,2017-09-09,20.5,.9,82.9
217,2017-09-10,20.7,.8,87.6
217,2017-09-11,18.6,.9,91.4
217,2017-09-12,19.4,1,82.3
217,2017-09-13,17.5,.9,76.8
217,2017-09-14,18.2,1.2,73.4
217,2017-09-15,18.4,1.7,62.6
217,2017-09-16,18.6,2.2,63.5
217,2017-09-17,19.3,2.5,67.9
217,2017-09-18,18.3,1.4,76
217,2017-09-19,18.7,1.8,84.8
217,2017-09-20,16.7,1.2,70.9
217,2017-09-21,15.4,.9,79.6
217,2017-09-22,15.9,1,81.8
217,2017-09-23,17.3,.9,84.1
217,2017-09-24,18.4,.9,83.4
217,2017-09-25,19.2,.8,76.8
217,2017-09-26,20.4,.7,73.8
217,2017-09-27,18.2,.7,96.8
217,2017-09-28,18,1.8,56.9
217,2017-09-29,12.4,1.2,57.9
217,2017-09-30,14.8,1.2,77.4
217,2017-10-01,13.4,.8,92.6
217,2017-10-02,16.7,1.1,87.4
217,2017-10-03,15.1,1.2,76.8
217,2017-10-04,15,1.1,68
217,2017-10-05,14.4,.7,75.5
217,2017-10-06,14.3,.6,98.4
217,2017-10-07,17.9,.7,84.3
217,2017-10-08,18.3,.7,84.1
217,2017-10-09,18.6,.9,84.3
217,2017-10-10,18.3,.9,78
217,2017-10-11,16.3,1.1,86.6
217,2017-10-12,12.5,.6,91.4
217,2017-10-13,11.5,.9,74
217,2017-10-14,11.6,1,60.5
217,2017-10-15,11.9,1.1,64.6
217,2017-10-16,13.6,.6,72.3
217,2017-10-17,13.6,1.1,72.3
217,2017-10-18,13.1,.8,72.3
217,2017-10-19,12.9,.9,79.6
217,2017-10-20,13.4,.9,75.9
217,2017-10-21,12.9,1.4,70
217,2017-10-22,12,2.9,66.4
217,2017-10-23,10.3,2.2,53.5
217,2017-10-24,7.9,.9,65.4
217,2017-10-25,8.6,.8,79.1
217,2017-10-26,11.5,.7,64.1
217,2017-10-27,13.3,.9,64.8
217,2017-10-28,13,1,76.9
217,2017-10-29,11.5,1.9,67.3
217,2017-10-30,6.8,2.1,38.5
217,2017-10-31,6.3,1.7,50.1
217,2017-11-01,10.6,1.3,66.5
217,2017-11-02,11.6,.8,74.4
217,2017-11-03,10.4,1.5,76.5
217,2017-11-04,6.7,1.7,61
217,2017-11-05,4.9,1.2,62.8
217,2017-11-06,6.2,1.3,71.3
217,2017-11-07,9.5,.9,72.1
217,2017-11-08,12.5,2.7,52.3
217,2017-11-09,6.5,.8,48.6
217,2017-11-10,7.6,4.7,58.9
217,2017-11-11,4.1,1.7,48
217,2017-11-12,2.3,.9,60.4
217,2017-11-13,5,2.3,62.5
217,2017-11-14,7.3,4.1,46.1
217,2017-11-15,2.9,5.7,33.5
217,2017-11-16,.1,1.7,31.6
217,2017-11-17,.8,1.4,46.8
217,2017-11-18,0,2.2,41.1
217,2017-11-19,-2.2,1.9,26.8
217,2017-11-20,-.2,2.1,47.4
217,2017-11-21,-.9,1.3,55.6
217,2017-11-22,-.3,1,73.4
217,2017-11-23,-1,2.7,41.3
217,2017-11-24,-1.3,2.5,65
217,2017-11-25,.8,2.5,66.5
217,2017-11-26,1.5,.7,88.5
217,2017-11-27,.8,1.3,82.3
217,2017-11-28,2.6,1.7,83.4
217,2017-11-29,5.8,1.4,50
217,2017-11-30,.5,3.1,25.6
217,2017-12-01,-3,1.7,34.3
217,2017-12-02,-2,.9,59.1
217,2017-12-03,.5,1.1,78.9
217,2017-12-04,-.4,4.2,51.9
217,2017-12-05,-5.5,3.6,28.9
217,2017-12-06,-2.1,2.1,57.3
217,2017-12-07,.7,1.5,64.3
217,2017-12-08,-4.5,1.8,42.9
217,2017-12-09,-3.4,1.1,49.5
217,2017-12-10,-.6,3.5,65.6
217,2017-12-11,-6.9,7.2,25.4
217,2017-12-12,-9.8,2.8,34.6
217,2017-12-13,-8.7,1.6,38.8
217,2017-12-14,-8.4,.5,57.1
217,2017-12-15,-3.8,1.4,54.6
217,2017-12-16,-4.7,4,34.4
217,2017-12-17,-8,3.1,35.3
217,2017-12-18,-4.2,2.8,70.8
217,2017-12-19,-5,2.5,43.3
217,2017-12-20,-6.1,1.4,60.3
217,2017-12-21,-1.9,1.7,59.1
217,2017-12-22,-1.3,1.1,66.4
217,2017-12-23,2.5,1.2,72.8
217,2017-12-24,.4,1.4,
217,2017-12-25,-2.6,2.6,
217,2017-12-26,-3.3,4.4,
217,2017-12-27,-7.6,1.9,31.6
217,2017-12-28,-5.8,.7,55
217,2017-12-29,-.5,1.5,68.1
217,2017-12-30,-.7,1,77.5
217,2017-12-31,-.2,2.8,43.8
217,2018-01-01,-4.3,1.9,42.4
217,2018-01-02,-3,2.9,44.6
217,2018-01-03,-6,.9,48.1
217,2018-01-04,-5.7,.6,56.5
217,2018-01-05,-3.4,1.2,55.6
217,2018-01-06,-5.4,1.2,58.8
217,2018-01-07,-3.8,1.1,53.1
217,2018-01-08,-.1,1.8,65.6
217,2018-01-09,-4.1,5.9,44.8
217,2018-01-10,-7.2,4.7,38.6
217,2018-01-11,-10.6,2.4,42.5
217,2018-01-12,-11.8,1.7,44.8
217,2018-01-13,-8.7,1,61.3
217,2018-01-14,-1.9,2.6,55.6
217,2018-01-15,3.5,3.7,53.6
217,2018-01-16,.6,1,78
217,2018-01-17,3,.9,
217,2018-01-18,2.1,1.3,58.9
217,2018-01-19,-1,.6,57
217,2018-01-20,-1.7,.4,64.8
217,2018-01-21,-2.2,.3,69.6
217,2018-01-22,-.6,1.7,68.5
217,2018-01-23,-10.1,6.3,35.4
217,2018-01-24,-14.3,2.9,27.5
217,2018-01-25,-14,2.8,36.9
217,2018-01-26,-14.6,1.9,37.4
217,2018-01-27,-11.1,.9,47.4
217,2018-01-28,-5.7,4,30.4
217,2018-01-29,-9,4,25.5
217,2018-01-30,-6.7,2.7,46.8
217,2018-01-31,-3.2,2,50.3
217,2018-02-01,-6,.5,47.8
217,2018-02-02,-6,.8,53.9
217,2018-02-03,-8.4,3.5,53.9
217,2018-02-04,-10.3,3.5,33.6
217,2018-02-05,-10.6,3.3,30.6
217,2018-02-06,-11.4,2.4,34.3
217,2018-02-07,-11.4,1.3,44.8
217,2018-02-08,-8,1,42.4
217,2018-02-09,-3.7,2,51.9
217,2018-02-10,-.7,3.9,39.8
217,2018-02-11,-7.4,4.9,35.1
217,2018-02-12,-6.9,4.9,32.3
217,2018-02-13,-2.9,3.1,42.6
217,2018-02-14,3.2,6.1,46.3
217,2018-02-15,-.1,1.4,32.9
217,2018-02-16,-1.8,2.5,35
217,2018-02-17,-2.5,3.1,21
217,2018-02-18,-2.2,1.4,32
217,2018-02-19,-.9,1,41.6
217,2018-02-20,-.9,2.1,38.4
217,2018-02-21,-2.8,1.5,30
217,2018-02-22,-2.3,2.1,46.4
217,2018-02-23,2,3.4,66.1
217,2018-02-24,2.8,2.3,51
217,2018-02-25,1.4,1,49.1
217,2018-02-26,.4,.8,45.9
217,2018-02-27,1.2,1.1,50.8
217,2018-02-28,2.3,1.5,73.1
217,2018-03-01,.5,5.9,55
217,2018-03-02,-1.7,2,41.9
217,2018-03-03,3.8,1.6,44.6
217,2018-03-04,9.8,2.1,59
217,2018-03-05,1,2.7,59
217,2018-03-06,1.5,1.4,53.9
217,2018-03-07,2.8,.8,60.8
217,2018-03-08,1.8,1.2,
217,2018-03-09,2.4,1.3,58.8
217,2018-03-10,3.3,1.3,60
217,2018-03-11,3.4,1.8,58.1
217,2018-03-12,5.9,1.8,53.9
217,2018-03-13,10.2,3.3,55.3
217,2018-03-14,12.9,1.7,59.9
217,2018-03-15,10.3,3.1,83.9
217,2018-03-16,-.1,2.3,63.8
217,2018-03-17,3.2,1.2,54.1
217,2018-03-18,6.5,1.2,54.4
217,2018-03-19,4.8,2.3,72.8
217,2018-03-20,.7,3.3,50.9
217,2018-03-21,.2,4.2,64.9
217,2018-03-22,4,.9,54.3
217,2018-03-23,5,1.3,56.3
217,2018-03-24,7,2.5,51.1
217,2018-03-25,8.8,3,53.3
217,2018-03-26,9.9,2.5,53.5
217,2018-03-27,11.8,2.4,60.9
217,2018-03-28,15.3,3.1,47.9
217,2018-03-29,13.8,1.5,46.6
217,2018-03-30,10.9,1.2,48
217,2018-03-31,13.9,2,48.4
217,2018-04-01,14.7,2.2,55.9
217,2018-04-02,17.4,2.1,58
217,2018-04-03,17.1,1.7,58.6
217,2018-04-04,6.6,1.6,72.4
217,2018-04-05,5.1,.6,90.1
217,2018-04-06,6.1,4.1,62.1
217,2018-04-07,1.5,3.7,62.1
217,2018-04-08,3.2,1.5,61.6
217,2018-04-09,7.3,1.8,60.3
217,2018-04-10,12.1,2.2,51.9
217,2018-04-11,13.5,5.9,39.4
217,2018-04-12,12.2,3.4,28.8
217,2018-04-13,10.3,1.4,42.8
217,2018-04-14,7.4,.7,88.5
217,2018-04-15,9.5,2.4,54.6
217,2018-04-16,10.1,1,55.5
217,2018-04-17,10.7,1.3,55.6
217,2018-04-18,11.9,1.3,48.9
217,2018-04-19,15,2.3,40.8
217,2018-04-20,17.1,1.1,48.5
217,2018-04-21,18.7,2,43.4
217,2018-04-22,13.9,2,47.9
217,2018-04-23,7.9,3,80
217,2018-04-24,8.4,2.2,66.8
217,2018-04-25,10.6,1.2,45
217,2018-04-26,13.1,1.8,45.6
217,2018-04-27,13,1.7,46.9
217,2018-04-28,14.3,1.8,50
217,2018-04-29,15.2,2.4,50.4
217,2018-04-30,16.9,1.7,54
217,2018-05-01,18.4,1.4,59
217,2018-05-02,12.9,1.8,89.9
217,2018-05-03,8.4,3,72.3
217,2018-05-04,12.3,3.8,49.9
217,2018-05-05,17,2.8,36
217,2018-05-06,13.8,.8,93.4
217,2018-05-07,15.4,.9,72.8
217,2018-05-08,11.8,2.3,64.5
217,2018-05-09,10.1,2,63.8
217,2018-05-10,13.8,2.4,60.6
217,2018-05-11,15.9,1.7,54
217,2018-05-12,13.7,2.1,90.9
217,2018-05-13,17.1,2.7,76.1
217,2018-05-14,18.5,1.4,72.5
217,2018-05-15,20.4,1.5,67.1
217,2018-05-16,18.6,1.3,95.1
217,2018-05-17,21.9,1.9,97
217,2018-05-18,12.2,1.9,92.6
217,2018-05-19,13.4,2.1,56.5
217,2018-05-20,12.7,2.1,58.3
217,2018-05-21,15,1.2,63.6
217,2018-05-22,15.8,1.2,79
217,2018-05-23,17.6,1.7,63
217,2018-05-24,17,2.7,60.6
217,2018-05-25,18.5,1.6,56.9
217,2018-05-26,19.3,1.1,60.3
217,2018-05-27,19.3,1.4,65
217,2018-05-28,20.5,1.1,64.8
217,2018-05-29,20.8,1.7,69.5
217,2018-05-30,17.8,1.2,80.8
217,2018-05-31,17.7,1.3,67
217,2018-06-01,19.4,1.2,73
217,2018-06-02,21.1,1.4,67.8
217,2018-06-03,20.2,1.2,60.9
217,2018-06-04,20.7,1.4,58.4
217,2018-06-05,20.6,1.1,75.1
217,2018-06-06,22,1.4,70.5
217,2018-06-07,22.9,1.5,67
217,2018-06-08,21.9,1.7,65.8
217,2018-06-09,18.7,2.2,65.4
217,2018-06-10,17.8,2.3,63.9
217,2018-06-11,16.3,1.9,65.1
217,2018-06-12,17.9,1.1,62.9
217,2018-06-13,18.4,1.5,71.4
217,2018-06-14,19.3,1.4,66
217,2018-06-15,17.1,2.2,59.3
217,2018-06-16,19.6,1.3,54.8
217,2018-06-17,19.8,1.2,66
217,2018-06-18,22.5,1.5,63.3
217,2018-06-19,20.6,1.8,71.4
217,2018-06-20,21.7,2.3,63.1
217,2018-06-21,21.6,2.7,54.8
217,2018-06-22,22.9,1.3,48.3
217,2018-06-23,22.5,2,52.9
217,2018-06-24,24.5,2.3,54.9
217,2018-06-25,24.4,1.2,57.1
217,2018-06-26,21,2.1,90.1
217,2018-06-27,24.6,2.2,71.6
217,2018-06-28,21.6,1.5,88.6
217,2018-06-29,22.4,1.1,80.9
217,2018-06-30,23,.8,81.4
217,2018-07-01,20.1,.8,99.9
217,2018-07-02,20.4,1.1,98.1
217,2018-07-03,23.7,1,82.4
217,2018-07-04,24.3,1.3,81
217,2018-07-05,21.9,1.4,80.5
217,2018-07-06,19.5,2.3,72.3
217,2018-07-07,18,2.4,63.8
217,2018-07-08,18.3,1.7,66.6
217,2018-07-09,17.7,.8,92.9
217,2018-07-10,21.4,.8,91.9
217,2018-07-11,23.6,.7,94
217,2018-07-12,25.3,1,86.1
217,2018-07-13,25.7,1.2,82.5
217,2018-07-14,26.3,1.6,78
217,2018-07-15,26.2,1.6,79
217,2018-07-16,26.1,1.6,80.1
217,2018-07-17,26.1,1.8,76
217,2018-07-18,25.9,1.2,79.3
217,2018-07-19,26.2,1.4,78.4
217,2018-07-20,26.9,1.1,77.6
217,2018-07-21,27.6,1.1,76.5
217,2018-07-22,28.4,1,75.5
217,2018-07-23,28.1,.9,78.5
217,2018-07-24,28.8,1.1,73
217,2018-07-25,28.3,.7,76.9
217,2018-07-26,28.6,1.1,75.8
217,2018-07-27,28.7,1.2,77.6
217,2018-07-28,28.2,1.7,73.1
217,2018-07-29,27.1,3.1,66.5
217,2018-07-30,27.4,2,68.8
217,2018-07-31,27.9,1.1,68.9
217,2018-08-01,29.3,1.3,64
217,2018-08-02,29.2,1.2,62.1
217,2018-08-03,30.2,1,66.6
217,2018-08-04,29.7,1.9,66.1
217,2018-08-05,29,2.4,65
217,2018-08-06,25.1,1,88.3
217,2018-08-07,27.2,.9,79.8
217,2018-08-08,27.8,1.1,77.3
217,2018-08-09,26.2,1,87.8
217,2018-08-10,25.6,1.3,83.3
217,2018-08-11,25.5,1.3,79.1
217,2018-08-12,26.2,1,76.9
217,2018-08-13,28.3,1,77.8
217,2018-08-14,27.7,1.2,75.5
217,2018-08-15,28.1,1.6,68.6
217,2018-08-16,23.4,2.1,74
217,2018-08-17,21.9,2.1,61.8
217,2018-08-18,21.8,1.1,67.4
217,2018-08-19,23.4,1.2,70.4
217,2018-08-20,24,.9,72.5
217,2018-08-21,24.3,2.8,73.3
217,2018-08-22,26.6,1.1,69.8
217,2018-08-23,25.7,1.4,79.4
217,2018-08-24,23.6,2.5,96.8
217,2018-08-25,23,2.8,73.3
217,2018-08-26,19.1,.6,96.4
217,2018-08-27,20.7,.7,98.8
217,2018-08-28,20.7,.8,98.3
217,2018-08-29,23.3,1.8,92.8
217,2018-08-30,24.5,1.5,90.9
217,2018-08-31,22.2,1.4,88.5
217,2018-09-01,21.2,1.6,75.3
217,2018-09-02,21.2,1,77.9
217,2018-09-03,21.6,1.1,97
217,2018-09-04,22,2.2,75.5
217,2018-09-05,21.2,3.3,61.9
217,2018-09-06,19.9,1.6,82.4
217,2018-09-07,18.9,1.8,85.4
217,2018-09-08,18.7,1.3,75
217,2018-09-09,18.3,1.6,72.5
217,2018-09-10,17.2,1.5,76.8
217,2018-09-11,16.3,1.5,75.1
217,2018-09-12,17.7,1.2,82.1
217,2018-09-13,17.8,.8,93.1
217,2018-09-14,18.9,1.1,90.9
217,2018-09-15,19.4,.7,98.8
217,2018-09-16,20.1,.8,94.1
217,2018-09-17,20,1,83.4
217,2018-09-18,18.9,1,80.5
217,2018-09-19,19.5,.9,81.9
217,2018-09-20,17.2,1,98.4
217,2018-09-21,17,.7,100
217,2018-09-22,17.3,1.2,82.3
217,2018-09-23,15.7,1.3,83.9
217,2018-09-24,13.3,1.1,80.6
217,2018-09-25,13.6,1.4,79.3
217,2018-09-26,14.2,1.4,81.5
217,2018-09-27,13.8,1.5,75.9
217,2018-09-28,13.4,1,87.6
217,2018-09-29,16.5,1.3,79.3
217,2018-09-30,16.7,2.1,64
217,2018-10-01,13,2.8,58.6
217,2018-10-02,12,1,81.3
217,2018-10-03,12.2,1,84.4
217,2018-10-04,16,1.5,75.6
217,2018-10-05,15.8,1.9,93.9
217,2018-10-06,17.4,2.9,86.3
217,2018-10-07,15.7,1.7,83.5
217,2018-10-08,11.3,1.1,79.6
217,2018-10-09,11.7,.9,82.6
217,2018-10-10,11.7,3.1,63.8
217,2018-10-11,7.1,2.7,65.3
217,2018-10-12,7.2,1.2,79.3
217,2018-10-13,8.9,1.1,80.9
217,2018-10-14,10.2,1.1,79.9
217,2018-10-15,10.5,1.1,81.3
217,2018-10-16,10.5,.8,84.8
217,2018-10-17,11.1,1,83.5
217,2018-10-18,9.8,1.9,84.6
217,2018-10-19,10.4,1.7,70.9
217,2018-10-20,8.6,1.1,80.5
217,2018-10-21,8.4,1.1,77.6
217,2018-10-22,9.9,1.1,73.1
217,2018-10-23,8.9,1.3,94.6
217,2018-10-24,9.9,1.2,80.6
217,2018-10-25,8.8,.9,77.4
217,2018-10-26,8.7,1.9,93.8
217,2018-10-27,7.8,5.5,47.5
217,2018-10-28,5.8,2.9,80.1
217,2018-10-29,6.4,2.8,64
217,2018-10-30,4.1,1.9,65.9
217,2018-10-31,4.6,1.1,69.9
217,2018-11-01,4.2,1,76.4
217,2018-11-02,5.4,.8,71.5
217,2018-11-03,6.5,.8,74
217,2018-11-04,6.4,.8,75.1
217,2018-11-05,8.5,.8,76.3
217,2018-11-06,9.9,.7,80
217,2018-11-07,10,.3,
217,2018-11-08,11,1.1,
217,2018-11-09,10.5,4.9,70.5
217,2018-11-10,9.7,1.9,71.5
217,2018-11-11,6.3,1,75.3
217,2018-11-12,7.3,1.1,74.4
217,2018-11-13,8.3,.8,75.5
217,2018-11-14,6.3,1.1,80.3
217,2018-11-15,5.6,1.1,
217,2018-11-16,5.9,.7,
217,2018-11-17,6.1,1.2,66
217,2018-11-18,4,1,66
217,2018-11-19,3.3,1,66.9
217,2018-11-20,2.9,.9,58.9
217,2018-11-21,3.2,1.3,74
217,2018-11-22,.9,2.4,58
217,2018-11-23,-1.2,1.4,53.6
217,2018-11-24,-.8,1,79.4
217,2018-11-25,2.3,1.1,80.6
217,2018-11-26,1.2,1,81.5
217,2018-11-27,3.7,1.2,80
217,2018-11-28,2.4,1.3,68.3
217,2018-11-29,1.8,1.4,61.5
217,2018-11-30,1.3,1.4,58.4
217,2018-12-01,1.8,1.1,60.9
217,2018-12-02,2.4,.5,75.3
217,2018-12-03,5.2,.4,89.4
217,2018-12-04,8.3,1.5,80.3
217,2018-12-05,2.9,.9,70.4
217,2018-12-06,2.9,1.6,74.3
217,2018-12-07,-5.8,5.4,29
217,2018-12-08,-7.5,3.6,28.6
217,2018-12-09,-7.8,1.6,47.1
217,2018-12-10,-5.8,.8,60.4
217,2018-12-11,-3.6,.5,83.5
217,2018-12-12,-4.8,.9,75.6
217,2018-12-13,-5.5,2.3,71.9
217,2018-12-14,-7.8,.8,71.8
217,2018-12-15,-6.4,1.1,65.9
217,2018-12-16,-2.1,1.4,70.3
217,2018-12-17,1.4,3.8,50.4
217,2018-12-18,.8,2.2,54.5
217,2018-12-19,3,4.2,58.1
217,2018-12-20,-1.2,.6,70.6
217,2018-12-21,.1,.7,68.6
217,2018-12-22,3.2,.7,71.8
217,2018-12-23,3.2,3.2,52.8
217,2018-12-24,-3,1.8,46.5
217,2018-12-25,-3.1,1,64.6
217,2018-12-26,.7,1.4,45.3
217,2018-12-27,-7.7,2.5,20.9
217,2018-12-28,-10.5,1.9,36.1
217,2018-12-29,-8.7,2.2,31.4
217,2018-12-30,-8.4,.8,47.4
217,2018-12-31,-7.6,.9,51.6
217,2019-01-01,-6.6,2.4,54.6
217,2019-01-02,-6.8,1.2,52.9
217,2019-01-03,-6.9,1.1,54.9
217,2019-01-04,-4.2,1,54
217,2019-01-05,-3.3,1.1,57.6
217,2019-01-06,-5.5,.9,54.6
217,2019-01-07,-4.4,1.4,50
217,2019-01-08,-3.1,2.9,34.6
217,2019-01-09,-7.3,1,41.3
217,2019-01-10,-2.1,1.8,42
217,2019-01-11,-2.6,.8,61.1
217,2019-01-12,-1.2,.6,79.4
217,2019-01-13,-.8,.9,72.3
217,2019-01-14,-2.9,.8,69.1
217,2019-01-15,-.9,3.5,52
217,2019-01-16,-6.3,1.7,45.8
217,2019-01-17,-1.5,3.1,46.1
217,2019-01-18,-3.2,1.5,47.8
217,2019-01-19,-1.3,.9,55.1
217,2019-01-20,-.9,3.9,38.9
217,2019-01-21,-2.7,2.2,50
217,2019-01-22,-.4,2.3,57.6
217,2019-01-23,1,2.6,47.4
217,2019-01-24,-2.8,.9,46.9
217,2019-01-25,-4.4,1.8,47.5
217,2019-01-26,-5.7,1,45.9
217,2019-01-27,-3.6,1.9,46.6
217,2019-01-28,.1,4.3,47.3
217,2019-01-29,-3.6,1.2,48.8
217,2019-01-30,.8,1.6,43
217,2019-01-31,-.1,1.5,50.5
217,2019-02-01,-3.2,3.2,37.3
217,2019-02-02,-.7,1.9,59.1
217,2019-02-03,1.6,1.2,85.8
217,2019-02-04,.4,3.1,39
217,2019-02-05,-.9,1.9,54.4
217,2019-02-06,3,1.7,60.1
217,2019-02-07,1.8,4.2,48.4
217,2019-02-08,-3.7,1.7,34.9
217,2019-02-09,-3.3,2.1,31.3
217,2019-02-10,-3.8,1.4,43.9
217,2019-02-11,-3.1,2,34.8
217,2019-02-12,-3.1,1.8,49.1
217,2019-02-13,-2.9,2.2,44.4
217,2019-02-14,-1.9,1,58
217,2019-02-15,.2,2.3,62.3
217,2019-02-16,-2,3.4,49.9
217,2019-02-17,-2.3,2,50.1
217,2019-02-18,.6,1.6,42
217,2019-02-19,1,1,80.8
217,2019-02-20,.5,2.8,67.1
217,2019-02-21,-.2,1.2,72.1
217,2019-02-22,1.4,.7,68.9
217,2019-02-23,1.7,1.2,69.4
217,2019-02-24,2.9,1.8,60.3
217,2019-02-25,3.9,1.4,55.6
217,2019-02-26,3,1.1,59.9
217,2019-02-27,5.4,1.3,63
217,2019-02-28,4.7,.9,60.1
217,2019-03-01,3.2,1,57.6
217,2019-03-02,4.3,1.2,53.9
217,2019-03-03,6.1,1,54.9
217,2019-03-04,6.4,1.2,57.3
217,2019-03-05,5.7,1.5,60.4
217,2019-03-06,6.5,1.5,58.8
217,2019-03-07,4.4,1.5,67.5
217,2019-03-08,4,1.3,57.8
217,2019-03-09,4.8,1.6,42.8
217,2019-03-10,6.2,1.4,52.1
217,2019-03-11,5.1,1.5,65.5
217,2019-03-12,3.5,2.6,65.4
217,2019-03-13,1.1,4.2,37.3
217,2019-03-14,2,2.3,46.9
217,2019-03-15,3,1.6,67.5
217,2019-03-16,1.2,.7,82.5
217,2019-03-17,2.1,1.7,69.5
217,2019-03-18,4.6,1.7,59.6
217,2019-03-19,7.4,1.3,58
217,2019-03-20,8.4,1.2,73
217,2019-03-21,8.8,4.7,69.1
217,2019-03-22,2.8,2.2,56.9
217,2019-03-23,.7,1.8,65
217,2019-03-24,2.5,3.1,52.5
217,2019-03-25,5.4,1.6,57.8
217,2019-03-26,8.2,3,46.5
217,2019-03-27,11.8,5.4,51.8
217,2019-03-28,7.5,1.9,65.9
217,2019-03-29,7.7,1.6,56.6
217,2019-03-30,4.4,3.3,72.9
217,2019-03-31,1.2,1.8,79.1
217,2019-04-01,1.9,3.1,53.4
217,2019-04-02,3.7,2.2,51.3
217,2019-04-03,5.6,3.2,42.5
217,2019-04-04,8.9,4,29.1
217,2019-04-05,9.7,4.2,40.1
217,2019-04-06,7.7,1.4,49.4
217,2019-04-07,10.9,1.5,55.4
217,2019-04-08,8.4,2.8,43.8
217,2019-04-09,5.3,1.5,56.8
217,2019-04-10,5.2,2,72.5
217,2019-04-11,6.6,1.3,67.3
217,2019-04-12,7.8,1.1,59.5
217,2019-04-13,9,2,47.4
217,2019-04-14,6.6,2.4,64.8
217,2019-04-15,9.5,2.8,46.5
217,2019-04-16,11.9,1.8,35.6
217,2019-04-17,13.6,1.6,35
217,2019-04-18,13,2.7,58
217,2019-04-19,8.6,1.8,63.6
217,2019-04-20,12.8,2.4,55.3
217,2019-04-21,16.7,1.6,60.8
217,2019-04-22,16.7,1.3,60.9
217,2019-04-23,17.8,1.3,57.6
217,2019-04-24,17.6,1,72.6
217,2019-04-25,10.2,2.3,67.6
217,2019-04-26,7.3,2.1,74.8
217,2019-04-27,9.8,1.3,57.9
217,2019-04-28,9.9,1.3,62.9
217,2019-04-29,10.2,.8,73
217,2019-04-30,14.6,1.4,66.3
217,2019-05-01,15.2,1.9,58.9
217,2019-05-02,15.5,2.4,47.9
217,2019-05-03,16.4,1.9,40.4
217,2019-05-04,16.8,1.7,51
217,2019-05-05,16.9,2.6,45.3
217,2019-05-06,11,1.7,45.4
217,2019-05-07,12,3.1,40.9
217,2019-05-08,15.1,2.3,36.9
217,2019-05-09,16.3,2.5,39
217,2019-05-10,16.7,1.2,41.4
217,2019-05-11,17.1,1.3,48.9
217,2019-05-12,15.9,1.5,60.9
217,2019-05-13,17.2,1.6,53.8
217,2019-05-14,17.8,1.4,56.8
217,2019-05-15,17.7,1.6,55.8
217,2019-05-16,19.3,1.2,53.3
217,2019-05-17,19.8,.8,52
217,2019-05-18,18.4,.9,62.1
217,2019-05-19,19.3,1.6,73.3
217,2019-05-20,16.2,4,58.6
217,2019-05-21,15.2,4.2,46.1
217,2019-05-22,17.3,3.2,40.5
217,2019-05-23,18.1,2.1,44.6
217,2019-05-24,20.8,1.3,50.5
217,2019-05-25,21.3,1.8,49.8
217,2019-05-26,21.7,1.9,43.8
217,2019-05-27,17.3,4,74.5
217,2019-05-28,16.9,2.1,46.9
217,2019-05-29,17.3,2.8,46.5
217,2019-05-30,18.5,1.9,47.3
217,2019-05-31,18,3.1,48
217,2019-06-01,17.7,1.5,54
217,2019-06-02,19.2,1.5,48.8
217,2019-06-03,20.3,1.3,49.6
217,2019-06-04,22.4,1.8,49.9
217,2019-06-05,22.4,1.7,49.6
217,2019-06-06,19.6,.9,70.4
217,2019-06-07,17.5,2.3,76
217,2019-06-08,19.5,1,60.5
217,2019-06-09,18.9,2.1,59.4
217,2019-06-10,15.9,1.7,66.9
217,2019-06-11,15.3,1.2,71.1
217,2019-06-12,18.6,1.2,58.8
217,2019-06-13,20.4,1.5,56.3
217,2019-06-14,18.7,1.2,69.9
217,2019-06-15,18.7,1.4,71.4
217,2019-06-16,18.2,.8,73.6
217,2019-06-17,20.2,1.6,64.5
217,2019-06-18,18.9,1.1,76
217,2019-06-19,19.5,1,79
217,2019-06-20,21.6,1.2,69.5
217,2019-06-21,20,1.6,71.3
217,2019-06-22,19.2,1.7,61
217,2019-06-23,18.7,1.4,64
217,2019-06-24,21,1.1,65.4
217,2019-06-25,22.7,1,62.9
217,2019-06-26,19.8,1.1,76.1
217,2019-06-27,22.6,.8,73.5
217,2019-06-28,24.2,1.3,63.8
217,2019-06-29,21.9,.9,77.8
217,2019-06-30,22.5,1.4,72.3
217,2019-07-01,21.9,1.5,67.4
217,2019-07-02,21.4,1.6,64.4
217,2019-07-03,20.9,1,73
217,2019-07-04,22.4,1,71.6
217,2019-07-05,22.8,1.1,70.9
217,2019-07-06,23.2,2,62.1
217,2019-07-07,21.8,2.1,58.9
217,2019-07-08,20,1.5,68.5
217,2019-07-09,20.5,1.7,64.3
217,2019-07-10,19.3,2,73.9
217,2019-07-11,21.8,2.1,72.4
217,2019-07-12,20.6,1.3,76.9
217,2019-07-13,22.2,1,71
217,2019-07-14,22.3,1.3,73.4
217,2019-07-15,21.6,.8,79.4
217,2019-07-16,21.8,.8,79.3
217,2019-07-17,23.8,1.3,72.3
217,2019-07-18,24.3,.9,70.9
217,2019-07-19,24.6,.9,73.8
217,2019-07-20,23.1,.6,87.6
217,2019-07-21,23.3,2.6,85.6
217,2019-07-22,25.3,1.6,73.5
217,2019-07-23,25.9,1.1,74.8
217,2019-07-24,24.6,1,83.8
217,2019-07-25,24.3,.8,88.6
217,2019-07-26,24.4,1.5,87.4
217,2019-07-27,25.9,1,81
217,2019-07-28,24.5,2.2,86.3
217,2019-07-29,25.6,2.9,76.1
217,2019-07-30,26,3.4,74.4
217,2019-07-31,26.5,3.7,74.3
217,2019-08-01,27.1,2.7,71.1
217,2019-08-02,27.9,1.1,69.9
217,2019-08-03,25.5,1.1,74.9
217,2019-08-04,26.7,1,72.9
217,2019-08-05,28,1.1,67.6
217,2019-08-06,25.8,2,66.1
217,2019-08-07,23.8,1.7,85.6
217,2019-08-08,26.1,1.3,77.8
217,2019-08-09,26.2,1,78
217,2019-08-10,27.2,1.4,68.9
217,2019-08-11,26.3,1.4,67.5
217,2019-08-12,26.3,1,77.5
217,2019-08-13,26.6,.9,75.6
217,2019-08-14,26,1.8,71.5
217,2019-08-15,24.7,1.9,82.4
217,2019-08-16,24.2,1.4,77
217,2019-08-17,24.2,2.8,70.1
217,2019-08-18,22.1,1.5,74.3
217,2019-08-19,23.2,1.3,71
217,2019-08-20,23.5,1.2,69.3
217,2019-08-21,24.2,1.1,73
217,2019-08-22,24.3,.8,77.9
217,2019-08-23,22.7,1.1,70.3
217,2019-08-24,19.3,.9,80.8
217,2019-08-25,21.2,1,72.1
217,2019-08-26,22.5,1,70.8
217,2019-08-27,21,.7,81.5
217,2019-08-28,22.7,1.1,77.6
217,2019-08-29,20.6,1.1,80.1
217,2019-08-30,21,2.2,66.4
217,2019-08-31,20.9,1.5,69.4
217,2019-09-01,20.9,1.1,72.6
217,2019-09-02,21.5,.6,72.1
217,2019-09-03,19.4,.6,88
217,2019-09-04,21.6,.8,85.6
217,2019-09-05,23.7,.9,78.8
217,2019-09-06,24.2,.8,79.4
217,2019-09-07,24.7,2.8,74
217,2019-09-08,23.2,2.6,77.3
217,2019-09-09,22.3,.7,85
217,2019-09-10,24.2,1,75.3
217,2019-09-11,20.9,1.4,77.5
217,2019-09-12,18.5,1.4,68.5
217,2019-09-13,18.8,1.1,73.6
217,2019-09-14,20,1.2,78.6
217,2019-09-15,19.7,1.3,77
217,2019-09-16,18.9,1.1,68.9
217,2019-09-17,18.5,1.1,69.6
217,2019-09-18,19.3,1.2,68.5
217,2019-09-19,17.4,.9,71.1
217,2019-09-20,17,1.2,67.6
217,2019-09-21,14.9,.6,87.4
217,2019-09-22,15.8,3.3,77.6
217,2019-09-23,15,2.2,73.3
217,2019-09-24,15.2,1.2,80.1
217,2019-09-25,16.9,1.1,77.6
217,2019-09-26,18,.6,76.5
217,2019-09-27,17.9,1,73.5
217,2019-09-28,19.9,.9,79
217,2019-09-29,19.1,1,81.5
217,2019-09-30,18.9,1,77.5
217,2019-10-01,19.3,.7,80.3
217,2019-10-02,19.3,.9,87.6
217,2019-10-03,19,1.6,85.6
217,2019-10-04,18.6,.8,81.1
217,2019-10-05,16.5,1.9,73.6
217,2019-10-06,13.6,1.3,67
217,2019-10-07,13,1.1,85
217,2019-10-08,13.3,1.8,67.5
217,2019-10-09,10.2,1,71.1
217,2019-10-10,11.2,.9,79.4
217,2019-10-11,16,1.8,64.1
217,2019-10-12,16.1,3.6,57.6
217,2019-10-13,13.9,1.9,65.5
217,2019-10-14,13,1.1,73
217,2019-10-15,11.1,1.5,71
217,2019-10-16,11,1.2,76.3
217,2019-10-17,11.8,1.1,72.5
217,2019-10-18,12.5,1.1,74.6
217,2019-10-19,14.3,.9,73.5
217,2019-10-20,12.1,1,76.5
217,2019-10-21,12.1,1.2,70.9
217,2019-10-22,13,1.3,71.1
217,2019-10-23,13.5,1.4,71.8
217,2019-10-24,15.8,2.2,61.3
217,2019-10-25,16.4,1.7,63
217,2019-10-26,10.8,1.9,62.4
217,2019-10-27,7.3,1.2,70.8
217,2019-10-28,8.7,2.3,64.8
217,2019-10-29,11.6,3.7,59.8
217,2019-10-30,7.8,1.4,66.5
217,2019-10-31,10.1,1.5,72.4
217,2019-11-01,12.5,1,70.4
217,2019-11-02,11,1,75.9
217,2019-11-03,10.2,1.1,80.3
217,2019-11-04,9.7,.8,71.4
217,2019-11-05,8.3,1.1,75.1
217,2019-11-06,7.9,1.3,73.6
217,2019-11-07,8.1,1.3,65.9
217,2019-11-08,5.5,1.1,66.5
217,2019-11-09,5.7,.8,70
217,2019-11-10,7.2,1.2,70.3
217,2019-11-11,9,2.6,72.3
217,2019-11-12,6.1,1.1,76.6
217,2019-11-13,5.3,3.3,75.8
217,2019-11-14,.2,3.5,33.9
217,2019-11-15,1.8,.7,78.4
217,2019-11-16,7.1,.7,81.5
217,2019-11-17,5.5,1,86.8
217,2019-11-18,6.2,5.9,53.1
217,2019-11-19,.7,3.9,41.3
217,2019-11-20,-.7,1.2,55
217,2019-11-21,.9,.7,60
217,2019-11-22,4,.7,64
217,2019-11-23,4.8,.7,78.3
217,2019-11-24,10.3,1.1,69.3
