ÁöÁ¡,ÀÏ½Ã,Æò±Õ±â¿Â(¡ÆC),Æò±Õ Ç³¼Ó(m/s),Æò±Õ »ó´ë½Àµµ(%)
268,2015-01-01,-.8,5.5,79.5
268,2015-01-02,2.2,4.6,63.9
268,2015-01-03,1.4,1.3,79.3
268,2015-01-04,3.9,1,89.5
268,2015-01-05,7.6,1.9,87
268,2015-01-06,3.9,6.7,68.9
268,2015-01-07,1.2,5.7,64.1
268,2015-01-08,3.3,4.6,64.9
268,2015-01-09,4.9,3.3,63.5
268,2015-01-10,3.6,2.1,73.3
268,2015-01-11,3.1,3.7,72.9
268,2015-01-12,.1,3.5,66
268,2015-01-13,3,.8,72.5
268,2015-01-14,5.6,1.4,75.4
268,2015-01-15,4.9,2.9,77.5
268,2015-01-16,3.9,2.1,85.9
268,2015-01-17,1.6,5.2,67.5
268,2015-01-18,2.8,2.3,74.9
268,2015-01-19,5.7,4.2,55
268,2015-01-20,2.7,2.2,69.5
268,2015-01-21,5.9,1.2,91.8
268,2015-01-22,4.5,4.3,78.9
268,2015-01-23,2.5,1.5,76.9
268,2015-01-24,2.5,1,82.5
268,2015-01-25,8.9,2.1,86.5
268,2015-01-26,6.9,3.4,94
268,2015-01-27,1.8,5.7,71.9
268,2015-01-28,-.1,4,66.5
268,2015-01-29,1,2.1,85.8
268,2015-01-30,1.7,5.3,73.3
268,2015-01-31,.2,5.3,65.5
268,2015-02-01,.3,3.3,71.9
268,2015-02-02,2.5,3.1,66
268,2015-02-03,2.1,2.7,74.4
268,2015-02-04,3.4,2.5,72.1
268,2015-02-05,2.8,4.1,70.5
268,2015-02-06,2.4,2.6,70.4
268,2015-02-07,2.9,1.5,79.6
268,2015-02-08,-2,6.5,66.5
268,2015-02-09,-.5,4.1,59.3
268,2015-02-10,5.1,3.1,64.1
268,2015-02-11,4.1,1.7,77.8
268,2015-02-12,3.1,4.9,61.6
268,2015-02-13,.8,2.9,64
268,2015-02-14,3.2,1.2,80.6
268,2015-02-15,9.1,2.4,91
268,2015-02-16,8.6,3.3,92.1
268,2015-02-17,5.5,4.6,72.8
268,2015-02-18,3.8,4.7,72.8
268,2015-02-19,2.7,3.4,70.4
268,2015-02-20,5.3,1.9,78.5
268,2015-02-21,10.2,3.2,91.6
268,2015-02-22,5.7,3.7,84.9
268,2015-02-23,3.8,3.2,73.8
268,2015-02-24,4.3,3.1,62.1
268,2015-02-25,6.5,1.5,58.5
268,2015-02-26,4.7,4.2,73.5
268,2015-02-27,.9,5,60.5
268,2015-02-28,3.8,2.4,71.1
268,2015-03-01,4.4,4.1,75.3
268,2015-03-02,3.7,1.5,63.3
268,2015-03-03,5,2.3,77.6
268,2015-03-04,1.6,6.3,52.3
268,2015-03-05,1.6,3.8,58.4
268,2015-03-06,4.8,1.8,65.1
268,2015-03-07,4.9,2,65.5
268,2015-03-08,6.4,1.6,66.3
268,2015-03-09,4.2,5,72.8
268,2015-03-10,0,6.3,61.6
268,2015-03-11,5.2,3.6,61.4
268,2015-03-12,5.8,2.2,58.8
268,2015-03-13,9.1,2.5,82.5
268,2015-03-14,5,1.9,55.5
268,2015-03-15,5.7,1.2,55.1
268,2015-03-16,11.2,1.9,42.5
268,2015-03-17,13,1.1,66.4
268,2015-03-18,13.8,2.7,94.8
268,2015-03-19,10.7,1.8,92.1
268,2015-03-20,10.6,1.8,69.5
268,2015-03-21,10.7,1.1,73.1
268,2015-03-22,8.1,2.7,73.1
268,2015-03-23,6.2,4.3,55
268,2015-03-24,5.2,3.3,57.5
268,2015-03-25,4.6,1.4,66.5
268,2015-03-26,5.4,1.3,66.8
268,2015-03-27,7.7,1.3,61.5
268,2015-03-28,9.4,1.2,54.3
268,2015-03-29,9.8,1.2,77.3
268,2015-03-30,11.7,1.6,88.5
268,2015-03-31,14.9,2.5,97.1
268,2015-04-01,14.1,2.5,93.5
268,2015-04-02,15.3,5.2,88.8
268,2015-04-03,9.7,3,95.8
268,2015-04-04,12.7,3.1,84
268,2015-04-05,11.7,1.6,98.3
268,2015-04-06,9.7,3.7,90
268,2015-04-07,7.3,3.9,74.5
268,2015-04-08,7.6,2.2,80.5
268,2015-04-09,9.1,1.3,77.6
268,2015-04-10,9.4,2.3,79.1
268,2015-04-11,10.7,1.7,70.9
268,2015-04-12,12.2,2.6,60
268,2015-04-13,10.6,1.6,90.6
268,2015-04-14,8.6,1.6,85.5
268,2015-04-15,12.2,2.4,79.4
268,2015-04-16,12.6,3.1,79.5
268,2015-04-17,11,1.7,53.6
268,2015-04-18,13.8,3.5,79.3
268,2015-04-19,15.7,2.1,99.5
268,2015-04-20,11.6,2,99.3
268,2015-04-21,11.6,1.6,77.6
268,2015-04-22,11.2,1.6,72.1
268,2015-04-23,12.3,1.5,66.5
268,2015-04-24,13,1.3,73.4
268,2015-04-25,13.7,1.2,57.9
268,2015-04-26,14.5,1.4,51.9
268,2015-04-27,17,2.1,59.1
268,2015-04-28,17.3,3.4,93.1
268,2015-04-29,16.3,2.3,97.4
268,2015-04-30,17,1.8,90.8
268,2015-05-01,17.1,1.2,90.8
268,2015-05-02,17.9,2.6,90.3
268,2015-05-03,17,2.6,99.1
268,2015-05-04,14.2,4.6,72.9
268,2015-05-05,12,2.2,66.9
268,2015-05-06,13,1.1,63.4
268,2015-05-07,13.5,1.4,62.8
268,2015-05-08,15.8,1.3,55.6
268,2015-05-09,16.9,2.8,75.3
268,2015-05-10,16.9,2.1,81.5
268,2015-05-11,16.7,4,89.8
268,2015-05-12,16,4.7,76.8
268,2015-05-13,20.5,5.4,52
268,2015-05-14,19.6,2.8,87.6
268,2015-05-15,18,1.7,94.9
268,2015-05-16,15.7,2.9,72.6
268,2015-05-17,17,1.7,59.4
268,2015-05-18,15.8,1.2,95.1
268,2015-05-19,16.1,1.5,94.5
268,2015-05-20,16,2.8,79.9
268,2015-05-21,17,2.1,69.9
268,2015-05-22,19.4,1.8,53.5
268,2015-05-23,17.6,1.2,65.4
268,2015-05-24,17.7,1.7,68
268,2015-05-25,17.3,2.2,74.8
268,2015-05-26,18.6,2,74
268,2015-05-27,20,1.4,57.1
268,2015-05-28,20.4,1.9,65.4
268,2015-05-29,21.2,1.5,69.9
268,2015-05-30,18.7,2.8,89.6
268,2015-05-31,19.1,2.2,82.3
268,2015-06-01,19.8,1.6,73.9
268,2015-06-02,19,1.3,93.5
268,2015-06-03,20.1,5.3,68.8
268,2015-06-04,20.5,1.8,57.5
268,2015-06-05,16.3,1.5,84.9
268,2015-06-06,18.3,1.9,80
268,2015-06-07,20.3,2.4,80
268,2015-06-08,20.1,1.9,91.4
268,2015-06-09,20.4,2.1,91
268,2015-06-10,21.7,1.9,79.6
268,2015-06-11,21.5,2.1,97
268,2015-06-12,24.2,1.7,73.9
268,2015-06-13,22.5,2.3,86.6
268,2015-06-14,22.5,2.9,89
268,2015-06-15,21.6,1.7,91.6
268,2015-06-16,20.4,1.7,93.8
268,2015-06-17,20.3,1.5,92.9
268,2015-06-18,21.2,1.7,89
268,2015-06-19,21.8,1.3,89.3
268,2015-06-20,19.7,1.5,96.8
268,2015-06-21,19.8,1.2,92.1
268,2015-06-22,20.3,1.5,90.5
268,2015-06-23,22,1.5,86.5
268,2015-06-24,20.6,1.4,96.5
268,2015-06-25,21.9,3.8,93.5
268,2015-06-26,,3.8,
268,2015-06-27,20.3,1.5,96
268,2015-06-28,20.9,1.4,91.5
268,2015-06-29,20.7,1.6,94.8
268,2015-06-30,19.9,1.6,100
268,2015-07-01,20.8,2.1,93.4
268,2015-07-02,21.1,1.3,91.5
268,2015-07-03,21.7,1.8,86
268,2015-07-04,21.2,1.6,90.4
268,2015-07-05,20.6,1.2,91.3
268,2015-07-06,20.2,.9,95
268,2015-07-07,19.4,2,99
268,2015-07-08,23.2,1.8,99.5
268,2015-07-09,24.7,2.6,95.9
268,2015-07-10,25.9,1.9,90.6
268,2015-07-11,25.2,3.3,97
268,2015-07-12,23.5,5.5,100
268,2015-07-13,23.5,4.3,96.3
268,2015-07-14,24,1.1,97.8
268,2015-07-15,24.6,1.4,96.5
268,2015-07-16,23.8,1.4,99.8
268,2015-07-17,23.4,1.5,84.5
268,2015-07-18,22.7,2.9,79.8
268,2015-07-19,24.4,1.6,78.9
268,2015-07-20,25.1,1.3,89.3
268,2015-07-21,24.9,1.3,91.5
268,2015-07-22,25,1.6,93.1
268,2015-07-23,25.4,4,98.3
268,2015-07-24,25.2,4.3,99.3
268,2015-07-25,25.9,3.9,85.5
268,2015-07-26,26.5,1.6,81.6
268,2015-07-27,25.5,1.4,92.1
268,2015-07-28,26.3,1.4,94.3
268,2015-07-29,28,1.9,89.8
268,2015-07-30,27.4,2.2,90.3
268,2015-07-31,27.1,2.4,89
268,2015-08-01,27.3,2.2,89.5
268,2015-08-02,27.1,2.8,91.5
268,2015-08-03,27,2.8,87.9
268,2015-08-04,27.7,3.6,84.1
268,2015-08-05,27.5,2.4,84.4
268,2015-08-06,27.1,1.6,81.3
268,2015-08-07,27.8,1.3,78.1
268,2015-08-08,27,1.6,85.8
268,2015-08-09,26.3,1.6,85.8
268,2015-08-10,25.6,1.6,86.9
268,2015-08-11,23.3,2,92
268,2015-08-12,23.8,2.7,91.9
268,2015-08-13,24.5,1.2,94.8
268,2015-08-14,24.4,1.2,91
268,2015-08-15,24.9,1.3,83
268,2015-08-16,24.4,1.2,90.5
268,2015-08-17,24.4,1.1,86.5
268,2015-08-18,24.6,1.2,85.3
268,2015-08-19,25.2,1.4,82.9
268,2015-08-20,24.2,1.1,99.6
268,2015-08-21,24,2.9,93.3
268,2015-08-22,23.6,.8,97.4
268,2015-08-23,24,1,96.5
268,2015-08-24,24,1.9,89.5
268,2015-08-25,22.5,3.8,96.1
268,2015-08-26,22.2,2,88.8
268,2015-08-27,22.7,1.3,90.4
268,2015-08-28,23.1,1.2,93.3
268,2015-08-29,22,1.2,88.3
268,2015-08-30,22,1,91.8
268,2015-08-31,23.2,1.3,87
268,2015-09-01,23.9,1.5,89.6
268,2015-09-02,23.7,1.6,90.5
268,2015-09-03,22.9,1.5,92.5
268,2015-09-04,22.7,1.5,88.1
268,2015-09-05,21.5,2,92.6
268,2015-09-06,22.4,2.3,84
268,2015-09-07,21.5,1.2,81
268,2015-09-08,20,1.4,78.5
268,2015-09-09,19.2,1.2,82.1
268,2015-09-10,20.2,1.4,81.3
268,2015-09-11,20.8,1.2,87.9
268,2015-09-12,20,1.5,93.1
268,2015-09-13,18.8,2,77.1
268,2015-09-14,20.2,2,68.6
268,2015-09-15,19.6,1.7,76.9
268,2015-09-16,19.3,1.4,79.3
268,2015-09-17,19.6,1.9,82.1
268,2015-09-18,19.8,1.3,84.9
268,2015-09-19,19.3,1.2,87.9
268,2015-09-20,19.9,1.1,88.1
268,2015-09-21,20.4,1.2,86.6
268,2015-09-22,21.3,1.9,81.1
268,2015-09-23,20.4,2.3,95.3
268,2015-09-24,21.2,1.7,90.3
268,2015-09-25,21.3,.8,86.3
268,2015-09-26,20.6,2.1,82.9
268,2015-09-27,20.6,1.7,74.3
268,2015-09-28,20.4,1.1,73.4
268,2015-09-29,21.8,1.7,65.8
268,2015-09-30,19.7,2.7,81.1
268,2015-10-01,21.1,5.1,82.9
268,2015-10-02,17,2.8,61.5
268,2015-10-03,17.3,1.3,84.8
268,2015-10-04,18.6,1.6,66
268,2015-10-05,18.3,1.1,75.6
268,2015-10-06,16.9,1.2,76.9
268,2015-10-07,17.2,1,78.6
268,2015-10-08,17.6,1.2,83
268,2015-10-09,16.5,2.4,65.1
268,2015-10-10,16.3,2,71.4
268,2015-10-11,16.4,3.4,52.1
268,2015-10-12,15.1,2.9,68.5
268,2015-10-13,15.7,1.7,69.8
268,2015-10-14,15,1.1,86
268,2015-10-15,15.7,1.1,85.9
268,2015-10-16,15.5,1.5,87.1
268,2015-10-17,16.4,1.2,83.4
268,2015-10-18,16.2,1.5,81.1
268,2015-10-19,16.4,1.2,81.4
268,2015-10-20,17.1,1.2,79.1
268,2015-10-21,17,1,81.6
268,2015-10-22,18.2,1.3,82.8
268,2015-10-23,16.6,1.2,83.5
268,2015-10-24,16,1.9,84.3
268,2015-10-25,17,2.5,67.5
268,2015-10-26,16.5,2.6,68.5
268,2015-10-27,16.4,4.2,69.8
268,2015-10-28,13.7,2,61
268,2015-10-29,13,1.3,73.3
268,2015-10-30,12.3,3.8,57.1
268,2015-10-31,10.5,3.9,53.9
268,2015-11-01,9.2,1.5,66.1
268,2015-11-02,10.4,1.4,79.3
268,2015-11-03,10,1.3,81.8
268,2015-11-04,12,1,81.1
268,2015-11-05,16.2,.9,78
268,2015-11-06,16.8,2.4,75.5
268,2015-11-07,17.6,3.5,86.9
268,2015-11-08,17.3,2.1,89.6
268,2015-11-09,14.2,3.4,77.3
268,2015-11-10,12.2,3.2,62.3
268,2015-11-11,12.7,2.2,76.4
268,2015-11-12,14.6,1.9,70.8
268,2015-11-13,14.5,2.3,86.3
268,2015-11-14,15.4,1.8,87.4
268,2015-11-15,12.9,1.5,85.6
268,2015-11-16,15,2.2,85.8
268,2015-11-17,15.6,1.9,89.1
268,2015-11-18,14.8,1.6,91.5
268,2015-11-19,12.6,1.9,90.1
268,2015-11-20,12.6,1.4,87.3
268,2015-11-21,12.1,1.9,76.5
268,2015-11-22,12.1,1.6,81.9
268,2015-11-23,13.6,2.5,83.9
268,2015-11-24,10.7,4,67.5
268,2015-11-25,8.3,3.2,76.9
268,2015-11-26,3.3,4.9,71.6
268,2015-11-27,5.7,3.2,62
268,2015-11-28,5.7,1,76.4
268,2015-11-29,8.3,1.1,75.8
268,2015-11-30,7.7,1.5,80.1
268,2015-12-01,7,1.5,71.1
268,2015-12-02,10.8,2.9,77.3
268,2015-12-03,6.7,5.3,50.3
268,2015-12-04,6.8,3.9,55.6
268,2015-12-05,8.2,2.5,58.5
268,2015-12-06,6.3,2.6,70.3
268,2015-12-07,5.2,2.8,69.5
268,2015-12-08,5.6,2.8,68.6
268,2015-12-09,9.7,1.7,72.8
268,2015-12-10,12.6,3.6,87.8
268,2015-12-11,9.9,3.6,74.1
268,2015-12-12,9.4,1.3,66
268,2015-12-13,10.6,.9,70.5
268,2015-12-14,11.5,1.8,87.3
268,2015-12-15,8.9,4,70.3
268,2015-12-16,4.4,4.6,67.1
268,2015-12-17,2.3,4.6,78.4
268,2015-12-18,3.3,2.1,76.8
268,2015-12-19,3.1,1.1,85.5
268,2015-12-20,5.9,1.2,89.6
268,2015-12-21,6.8,1.7,92
268,2015-12-22,7.3,1.2,86
268,2015-12-23,8.5,1.9,95.9
268,2015-12-24,7.2,4.3,73.3
268,2015-12-25,3.9,3.5,69.8
268,2015-12-26,7.7,1.6,76.1
268,2015-12-27,3.2,5.2,68.1
268,2015-12-28,2.6,3.7,72.8
268,2015-12-29,1.6,1.6,80.8
268,2015-12-30,4,.9,78.1
268,2015-12-31,5.7,3.1,79.3
268,2016-01-01,3.6,1,84
268,2016-01-02,7.5,.8,87.9
268,2016-01-03,6.6,.7,89.1
268,2016-01-04,6.7,3.2,79.9
268,2016-01-05,3.1,2.7,62.5
268,2016-01-06,4.2,3.9,64.8
268,2016-01-07,4.3,3.9,65.8
268,2016-01-08,3.4,3,69.5
268,2016-01-09,3.6,1.8,68
268,2016-01-10,4.7,1.9,68
268,2016-01-11,2.8,4.8,63.5
268,2016-01-12,1.9,4.3,67
268,2016-01-13,2.5,3.6,66.5
268,2016-01-14,2.7,2.5,65.1
268,2016-01-15,2.3,.9,77.9
268,2016-01-16,3.2,1,76.1
268,2016-01-17,4.3,2.2,84.5
268,2016-01-18,.6,5,78.1
268,2016-01-19,-1.6,6.1,76.3
268,2016-01-20,-1,4.5,73.8
268,2016-01-21,-.7,3.8,76.4
268,2016-01-22,-.6,5.3,64.3
268,2016-01-23,-4.4,4.6,91.6
268,2016-01-24,-5.7,5.1,88.5
268,2016-01-25,-.1,3.2,76.1
268,2016-01-26,3.4,2.4,63.9
268,2016-01-27,2.5,.7,78.9
268,2016-01-28,3.6,2.3,97
268,2016-01-29,3.7,2.5,99
268,2016-01-30,3.6,2.9,85.8
268,2016-01-31,1.6,4.5,69.3
268,2016-02-01,-.2,5.1,75.5
268,2016-02-02,.1,4.6,70.1
268,2016-02-03,.2,2.2,67.8
268,2016-02-04,1.2,2,74.6
268,2016-02-05,1.7,2,75.8
268,2016-02-06,1,3.8,72.5
268,2016-02-07,.5,2.3,70.1
268,2016-02-08,3.7,2.8,71.3
268,2016-02-09,3.2,2.2,67
268,2016-02-10,4.9,1.6,69
268,2016-02-11,12.6,4.3,74.4
268,2016-02-12,14.8,2.7,96.5
268,2016-02-13,13.6,3.1,98.3
268,2016-02-14,1.6,6.4,76.3
268,2016-02-15,-.8,5,77.5
268,2016-02-16,3.3,3.6,63.9
268,2016-02-17,2.7,2.5,66.5
268,2016-02-18,3.4,1.9,80
268,2016-02-19,6.3,1.4,74.3
268,2016-02-20,4.6,3.7,64
268,2016-02-21,2.7,2.5,62.4
268,2016-02-22,3.8,1.1,65.8
268,2016-02-23,4.1,4.2,73.6
268,2016-02-24,.6,4.9,62.9
268,2016-02-25,1.9,2.7,60.5
268,2016-02-26,5.2,2.3,75.3
268,2016-02-27,8.8,2.1,74.1
268,2016-02-28,8,3.3,82.8
268,2016-02-29,.8,5.7,60.5
268,2016-03-01,.7,3.2,66.6
268,2016-03-02,3.1,1.5,81.1
268,2016-03-03,10,1.6,81.8
268,2016-03-04,14.9,2.2,87.5
268,2016-03-05,15.3,3.9,93.8
268,2016-03-06,8.1,3,88
268,2016-03-07,10,1.5,89.6
268,2016-03-08,5.7,5.1,76.4
268,2016-03-09,2.4,6.3,66.3
268,2016-03-10,1.8,6.7,59.1
268,2016-03-11,2.4,4.1,57.5
268,2016-03-12,3.7,1.8,51.6
268,2016-03-13,5.7,2.1,67
268,2016-03-14,5.3,4.9,71.4
268,2016-03-15,5.6,2,65.4
268,2016-03-16,8.3,1.4,72.3
268,2016-03-17,10.8,1.7,74.6
268,2016-03-18,11.7,2.1,98.4
268,2016-03-19,8.5,3.7,86.8
268,2016-03-20,6.9,1.6,84.1
268,2016-03-21,7.7,1.1,83.8
268,2016-03-22,7,1.9,86
268,2016-03-23,7.5,4.4,73.4
268,2016-03-24,6.5,4.4,67.4
268,2016-03-25,5.6,2.2,72.9
268,2016-03-26,6,2.3,66.9
268,2016-03-27,5.6,1.3,69.5
268,2016-03-28,7.3,1.4,77.4
268,2016-03-29,12.6,4,73
268,2016-03-30,11.6,1,82.1
268,2016-03-31,11.5,1.3,84.8
268,2016-04-01,11.5,1.7,76
268,2016-04-02,13,1.6,85
268,2016-04-03,12.6,1.7,97.6
268,2016-04-04,11.3,2.3,85.1
268,2016-04-05,10.2,1.7,62.9
268,2016-04-06,11.3,2.4,70.1
268,2016-04-07,12.1,2.6,94.4
268,2016-04-08,11.7,1.9,89.4
268,2016-04-09,13.2,1.1,75.8
268,2016-04-10,13.3,1.8,72.5
268,2016-04-11,12.8,2.9,81.4
268,2016-04-12,14.3,4.1,72.3
268,2016-04-13,15.4,2.1,96
268,2016-04-14,11.9,2.8,96.6
268,2016-04-15,13.8,3,72.9
268,2016-04-16,16.7,5.8,86.1
268,2016-04-17,11.9,4.4,82
268,2016-04-18,12.8,2.2,77.1
268,2016-04-19,12.4,1.6,74.1
268,2016-04-20,14.7,3.1,81.4
268,2016-04-21,13.9,2.6,99.3
268,2016-04-22,14.7,1.6,91.1
268,2016-04-23,14.8,1.9,82.4
268,2016-04-24,14.3,1.6,61.8
268,2016-04-25,15,1.2,66
268,2016-04-26,15.6,1.6,76.3
268,2016-04-27,13.6,2.5,99.1
268,2016-04-28,13.2,1.7,93.1
268,2016-04-29,12.3,1.4,81.6
268,2016-04-30,14.9,2,65.3
268,2016-05-01,17.9,2.3,66.1
268,2016-05-02,17.9,3.1,92.3
268,2016-05-03,15.5,4.5,87.8
268,2016-05-04,15.2,3,73.4
268,2016-05-05,16.6,2.6,81
268,2016-05-06,17.3,2.6,95
268,2016-05-07,15.9,3.8,66.3
268,2016-05-08,17.3,1.8,62.3
268,2016-05-09,15.6,1.3,92.4
268,2016-05-10,13.7,2.7,98.9
268,2016-05-11,15.5,2.1,85.5
268,2016-05-12,16.2,1.9,87.4
268,2016-05-13,14.7,2.2,87.9
268,2016-05-14,16.6,1.6,82
268,2016-05-15,18.5,4.3,91.4
268,2016-05-16,13.8,3,81.4
268,2016-05-17,15.3,1.7,80.1
268,2016-05-18,19,1.1,75.6
268,2016-05-19,18.4,1.8,67.4
268,2016-05-20,19.8,1.8,67.3
268,2016-05-21,20.1,1.7,61.4
268,2016-05-22,19.9,1.6,65.8
268,2016-05-23,20.9,2.6,70.4
268,2016-05-24,17.5,1.7,95.3
268,2016-05-25,17.9,1.2,84.4
268,2016-05-26,19.1,1.1,82.3
268,2016-05-27,20.3,1.5,83
268,2016-05-28,18.7,1.3,87.8
268,2016-05-29,17.9,1.7,90.4
268,2016-05-30,19.7,2.6,82
268,2016-05-31,19.4,1.4,76.1
268,2016-06-01,20.8,1.9,79.6
268,2016-06-02,18.5,1.3,87.6
268,2016-06-03,20,1.5,66.6
268,2016-06-04,18.3,2.3,92.6
268,2016-06-05,19.5,1.2,85.4
268,2016-06-06,19.9,1.2,86.4
268,2016-06-07,20,1.4,92
268,2016-06-08,19.9,1.7,88.9
268,2016-06-09,20.8,1.8,89.3
268,2016-06-10,21.7,2.2,83.5
268,2016-06-11,22.6,2.5,92
268,2016-06-12,22.6,1.1,96.9
268,2016-06-13,20.9,2.3,89
268,2016-06-14,20.3,1.7,87.5
268,2016-06-15,22.3,2.5,89.5
268,2016-06-16,20,1.7,93.6
268,2016-06-17,21.5,1.4,83.1
268,2016-06-18,21.9,2.1,89.6
268,2016-06-19,23.5,1.3,93.6
268,2016-06-20,22.7,1.7,98
268,2016-06-21,23.1,1.8,93.1
268,2016-06-22,22.4,2.1,95.5
268,2016-06-23,23.6,2.1,88.6
268,2016-06-24,22.4,3.4,95.3
268,2016-06-25,22.5,2.8,77.5
268,2016-06-26,22.5,2,84
268,2016-06-27,19.9,1.2,93.3
268,2016-06-28,21.1,1.7,86.9
268,2016-06-29,22.1,2.3,92.8
268,2016-06-30,23.3,2.3,92.3
268,2016-07-01,24.6,4.2,95.1
268,2016-07-02,22.6,2.5,98.5
268,2016-07-03,21.6,1.7,99.8
268,2016-07-04,25.2,3.1,97.9
268,2016-07-05,26.5,4.4,94.6
268,2016-07-06,26.2,2.6,95.8
268,2016-07-07,25.7,1.2,91.1
268,2016-07-08,25.6,1.4,87.8
268,2016-07-09,25.1,1,89.8
268,2016-07-10,24,.9,92.6
268,2016-07-11,24.6,1.3,89.5
268,2016-07-12,22.8,1.3,99.4
268,2016-07-13,24.5,1,94
268,2016-07-14,23.7,1.9,90.9
268,2016-07-15,24.5,3.7,76.8
268,2016-07-16,24.1,4.3,89.5
268,2016-07-17,23.9,1.7,89
268,2016-07-18,23.2,1.3,89.4
268,2016-07-19,25,1.5,83.4
268,2016-07-20,25.8,3.2,77
268,2016-07-21,25.7,2.9,78
268,2016-07-22,25.8,3.2,80.1
268,2016-07-23,26.2,2.9,83.1
268,2016-07-24,27.6,1.9,87
268,2016-07-25,28,1.7,84
268,2016-07-26,27.9,1.8,87.1
268,2016-07-27,28.2,3.1,88.8
268,2016-07-28,29.1,2.9,87.1
268,2016-07-29,29.1,2.5,85.8
268,2016-07-30,28.3,1.3,88
268,2016-07-31,27.9,1.3,83.6
268,2016-08-01,27.2,1.3,84.1
268,2016-08-02,27,1,84.6
268,2016-08-03,26.7,1.3,89.5
268,2016-08-04,27.7,2.1,81.4
268,2016-08-05,27.5,1.8,82.3
268,2016-08-06,27.8,1.5,80.4
268,2016-08-07,27.8,1.5,84.1
268,2016-08-08,27.7,1.6,83.8
268,2016-08-09,28.2,1.5,84.8
268,2016-08-10,28.2,1.1,82.5
268,2016-08-11,28.7,1.5,79.4
268,2016-08-12,28.2,1.4,84.3
268,2016-08-13,28,1.8,86.4
268,2016-08-14,28,1.7,87.5
268,2016-08-15,27.5,1.4,88.1
268,2016-08-16,26.5,1.9,81.9
268,2016-08-17,26.2,1,87.1
268,2016-08-18,27.5,1.8,81.1
268,2016-08-19,28.5,2.1,78.9
268,2016-08-20,27.9,2,80.4
268,2016-08-21,27.7,1.4,83.8
268,2016-08-22,27.7,1.5,86.9
268,2016-08-23,27.5,1.6,82.5
268,2016-08-24,26.9,1.4,74.4
268,2016-08-25,26.5,1.3,74
268,2016-08-26,25.2,1.7,83.8
268,2016-08-27,21.7,1.5,86.3
268,2016-08-28,21.2,3.9,78.6
268,2016-08-29,22.8,4.2,67.8
268,2016-08-30,23.7,4.3,64
268,2016-08-31,24.9,4.8,66.9
268,2016-09-01,26,3.3,73.4
268,2016-09-02,22.8,2.4,83
268,2016-09-03,23.8,1.6,81.4
268,2016-09-04,24.9,1.6,82.9
268,2016-09-05,24.4,1.6,83.9
268,2016-09-06,22.3,1,89.4
268,2016-09-07,23.2,1.4,87.3
268,2016-09-08,23,1.3,76.4
268,2016-09-09,22.9,1.8,82.4
268,2016-09-10,22.1,1.2,81.8
268,2016-09-11,22.7,1,85.3
268,2016-09-12,22.2,1.5,82.4
268,2016-09-13,22.8,1.2,84.3
268,2016-09-14,22.2,1,84.6
268,2016-09-15,23.2,1.1,82.6
268,2016-09-16,22,1.6,90.4
268,2016-09-17,24.8,2.3,92.5
268,2016-09-18,22.1,1.7,93.5
268,2016-09-19,21.9,2.7,77.5
268,2016-09-20,19.5,1.6,74.1
268,2016-09-21,19.5,1.1,73.9
268,2016-09-22,19.8,1.3,75.1
268,2016-09-23,19.6,.8,81.3
268,2016-09-24,20.5,1,82
268,2016-09-25,21.2,1,82.9
268,2016-09-26,23.7,1.3,84.6
268,2016-09-27,25.2,1.7,83.8
268,2016-09-28,21.4,2.4,91
268,2016-09-29,20.9,1.7,89.8
268,2016-09-30,18.9,1.8,95.4
268,2016-10-01,20.8,1,92.9
268,2016-10-02,23.9,2.8,88.6
268,2016-10-03,23.9,2.5,88.1
268,2016-10-04,23.8,2.4,80.1
268,2016-10-05,21.4,4.9,86.3
268,2016-10-06,19.1,3.5,76.5
268,2016-10-07,20.1,1.8,81.6
268,2016-10-08,18.9,3.6,83.9
268,2016-10-09,14.9,5.6,60.8
268,2016-10-10,14.4,2.4,65
268,2016-10-11,15.8,1.3,75.9
268,2016-10-12,17.6,3.5,66.8
268,2016-10-13,15.7,1.5,72.5
268,2016-10-14,16.4,1.1,80.3
268,2016-10-15,17.2,1.2,77.1
268,2016-10-16,19.1,1.8,91.1
268,2016-10-17,19.5,2.6,86.5
268,2016-10-18,17.9,2.4,78.1
268,2016-10-19,17.3,.7,89.1
268,2016-10-20,17.9,1.3,80.8
268,2016-10-21,18.4,2.6,79.9
268,2016-10-22,17.4,1.4,84.4
268,2016-10-23,17.9,1.7,80.3
268,2016-10-24,17.3,2.1,69.8
268,2016-10-25,17.8,3.3,80.8
268,2016-10-26,15.7,2.7,77.3
268,2016-10-27,16.8,1.9,71.8
268,2016-10-28,15.7,4.1,82.1
268,2016-10-29,12.6,5.9,58.8
268,2016-10-30,9.3,3,63.9
268,2016-10-31,10.4,2.2,80
268,2016-11-01,8.4,5.1,59
268,2016-11-02,6.9,2.5,72.4
268,2016-11-03,8.8,1.5,81.6
268,2016-11-04,10.3,1.1,85
268,2016-11-05,13.8,1.6,86.3
268,2016-11-06,13.9,2,80.9
268,2016-11-07,16.2,3.1,70.9
268,2016-11-08,9.9,6.7,69.6
268,2016-11-09,6.5,4.3,55.3
268,2016-11-10,8,1.6,82.6
268,2016-11-11,10.4,1.8,75.4
268,2016-11-12,12.3,1.1,79.1
268,2016-11-13,15.5,1.8,87
268,2016-11-14,16.8,3.6,87.6
268,2016-11-15,11.1,5.5,64.8
268,2016-11-16,8.5,2.3,64.6
268,2016-11-17,11.5,1.5,57.3
268,2016-11-18,13.4,1.5,90.8
268,2016-11-19,16.1,1.7,97
268,2016-11-20,12.3,2.6,86.9
268,2016-11-21,14.4,1.5,85.8
268,2016-11-22,8.4,6.2,67.8
268,2016-11-23,5.6,5.8,61.6
268,2016-11-24,4.5,4.1,64.8
268,2016-11-25,4.6,1.5,71
268,2016-11-26,4.5,1.6,86.3
268,2016-11-27,8.2,2.1,76.3
268,2016-11-28,7.7,4.4,59.8
268,2016-11-29,6.2,3.2,55.1
268,2016-11-30,6.8,.7,85.6
268,2016-12-01,9.3,4,60.9
268,2016-12-02,5.6,3.2,71
268,2016-12-03,4.6,1.2,77.3
268,2016-12-04,6.7,.8,90.5
268,2016-12-05,8.9,2.1,83
268,2016-12-06,3.6,4.2,66.1
268,2016-12-07,4.7,1.5,83.4
268,2016-12-08,6,1.1,83.5
268,2016-12-09,7.7,4.6,62.1
268,2016-12-10,3.9,3.8,63.9
268,2016-12-11,3.7,2.6,47.6
268,2016-12-12,8.4,1.3,76.1
268,2016-12-13,8.1,3.5,76.8
268,2016-12-14,4.6,5.6,58
268,2016-12-15,3,5.3,62.3
268,2016-12-16,2.5,4.2,61.3
268,2016-12-17,4.5,1.1,75.5
268,2016-12-18,8.3,1.5,82.6
268,2016-12-19,12,1.5,96
268,2016-12-20,7.6,2,90
268,2016-12-21,14.8,3.8,89
268,2016-12-22,9,4.3,79.3
268,2016-12-23,4.6,5.3,65.8
268,2016-12-24,4,3.4,69.6
268,2016-12-25,5,1.4,78.5
268,2016-12-26,7,3,91.5
268,2016-12-27,3.5,6,62.6
268,2016-12-28,1.7,3.5,64.4
268,2016-12-29,3,4.6,63.4
268,2016-12-30,1.3,3.1,63.6
268,2016-12-31,2.5,.8,82.3
268,2017-01-01,4.3,.8,84.8
268,2017-01-02,8.1,1.4,82.3
268,2017-01-03,5.1,1.8,77.1
268,2017-01-04,4.4,1.1,88.6
268,2017-01-05,7.5,1.7,67.5
268,2017-01-06,7.2,1.4,73.8
268,2017-01-07,7.1,1.5,74.9
268,2017-01-08,8.1,2.7,81.3
268,2017-01-09,5.6,5.1,65.5
268,2017-01-10,4.2,4.7,59.9
268,2017-01-11,1.9,3.5,65.4
268,2017-01-12,3.7,2.2,75.4
268,2017-01-13,3.1,3.6,64.9
268,2017-01-14,.1,6.2,65.9
268,2017-01-15,-.5,4.1,64.6
268,2017-01-16,1.8,3.6,58
268,2017-01-17,.8,2,62.3
268,2017-01-18,3.5,3.2,62.5
268,2017-01-19,2.5,2.8,69.3
268,2017-01-20,.8,5.3,74.6
268,2017-01-21,1.9,2.1,69.8
268,2017-01-22,.2,4.9,71.9
268,2017-01-23,-.5,4.6,72.5
268,2017-01-24,.9,4,63.6
268,2017-01-25,.9,3.6,64.3
268,2017-01-26,1.3,1.1,74
268,2017-01-27,3.1,4.6,66.4
268,2017-01-28,3.9,1.8,53.6
268,2017-01-29,8.8,1.7,87.4
268,2017-01-30,1.2,6.2,63.8
268,2017-01-31,-.4,3.7,67.1
268,2017-02-01,1.8,4.9,58.9
268,2017-02-02,.9,3.4,70.1
268,2017-02-03,1.7,1.4,76
268,2017-02-04,6.9,1.4,70.5
268,2017-02-05,6.2,3.1,85.5
268,2017-02-06,2.9,5.6,61.3
268,2017-02-07,2.4,3.4,60.8
268,2017-02-08,2.6,3.6,72.3
268,2017-02-09,0,5.7,70
268,2017-02-10,-1.5,4.8,81.8
268,2017-02-11,.2,4.6,77.1
268,2017-02-12,1.7,2.5,65.4
268,2017-02-13,2.9,1.6,76.1
268,2017-02-14,3.8,3.2,67.5
268,2017-02-15,2.1,1.1,70.8
268,2017-02-16,8.5,2.6,82.9
268,2017-02-17,5.1,5,72.5
268,2017-02-18,.7,4.1,62.4
268,2017-02-19,6,3.3,72.4
268,2017-02-20,3.8,6.8,70.5
268,2017-02-21,3.2,2.8,59.5
268,2017-02-22,8.1,4,85.8
268,2017-02-23,2.6,6.2,64
268,2017-02-24,1.6,3.9,62.6
268,2017-02-25,4,1.5,78
268,2017-02-26,3.2,1.7,70
268,2017-02-27,3.7,2.1,61.1
268,2017-02-28,3.7,1.2,64.6
268,2017-03-01,6.9,2.2,69
268,2017-03-02,3.4,5.6,65.1
268,2017-03-03,3.7,1.3,71.6
268,2017-03-04,5.4,1.4,76.1
268,2017-03-05,6,1.6,72.9
268,2017-03-06,3,5.8,55.9
268,2017-03-07,.8,3.6,69.5
268,2017-03-08,4,3.7,59.3
268,2017-03-09,7.1,3.1,60
268,2017-03-10,5.5,1.6,61.1
268,2017-03-11,6,1.2,50.4
268,2017-03-12,8.2,1.4,49.1
268,2017-03-13,6.7,4,69.8
268,2017-03-14,6,5.1,58
268,2017-03-15,4.9,3,61.9
268,2017-03-16,4.1,1.6,71.5
268,2017-03-17,5.3,1.5,66.1
268,2017-03-18,6.7,1.3,64.8
268,2017-03-19,8.9,1.5,54.5
268,2017-03-20,8.6,2,78.8
268,2017-03-21,7,5.1,65.6
268,2017-03-22,7.2,2.2,64.3
268,2017-03-23,7.9,1.9,65.3
268,2017-03-24,7.7,1.7,69.6
268,2017-03-25,7.3,2,84.4
268,2017-03-26,5.7,1.5,79.5
268,2017-03-27,7.1,2.3,76.9
268,2017-03-28,7.7,1.4,69
268,2017-03-29,9.6,2.5,84.5
268,2017-03-30,9.4,2.4,70.3
268,2017-03-31,9,1.7,84.8
268,2017-04-01,8.2,2.8,78
268,2017-04-02,7.1,2,67.9
268,2017-04-03,8.6,1.5,60
268,2017-04-04,12.5,1.5,51.9
268,2017-04-05,15.4,4,84
268,2017-04-06,12.7,2.7,97.9
268,2017-04-07,12,2,88.5
268,2017-04-08,11.7,2.2,87
268,2017-04-09,13.1,2.7,77.5
268,2017-04-10,14.7,2.5,53.4
268,2017-04-11,10.9,4.6,80
268,2017-04-12,10.6,3.9,50.9
268,2017-04-13,11.9,1.8,55.1
268,2017-04-14,15.7,3.7,58.8
268,2017-04-15,17.4,1.5,81.4
268,2017-04-16,17.2,1.8,86.5
268,2017-04-17,14.8,2.7,95.4
268,2017-04-18,13,3,82.3
268,2017-04-19,12.6,2.3,52.1
268,2017-04-20,12.3,1.6,65
268,2017-04-21,13.3,2.9,67.9
268,2017-04-22,12.2,2,75.5
268,2017-04-23,12.3,1.5,66.8
268,2017-04-24,14.1,2.4,66.3
268,2017-04-25,17.5,1.7,79.4
268,2017-04-26,14.6,3.6,63.9
268,2017-04-27,12.3,3.3,60.9
268,2017-04-28,14.5,1.8,61
268,2017-04-29,16.8,1.7,57.9
268,2017-04-30,19.3,3.2,55
268,2017-05-01,17,2.1,72.9
268,2017-05-02,16.8,1.7,57
268,2017-05-03,17.4,2,66.3
268,2017-05-04,17.7,1.9,76
268,2017-05-05,17.8,2,92.8
268,2017-05-06,14.8,3.2,58.3
268,2017-05-07,14.8,1.7,74.3
268,2017-05-08,17,1.3,54.4
268,2017-05-09,14.6,3,86.5
268,2017-05-10,14.7,2.1,87.5
268,2017-05-11,20.1,2.1,76.5
268,2017-05-12,18.1,1.8,84.5
268,2017-05-13,17.2,1.9,81.4
268,2017-05-14,15.6,2.3,71
268,2017-05-15,14.3,1.3,73.8
268,2017-05-16,14.9,1.4,74.8
268,2017-05-17,15.5,1.6,75.9
268,2017-05-18,17.4,1.4,66.3
268,2017-05-19,17.9,1.4,59.1
268,2017-05-20,18,1.3,61.1
268,2017-05-21,18.5,1.4,69.1
268,2017-05-22,19.9,1.8,70.1
268,2017-05-23,19.5,1.4,82.3
268,2017-05-24,19.7,2,83.1
268,2017-05-25,18.1,2.6,67.9
268,2017-05-26,16.3,4,57.1
268,2017-05-27,15.8,1.6,64.8
268,2017-05-28,18.5,2.1,65.3
268,2017-05-29,20.3,1.5,64
268,2017-05-30,21,1.4,64
268,2017-05-31,21.1,2.1,89.6
268,2017-06-01,19.4,2.5,88.6
268,2017-06-02,18.3,2.4,64.1
268,2017-06-03,19,3.2,58.3
268,2017-06-04,18.7,2.5,64.6
268,2017-06-05,21.2,2.2,52.4
268,2017-06-06,19.3,3.7,76.5
268,2017-06-07,18.2,2.9,89.1
268,2017-06-08,18.5,2.1,84
268,2017-06-09,20.3,2,75.1
268,2017-06-10,21.5,1.9,94
268,2017-06-11,21,1.7,83
268,2017-06-12,18.9,1.8,66.1
268,2017-06-13,19.4,1.9,66.6
268,2017-06-14,19.1,2.3,79.1
268,2017-06-15,20.2,1.8,77.4
268,2017-06-16,20.7,1.9,79
268,2017-06-17,21.7,1.4,70
268,2017-06-18,21.4,1.5,68.8
268,2017-06-19,22.5,1.6,68.3
268,2017-06-20,21.8,2.4,82.9
268,2017-06-21,21.7,1.6,84.3
268,2017-06-22,23.1,1.6,79.8
268,2017-06-23,22.8,1.4,80.3
268,2017-06-24,22.2,1.5,77.5
268,2017-06-25,22.8,1.1,81.6
268,2017-06-26,23.5,1.8,85.4
268,2017-06-27,23.3,2.2,82.5
268,2017-06-28,23.4,1.7,84.1
268,2017-06-29,22.2,1.4,91.1
268,2017-06-30,23.3,1.3,92.5
268,2017-07-01,25,2.4,92.4
268,2017-07-02,26,4.1,90.8
268,2017-07-03,26.3,4,88.6
268,2017-07-04,26,1.8,91.8
268,2017-07-05,27.7,1.6,82.4
268,2017-07-06,25.2,1.7,92.9
268,2017-07-07,26.7,3,88.9
268,2017-07-08,25.2,2.3,91
268,2017-07-09,26.4,2.6,89.9
268,2017-07-10,26.6,4.3,88.4
268,2017-07-11,24.9,1.7,90
268,2017-07-12,25.2,1.3,84.5
268,2017-07-13,26.9,1.4,83.8
268,2017-07-14,27.8,2.4,86.6
268,2017-07-15,27.6,2.8,86.6
268,2017-07-16,28.6,3.9,80.9
268,2017-07-17,27.3,2.9,87.4
268,2017-07-18,,.8,
268,2017-07-22,,.9,
268,2017-07-23,28.7,1.6,81.3
268,2017-07-24,29.3,1.4,79.5
268,2017-07-25,27.2,1.6,85.9
268,2017-07-26,26.9,2,68.3
268,2017-07-27,25.6,1.8,69.3
268,2017-07-28,27.4,1.1,82
268,2017-07-29,27.5,1.4,85.5
268,2017-07-30,27.6,1.9,80.4
268,2017-07-31,27.1,2.4,85.3
268,2017-08-01,29.3,2.6,77.6
268,2017-08-02,28,1.7,78.3
268,2017-08-03,28,2.4,75
268,2017-08-04,29,1.9,78.5
268,2017-08-05,29.2,1.4,77.4
268,2017-08-06,28.8,1.6,79.8
268,2017-08-07,28.6,1.6,84.3
268,2017-08-08,27.6,1.1,83
268,2017-08-09,26.3,1.7,88.5
268,2017-08-10,26.2,1.3,82.6
268,2017-08-11,26.5,1.2,79.8
268,2017-08-12,26.6,2.3,78.5
268,2017-08-13,24.9,2.8,81.9
268,2017-08-14,25.8,2.1,91.1
268,2017-08-15,26,2,90.1
268,2017-08-16,25.7,1.5,85
268,2017-08-17,24.8,1.6,85.3
268,2017-08-18,25.1,1.1,82.1
268,2017-08-19,25,1.8,86.6
268,2017-08-20,27.1,3,84
268,2017-08-21,26.4,1.8,87.1
268,2017-08-22,26.8,.9,91
268,2017-08-23,29.1,2.4,84.6
268,2017-08-24,29.1,3.8,82.8
268,2017-08-25,26.4,1.8,82.6
268,2017-08-26,25.7,3.1,61.8
268,2017-08-27,23.9,1.8,69.8
268,2017-08-28,26,1.7,84.3
268,2017-08-29,23.6,4.4,62.6
268,2017-08-30,21.9,3.9,51.1
268,2017-08-31,23,4.1,70.9
268,2017-09-01,22.6,1.4,75.9
268,2017-09-02,21.3,1,83.8
268,2017-09-03,21.9,1.3,75.9
268,2017-09-04,23.1,1.6,74.4
268,2017-09-05,22.8,1.3,89.3
268,2017-09-06,22.1,1.1,96.8
268,2017-09-07,21.3,2.6,85.6
268,2017-09-08,21.4,1.4,86.8
268,2017-09-09,22.9,1.3,79.3
268,2017-09-10,23.4,1.3,79.6
268,2017-09-11,23.2,3.5,87.4
268,2017-09-12,22.5,2.3,79.4
268,2017-09-13,21.4,3.1,67.9
268,2017-09-14,21.3,1.6,73.5
268,2017-09-15,21.3,2.3,66.8
268,2017-09-16,21.1,2.1,70.4
268,2017-09-17,21.2,2.5,77.9
268,2017-09-18,21.8,1.2,81.1
268,2017-09-19,23.4,1.8,83.3
268,2017-09-20,20.8,1.9,73
268,2017-09-21,18.9,1.3,77.3
268,2017-09-22,19.8,1.1,84.9
268,2017-09-23,20.5,1.1,88.4
268,2017-09-24,20.9,1.4,82.9
268,2017-09-25,22.5,1.3,75.3
268,2017-09-26,24.3,3,72.5
268,2017-09-27,21.5,3.5,88.9
268,2017-09-28,20.9,3.3,69.5
268,2017-09-29,17.7,1.9,63.8
268,2017-09-30,19.7,1.7,64.1
268,2017-10-01,21,3.2,81.9
268,2017-10-02,21.4,2.9,89
268,2017-10-03,19.3,4,68.8
268,2017-10-04,18.4,2.6,72.6
268,2017-10-05,18,1.6,81.8
268,2017-10-06,17.4,1.8,95.8
268,2017-10-07,19.4,1.9,85.8
268,2017-10-08,20.5,1,86.6
268,2017-10-09,20.6,1.1,85
268,2017-10-10,21.7,.8,86.6
268,2017-10-11,18,3.2,87.1
268,2017-10-12,13.8,3.2,76.5
268,2017-10-13,15,3.8,57.9
268,2017-10-14,16.9,3.6,47.8
268,2017-10-15,16,2.4,71.9
268,2017-10-16,17.3,2.1,72.4
268,2017-10-17,16.6,1.9,77.3
268,2017-10-18,17.3,1.8,70
268,2017-10-19,15.6,1.5,77.8
268,2017-10-20,16,1.7,77.3
268,2017-10-21,15.4,2.3,78.8
268,2017-10-22,15.9,3.2,70.1
268,2017-10-23,13.4,1.4,73.5
268,2017-10-24,13,1.4,80.4
268,2017-10-25,12.1,1.5,83.9
268,2017-10-26,13.4,.7,82.5
268,2017-10-27,12.9,.9,83.3
268,2017-10-28,15.3,1.3,79.1
268,2017-10-29,14.6,6,64.5
268,2017-10-30,11,5.2,58.1
268,2017-10-31,,1.7,
268,2017-11-01,9.8,.9,84.6
268,2017-11-02,11.6,.8,86.4
268,2017-11-03,11.4,2.7,78.3
268,2017-11-04,9.9,4.4,57.9
268,2017-11-05,7.8,2,75.3
268,2017-11-06,9.7,.9,82.3
268,2017-11-07,15.3,.9,87.5
268,2017-11-08,14.7,3.8,76.3
268,2017-11-09,10.9,2,69
268,2017-11-10,14.7,3.1,73.9
268,2017-11-11,9.7,4.7,58.4
268,2017-11-12,7.2,1.7,74.4
268,2017-11-13,8,.9,85
268,2017-11-14,10.2,2.6,66.9
268,2017-11-15,6.9,2.1,67.8
268,2017-11-16,,1.1,
268,2017-11-17,9.7,1.4,71.5
268,2017-11-18,5.1,7.2,59.3
268,2017-11-19,5.3,2.8,58.3
268,2017-11-20,5.1,1.6,76
268,2017-11-21,6,1.2,75.4
268,2017-11-22,9.2,2.5,68.8
268,2017-11-23,7.4,4,53.5
268,2017-11-24,7.1,3.1,53.5
268,2017-11-25,7.8,1.4,76
268,2017-11-26,10.3,3.2,69.1
268,2017-11-27,4.7,1.9,66.4
268,2017-11-28,9.6,.7,80.9
268,2017-11-29,9,4.4,65.3
268,2017-11-30,,6.5,
268,2017-12-01,1.5,2.8,59
268,2017-12-02,1.9,.6,74.5
268,2017-12-03,5.9,.7,81.8
268,2017-12-04,4.7,3.7,74.8
268,2017-12-05,1.2,1.9,83.4
268,2017-12-06,4.2,.8,79.6
268,2017-12-07,5.8,2.2,75.3
268,2017-12-08,2.7,4.5,65
268,2017-12-09,4.3,1.1,74.4
268,2017-12-10,7.4,2.8,70.5
268,2017-12-11,2.2,4.7,68.4
268,2017-12-12,-1.3,3.4,76.3
268,2017-12-13,-.7,3.7,67.5
268,2017-12-14,-.3,1.9,59.1
268,2017-12-15,1.3,1.6,64.3
268,2017-12-16,2.2,4.1,76.5
268,2017-12-17,-1,2.4,82.9
268,2017-12-18,3.7,1.8,72.8
268,2017-12-19,3.3,4.1,61.5
268,2017-12-20,2.6,1.9,69.5
268,2017-12-21,,.6,
268,2017-12-22,,.9,
268,2017-12-23,5.9,.7,86
268,2017-12-24,9,4.4,78.1
268,2017-12-25,3.8,4.5,55
268,2017-12-26,4.2,4.4,56.1
268,2017-12-27,.1,4.4,60.4
268,2017-12-28,-.1,1.8,63.6
268,2017-12-29,3.7,1.2,85.9
268,2017-12-30,5.6,.8,83.8
268,2017-12-31,4.7,2.9,70.8
268,2018-01-01,2.5,2,64.3
268,2018-01-02,2.3,1.6,71.4
268,2018-01-03,2.1,5.2,63.6
268,2018-01-04,.9,3.8,69.6
268,2018-01-05,2.6,3,72.1
268,2018-01-06,3.6,3.9,62.5
268,2018-01-07,4.3,1.6,72.1
268,2018-01-08,4.2,3,87.1
268,2018-01-09,2.5,4,59.5
268,2018-01-10,-.2,4.4,74
268,2018-01-11,-2.9,3.9,75
268,2018-01-12,-4.2,2.5,83.8
268,2018-01-13,-1,1.1,82
268,2018-01-14,3.3,1.5,81.9
268,2018-01-15,4.7,1,86.9
268,2018-01-16,7,1.7,93.3
268,2018-01-17,5.6,2.2,90.3
268,2018-01-18,5.3,2.1,80.8
268,2018-01-19,2.7,2.9,56.1
268,2018-01-20,2.1,1.5,76.1
268,2018-01-21,2.9,1.2,77.3
268,2018-01-22,6.3,2.6,62.6
268,2018-01-23,-2.2,4.7,73.4
268,2018-01-24,-6.4,3.7,70.1
268,2018-01-25,-5.4,5.8,72
268,2018-01-26,-4.4,6.2,65.4
268,2018-01-27,-3.9,3.5,61.9
268,2018-01-28,-.4,3.4,61.5
268,2018-01-29,-1.7,3.8,79.4
268,2018-01-30,-2.6,1.8,73
268,2018-01-31,-.6,1,72.9
268,2018-02-01,0,2.8,63.3
268,2018-02-02,-.6,3.2,55.9
268,2018-02-03,-1.8,4.7,72.5
268,2018-02-04,-2.8,5,68.8
268,2018-02-05,-3.5,3,83.1
268,2018-02-06,-4,3.5,76.3
268,2018-02-07,-3.7,2,75.4
268,2018-02-08,1.4,1.4,55.3
268,2018-02-09,2.7,1.1,79.5
268,2018-02-10,2.9,3.6,71.3
268,2018-02-11,.2,4.1,59.1
268,2018-02-12,0,4.1,58.6
268,2018-02-13,3.7,3.2,49.4
268,2018-02-14,8.2,3.5,71.8
268,2018-02-15,1.8,3.9,60.5
268,2018-02-16,1.5,2.7,58.4
268,2018-02-17,1.1,5,50.1
268,2018-02-18,2.1,2.1,50.3
268,2018-02-19,4,2.3,57.6
268,2018-02-20,3.2,2.9,69.1
268,2018-02-21,1.8,4.8,47.3
268,2018-02-22,1.2,2,56.8
268,2018-02-23,4.9,1.8,79.5
268,2018-02-24,4.5,1.5,82
268,2018-02-25,4.4,2.4,54.6
268,2018-02-26,3.6,1.5,59.4
268,2018-02-27,6.3,1.1,69.1
268,2018-02-28,9.3,4.1,81.8
268,2018-03-01,3.9,5.2,69.9
268,2018-03-02,1.8,2.8,63.8
268,2018-03-03,8.4,2.4,77.9
268,2018-03-04,13.9,2.8,89.8
268,2018-03-05,7.3,2.5,90.9
268,2018-03-06,6.1,2.1,75.9
268,2018-03-07,6.9,2.7,75.8
268,2018-03-08,4,5.9,82.3
268,2018-03-09,3.5,2.9,74.1
268,2018-03-10,2.8,1.2,81.8
268,2018-03-11,4.7,1.5,86.1
268,2018-03-12,7.8,1.3,80
268,2018-03-13,13.5,2.5,69.4
268,2018-03-14,16.8,1.9,67.4
268,2018-03-15,12.9,2.9,95.9
268,2018-03-16,7.1,2.7,87.8
268,2018-03-17,6.3,1.4,78.6
268,2018-03-18,10.8,2.5,89.6
268,2018-03-19,10.8,1.6,98
268,2018-03-20,7.3,2.5,70.3
268,2018-03-21,2.6,2.4,92.6
268,2018-03-22,4.8,3.3,77.4
268,2018-03-23,4.7,1.4,82
268,2018-03-24,7.6,1.1,82.4
268,2018-03-25,8.9,1.2,91
268,2018-03-26,10.1,1.1,76.6
268,2018-03-27,11.8,1.4,74.9
268,2018-03-28,13.2,2,84.3
268,2018-03-29,14.9,1.6,84
268,2018-03-30,12.6,1.6,72.6
268,2018-03-31,13.8,1.3,56.5
268,2018-04-01,16.6,2,78.5
268,2018-04-02,17.7,2,77.8
268,2018-04-03,18.7,2.1,77.1
268,2018-04-04,13.6,2.2,93.5
268,2018-04-05,13.6,4.6,87.4
268,2018-04-06,8.6,5.6,70.9
268,2018-04-07,6.4,4.8,48.8
268,2018-04-08,10.3,4.1,60.6
268,2018-04-09,12.4,2.2,60.3
268,2018-04-10,16.8,4.3,70.8
268,2018-04-11,14,2.9,70.6
268,2018-04-12,11.8,1.8,54.4
268,2018-04-13,14.6,3.7,38.3
268,2018-04-14,12.2,5,85.5
268,2018-04-15,9.7,4.2,72.4
268,2018-04-16,9.7,2.1,73.8
268,2018-04-17,11.2,1.4,77.6
268,2018-04-18,9.4,1.4,77.8
268,2018-04-19,10.8,1.3,62.1
268,2018-04-20,14.3,1.3,56.6
268,2018-04-21,16.4,2.2,67.4
268,2018-04-22,18.6,3.9,89
268,2018-04-23,15.9,4.4,89.4
268,2018-04-24,13.3,1.4,97.1
268,2018-04-25,13.2,1.1,89.4
268,2018-04-26,12.4,1.1,76.4
268,2018-04-27,13.1,1.2,77.1
268,2018-04-28,14.3,1.3,78.9
268,2018-04-29,15,1.5,79.8
268,2018-04-30,19,2,78
268,2018-05-01,19,2.3,87.3
268,2018-05-02,15.6,2.7,88.1
268,2018-05-03,13.7,3.3,55.6
268,2018-05-04,14,2.6,53.3
268,2018-05-05,18.5,3.4,60.6
268,2018-05-06,16.6,2.6,93.6
268,2018-05-07,17,1.7,91.3
268,2018-05-08,16.5,1.6,84.3
268,2018-05-09,13.7,1.3,88.5
268,2018-05-10,14.1,1.1,82.5
268,2018-05-11,16.5,1.8,69.9
268,2018-05-12,18.6,3.9,83.6
268,2018-05-13,14.4,2.1,91.6
268,2018-05-14,18.4,1.2,72.3
268,2018-05-15,21.3,2,75.4
268,2018-05-16,22.1,4.3,95.4
268,2018-05-17,21.5,4.3,95.6
268,2018-05-18,18.6,1.6,95.4
268,2018-05-19,16.1,1.9,84.9
268,2018-05-20,16,2.2,65.9
268,2018-05-21,17.2,1.5,74.4
268,2018-05-22,18.3,2.4,80.3
268,2018-05-23,16.5,4,79.6
268,2018-05-24,16.8,1.1,62.9
268,2018-05-25,19,1.4,54.1
268,2018-05-26,19.4,1.9,69
268,2018-05-27,19.3,1.2,73.9
268,2018-05-28,19.8,1.5,80.1
268,2018-05-29,21.4,1.4,82.1
268,2018-05-30,20.3,1.6,87.9
268,2018-05-31,17.5,2.1,83.4
268,2018-06-01,19.3,1.5,78.1
268,2018-06-02,21.7,1.7,59.5
268,2018-06-03,20.6,1.6,68.6
268,2018-06-04,20.6,1.2,73.6
268,2018-06-05,20.1,1.4,86.8
268,2018-06-06,20.6,1.3,86.1
268,2018-06-07,19.9,1.6,89
268,2018-06-08,20.5,2.8,84
268,2018-06-09,21.3,2.2,78
268,2018-06-10,20.5,1.4,81.9
268,2018-06-11,20,1.4,86.5
268,2018-06-12,19.8,1.7,84.5
268,2018-06-13,20.3,2.6,78.9
268,2018-06-14,21.4,2.8,72.1
268,2018-06-15,20.9,2.1,72
268,2018-06-16,19.4,1.9,75.8
268,2018-06-17,20.3,1.5,82.6
268,2018-06-18,21.6,1.4,79.8
268,2018-06-19,21.1,1.5,88.5
268,2018-06-20,21.1,2.3,87.9
268,2018-06-21,21.6,2.5,81.9
268,2018-06-22,23,1.5,69
268,2018-06-23,22,1.6,76.3
268,2018-06-24,22.8,1.5,80.8
268,2018-06-25,23.6,1.7,73.1
268,2018-06-26,24.6,3.8,91.1
268,2018-06-27,24.2,3,92.9
268,2018-06-28,23.6,1.6,94.1
268,2018-06-29,23.8,1.6,91.9
268,2018-06-30,23,2.2,92.5
268,2018-07-01,25.4,2.4,87.8
268,2018-07-02,26.1,2.6,85
268,2018-07-03,26,3.1,79.3
268,2018-07-04,25.2,1.7,84
268,2018-07-05,24.9,1.5,87.4
268,2018-07-06,23.7,1.6,85.1
268,2018-07-07,22.6,1.8,78.1
268,2018-07-08,22.6,1.9,77.4
268,2018-07-09,24.4,2.6,83.6
268,2018-07-10,26.1,3.3,78.3
268,2018-07-11,27.5,3.4,78.4
268,2018-07-12,27.2,2.2,83.4
268,2018-07-13,27.3,1.8,81
268,2018-07-14,26.7,1.2,85.1
268,2018-07-15,26.4,1.2,83.6
268,2018-07-16,27,1.1,79.6
268,2018-07-17,27.1,1.2,77
268,2018-07-18,26.7,1.1,81.6
268,2018-07-19,26.5,1.4,77.8
268,2018-07-20,27.5,1.2,77.9
268,2018-07-21,29,1.4,70.6
268,2018-07-22,28.9,3,73.4
268,2018-07-23,28.7,2.6,77.3
268,2018-07-24,28.3,2.2,79.8
268,2018-07-25,28.5,2.3,78.1
268,2018-07-26,27.8,1.2,82.8
268,2018-07-27,28.6,1.7,79.9
268,2018-07-28,28.5,2.3,81.5
268,2018-07-29,28.7,2,78.8
268,2018-07-30,27.7,1.3,76.9
268,2018-07-31,28.2,1.5,76.3
268,2018-08-01,28.7,1.7,72.9
268,2018-08-02,29.5,2,69.8
268,2018-08-03,28.7,3.1,76.9
268,2018-08-04,28.8,1.6,78.4
268,2018-08-05,28.4,1.6,79
268,2018-08-06,28.6,2.2,79.4
268,2018-08-07,28.2,1.5,82.1
268,2018-08-08,28.7,1.8,81.5
268,2018-08-09,28.6,1.7,81.9
268,2018-08-10,27.9,1.3,86.4
268,2018-08-11,28,1.7,80.3
268,2018-08-12,28.8,2.4,76.6
268,2018-08-13,29.5,2.6,75.3
268,2018-08-14,28.5,1.3,73.4
268,2018-08-15,29.1,1.8,73
268,2018-08-16,28.8,3.1,74.3
268,2018-08-17,26.7,3.6,61.5
268,2018-08-18,25.4,2.2,66
268,2018-08-19,26.3,1.6,71.3
268,2018-08-20,27.5,2.6,77.5
268,2018-08-21,27.5,1.8,75.1
268,2018-08-22,29.4,3.4,70.1
268,2018-08-23,25.7,6.1,89.9
268,2018-08-24,25.5,3.3,85.8
268,2018-08-25,24.3,1.2,87.3
268,2018-08-26,26.2,2,88.6
268,2018-08-27,27.1,3.3,86.4
268,2018-08-28,27.4,2.3,82.1
268,2018-08-29,26.9,1.9,84.8
268,2018-08-30,27.7,2.9,82.3
268,2018-08-31,26.3,2.7,90
268,2018-09-01,24.1,1.8,86.8
268,2018-09-02,24.4,3.2,80.4
268,2018-09-03,26.3,2.6,88
268,2018-09-04,24,2.8,82.9
268,2018-09-05,23.5,1.3,79.4
268,2018-09-06,23.5,1.3,84.8
268,2018-09-07,21.7,1.5,83.1
268,2018-09-08,19.3,1.5,74.1
268,2018-09-09,20.6,2.2,69.1
268,2018-09-10,20.9,1.2,75.4
268,2018-09-11,20.6,1.9,70.8
268,2018-09-12,22.5,1.7,73.9
268,2018-09-13,22.4,1.9,88.6
268,2018-09-14,23.5,1.8,88.4
268,2018-09-15,23.9,1,89.3
268,2018-09-16,23.6,1.4,82.5
268,2018-09-17,22.6,1.5,80.6
268,2018-09-18,21.3,1.3,73.5
268,2018-09-19,20.9,.9,80.1
268,2018-09-20,21.7,1.2,94.6
268,2018-09-21,21.3,2.4,91.8
268,2018-09-22,20.4,1,88
268,2018-09-23,20.7,1.8,80.1
268,2018-09-24,18.9,2,69.9
268,2018-09-25,17.9,2.1,64.8
268,2018-09-26,19.6,1.8,72.1
268,2018-09-27,17.8,1.1,74.1
268,2018-09-28,19.4,1.3,74.4
268,2018-09-29,19.5,1.7,73.1
268,2018-09-30,20.3,4.9,64.1
268,2018-10-01,19.4,3.3,58.8
268,2018-10-02,17.9,1.9,72
268,2018-10-03,16,1.9,73
268,2018-10-04,18.5,1.7,75.4
268,2018-10-05,18.5,4.7,93.6
268,2018-10-06,19.8,6.3,83.8
268,2018-10-07,19,3.7,64.3
268,2018-10-08,17.5,3.8,55.6
268,2018-10-09,17.3,1.8,72.6
268,2018-10-10,16.1,3.7,64.1
268,2018-10-11,12.7,2.5,68.1
268,2018-10-12,13.1,2.7,63.6
268,2018-10-13,11.7,1.3,75.8
268,2018-10-14,13.8,1.3,74.6
268,2018-10-15,15.7,2.2,70.5
268,2018-10-16,14.5,1.2,78.5
268,2018-10-17,14.9,2.2,66.9
268,2018-10-18,14.4,2.9,58.9
268,2018-10-19,12.5,2.2,73.1
268,2018-10-20,12,1.3,74.5
268,2018-10-21,12.1,.8,76.3
268,2018-10-22,12.7,.8,83.4
268,2018-10-23,13.9,1,84.4
268,2018-10-24,13.6,2,72.5
268,2018-10-25,14.8,1.4,70
268,2018-10-26,16.5,2.5,76
268,2018-10-27,14,3.8,47.5
268,2018-10-28,14.9,3.4,62.3
268,2018-10-29,13.7,2.3,73.8
268,2018-10-30,10.5,2.2,69.9
268,2018-10-31,10.1,2.5,72.5
268,2018-11-01,9.9,2.4,72.3
268,2018-11-02,11,1.4,70.3
268,2018-11-03,9.5,.7,76.8
268,2018-11-04,9.5,1.3,75.4
268,2018-11-05,12,1.7,76.4
268,2018-11-06,12.3,1.3,83.9
268,2018-11-07,14.5,1.6,88.9
268,2018-11-08,16.8,4,86.3
268,2018-11-09,12.4,2.2,75.9
268,2018-11-10,10.1,.9,88.6
268,2018-11-11,10.8,.9,92.5
268,2018-11-12,11.6,3.9,66.3
268,2018-11-13,11.4,3.5,59.5
268,2018-11-14,9.6,1.7,66.1
268,2018-11-15,10.6,.9,82.3
268,2018-11-16,11.7,2.4,83.4
268,2018-11-17,10,3.7,57
268,2018-11-18,8.5,1.9,60.1
268,2018-11-19,7.5,1.1,80
268,2018-11-20,7.5,1.3,65
268,2018-11-21,8.8,1.6,65.8
268,2018-11-22,6.7,3.7,61.8
268,2018-11-23,5.9,1.6,68
268,2018-11-24,10.6,2.2,79.3
268,2018-11-25,7.5,1.1,85.5
268,2018-11-26,7.9,.9,88.4
268,2018-11-27,8.1,1.2,88.4
268,2018-11-28,7.5,2.4,59.6
268,2018-11-29,8,1,55.8
268,2018-11-30,7,.9,79.6
268,2018-12-01,8.4,1.5,58.9
268,2018-12-02,13.6,2.3,78.1
268,2018-12-03,15.9,1.5,95
268,2018-12-04,11,5.3,77.9
268,2018-12-05,5.8,4,55.6
268,2018-12-06,6,3.9,78.6
268,2018-12-07,.5,5.5,71.6
268,2018-12-08,-1.7,2.7,71.1
268,2018-12-09,-1.1,3.3,53.6
268,2018-12-10,1.7,2.6,33.3
268,2018-12-11,3.3,2.8,79
268,2018-12-12,3.8,4.1,65.6
268,2018-12-13,5.1,3.2,59.9
268,2018-12-14,2.4,3.9,65.6
268,2018-12-15,1.2,1.9,58.9
268,2018-12-16,3.1,1,86.6
268,2018-12-17,7.3,3.2,56.9
268,2018-12-18,4,1.4,72.8
268,2018-12-19,7.2,.7,83.5
268,2018-12-20,10,1.2,87.3
268,2018-12-21,8.3,1,86.5
268,2018-12-22,8.1,1.1,84.9
268,2018-12-23,7,4.9,66.4
268,2018-12-24,3.2,3.7,62.9
268,2018-12-25,3.5,2.1,63.4
268,2018-12-26,4.4,4,58.4
268,2018-12-27,-.8,8.2,61.3
268,2018-12-28,-1.4,5.2,67.3
268,2018-12-29,-1.3,2.9,75.3
268,2018-12-30,-.7,3.8,70.3
268,2018-12-31,.6,3.1,64.3
268,2019-01-01,2.7,3.9,61.4
268,2019-01-02,2.7,3.7,59.4
268,2019-01-03,1.9,3.1,62.6
268,2019-01-04,2.2,2,58
268,2019-01-05,3.3,4,65.8
268,2019-01-06,2.1,3.7,64.5
268,2019-01-07,2.5,2.4,70.9
268,2019-01-08,3.4,3.8,66.4
268,2019-01-09,.4,3.1,51.1
268,2019-01-10,3,2.3,69.1
268,2019-01-11,4.7,2.4,66.1
268,2019-01-12,4.6,2.5,76.6
268,2019-01-13,5.1,3.4,71.6
268,2019-01-14,2.8,1.8,78.8
268,2019-01-15,2.9,3.5,68.1
268,2019-01-16,.5,4.5,59.4
268,2019-01-17,3.9,3.4,54.1
268,2019-01-18,1.8,1.3,76.3
268,2019-01-19,2.1,1.1,82.4
268,2019-01-20,3.7,5.4,64.1
268,2019-01-21,4.5,3.2,57.8
268,2019-01-22,4.9,1.7,66.5
268,2019-01-23,4.6,2.4,66.5
268,2019-01-24,3,3.1,55.9
268,2019-01-25,1.3,3.3,68.1
268,2019-01-26,1.7,5.7,59.1
268,2019-01-27,2.3,2,70.9
268,2019-01-28,5.7,3.7,57.5
268,2019-01-29,1.5,2.3,54.8
268,2019-01-30,4.4,2.4,59.4
268,2019-01-31,1.4,5.4,79.8
268,2019-02-01,1.8,3.2,64
268,2019-02-02,5.9,1.6,70.9
268,2019-02-03,9.9,3.3,88.4
268,2019-02-04,3.6,4.2,56.4
268,2019-02-05,4.3,1.1,64.8
268,2019-02-06,7.3,1.1,73
268,2019-02-07,2.2,5.9,69.8
268,2019-02-08,-.5,4.8,58.3
268,2019-02-09,.3,5.4,57.4
268,2019-02-10,-.3,4.2,57.4
268,2019-02-11,1.2,4.3,61.9
268,2019-02-12,2.5,2.8,58.8
268,2019-02-13,2.6,4.5,48.6
268,2019-02-14,.7,2.7,55
268,2019-02-15,2.7,2.4,68.1
268,2019-02-16,1.5,4.9,66.3
268,2019-02-17,2.2,4.1,59.8
268,2019-02-18,3,2,58.9
268,2019-02-19,4.2,2.3,91.8
268,2019-02-20,4.1,3.1,77
268,2019-02-21,4.1,3.4,68.9
268,2019-02-22,4.7,2.7,68.3
268,2019-02-23,6.6,2,69.3
268,2019-02-24,6.2,1.2,74
268,2019-02-25,5.1,2.3,70.9
268,2019-02-26,5.8,3.2,55.5
268,2019-02-27,6.7,1.8,79.3
268,2019-02-28,6.7,2.7,71.5
268,2019-03-01,6.5,2.6,71
268,2019-03-02,9.4,2,59.3
268,2019-03-03,9.1,1.5,70.1
268,2019-03-04,7.5,2.4,77.1
268,2019-03-05,6.9,.9,76.5
268,2019-03-06,8.9,2.5,77.5
268,2019-03-07,6.2,3.5,72.5
268,2019-03-08,5.2,1.6,71.6
268,2019-03-09,8,1.5,75.3
268,2019-03-10,8.3,3.1,86.9
268,2019-03-11,6.4,1.7,86.5
268,2019-03-12,6.9,3.5,73.3
268,2019-03-13,6.1,3.1,57.4
268,2019-03-14,6.4,1.4,65.9
268,2019-03-15,8.2,3.8,68
268,2019-03-16,6.7,2.7,63.8
268,2019-03-17,7.1,2.3,68
268,2019-03-18,6.8,1.1,60.8
268,2019-03-19,7.9,1.3,74.4
268,2019-03-20,12.4,3.6,82
268,2019-03-21,8.1,5.1,81.3
268,2019-03-22,5.2,6.1,59.1
268,2019-03-23,6.2,4.6,56
268,2019-03-24,4.4,1.9,60.6
268,2019-03-25,6.8,1.5,73
268,2019-03-26,10.4,1.1,69.1
268,2019-03-27,13.4,3.6,69.6
268,2019-03-28,10.3,2.6,73.8
268,2019-03-29,9.8,1.8,58.4
268,2019-03-30,8.2,3.9,64.8
268,2019-03-31,6.9,5.4,44.4
268,2019-04-01,8.7,3,55.4
268,2019-04-02,7.7,2.5,50.3
268,2019-04-03,6.4,1.7,56.6
268,2019-04-04,7.9,1.5,58.9
268,2019-04-05,10.6,2,72.8
268,2019-04-06,11.1,1.4,61.6
268,2019-04-07,12.3,1.5,91.9
268,2019-04-08,11.3,2.2,62.6
268,2019-04-09,11.1,4.2,68.1
268,2019-04-10,8.3,3.5,85.3
268,2019-04-11,9.4,1.7,76.4
268,2019-04-12,9.3,1.5,72.5
268,2019-04-13,11.1,1.2,61
268,2019-04-14,10.8,2.6,74.6
268,2019-04-15,10,2.2,53.9
268,2019-04-16,13.7,1.5,52.4
268,2019-04-17,13.8,1.5,72.9
268,2019-04-18,14.3,1.9,76.9
268,2019-04-19,15.1,1.7,79.6
268,2019-04-20,14.8,1.5,68.9
268,2019-04-21,15.7,1.4,74.9
268,2019-04-22,17.7,2,67.6
268,2019-04-23,16.9,3.1,76.8
268,2019-04-24,15.9,1.3,92.1
268,2019-04-25,14,1.4,86.3
268,2019-04-26,10.3,3.4,79.1
268,2019-04-27,11.9,2.4,71.6
268,2019-04-28,12.2,2.1,68.1
268,2019-04-29,12.7,2.2,87.4
268,2019-04-30,13.5,1.7,90.6
268,2019-05-01,12.3,2.6,82.9
268,2019-05-02,13.2,1.9,66.3
268,2019-05-03,14.9,1.5,63.5
268,2019-05-04,15.8,1.6,61
268,2019-05-05,16.9,1.3,57.9
268,2019-05-06,13,5.1,52.9
268,2019-05-07,12,1.6,60.8
268,2019-05-08,13.9,1.3,47.9
268,2019-05-09,15,2.1,44.1
268,2019-05-10,16,1.9,44.9
268,2019-05-11,15,1.5,56.6
268,2019-05-12,18.3,1.9,52
268,2019-05-13,18.8,2,71.6
268,2019-05-14,20.1,1.4,75.6
268,2019-05-15,20.3,1.4,67.4
268,2019-05-16,20.9,1.8,64.8
268,2019-05-17,19.6,1.9,72.9
268,2019-05-18,19.5,4.5,80.4
268,2019-05-19,19.7,2.5,86.3
268,2019-05-20,15.2,3.2,70
268,2019-05-21,15.3,1.4,65
268,2019-05-22,17.6,1.5,69.1
268,2019-05-23,19.5,1.8,67.5
268,2019-05-24,21.4,2.1,60.4
268,2019-05-25,20.7,1.8,70.3
268,2019-05-26,21,2.1,71.9
268,2019-05-27,18.2,3.7,88
268,2019-05-28,14.8,3.6,65.4
268,2019-05-29,,1.2,71.4
268,2019-05-30,19.3,1.1,58.1
268,2019-05-31,16.1,1.7,75.9
268,2019-06-01,18,1.2,76.8
268,2019-06-02,18.6,1.2,67.3
268,2019-06-03,20,1.2,58.3
268,2019-06-04,20.4,1.5,70
268,2019-06-05,21,1.6,78.3
268,2019-06-06,20.8,2.5,86.8
268,2019-06-07,18.6,3,89.8
268,2019-06-08,19.9,1.6,78
268,2019-06-09,19.1,1.8,77.4
268,2019-06-10,19.5,1.8,71
268,2019-06-11,19,1.3,73.5
268,2019-06-12,18.5,1.4,80.5
268,2019-06-13,19.3,1.3,79.5
268,2019-06-14,18.4,1,92.3
268,2019-06-15,18.9,2.8,83.3
268,2019-06-16,19,2.1,81.3
268,2019-06-17,20.3,1.2,74.5
268,2019-06-18,21,1.2,82
268,2019-06-19,21,1.9,82.3
268,2019-06-20,21.8,1.3,79.5
268,2019-06-21,21.5,1.7,79
268,2019-06-22,21.4,1.9,78.3
268,2019-06-23,20.6,1.3,79.1
268,2019-06-24,21.6,1.2,79
268,2019-06-25,22,1.6,74.6
268,2019-06-26,21.7,2,87.5
268,2019-06-27,22.6,1.5,90.3
268,2019-06-28,22.7,1.1,80.8
268,2019-06-29,22.3,2.4,90.9
268,2019-06-30,22.3,1.5,87.3
268,2019-07-01,21.7,.8,92.8
268,2019-07-02,22.7,1.4,84
268,2019-07-03,22.2,1.7,80.5
268,2019-07-04,22.4,1.8,78.8
268,2019-07-05,24,1.1,75.6
268,2019-07-06,23.8,2.2,70.8
268,2019-07-07,22.2,2.4,72.9
268,2019-07-08,22.1,1.6,75.6
268,2019-07-09,22.6,1,76.8
268,2019-07-10,21.3,2.4,87.9
268,2019-07-11,21.9,1.9,83.9
268,2019-07-12,22.5,1.1,81
268,2019-07-13,22.2,1.2,84.4
268,2019-07-14,23.6,1.7,83.8
268,2019-07-15,23.2,1.6,82.8
268,2019-07-16,23.4,1.3,80
268,2019-07-17,23.6,1.6,81
268,2019-07-18,23.6,1.9,90.5
268,2019-07-19,24.5,2.9,89.5
268,2019-07-20,23.6,4.6,92.4
268,2019-07-21,25.1,2.7,88.8
268,2019-07-22,25.6,1.4,92.1
268,2019-07-23,25.6,2.9,89.5
268,2019-07-24,25.6,3.2,92
268,2019-07-25,26,2.6,92
268,2019-07-26,26.1,2.7,92.3
268,2019-07-27,26.2,2.7,93.5
268,2019-07-28,26.8,3.3,85.4
268,2019-07-29,27.1,2.8,84.1
268,2019-07-30,28,3.7,83.9
268,2019-07-31,28,2.9,82.8
268,2019-08-01,27.8,1.5,79.6
268,2019-08-02,27.6,1.1,78.5
268,2019-08-03,27.9,1.4,78.8
268,2019-08-04,27.5,1.2,76.6
268,2019-08-05,26.9,1.1,81.6
268,2019-08-06,27.3,1.2,83
268,2019-08-07,27.2,1.4,82.6
268,2019-08-08,28.5,1.8,74.9
268,2019-08-09,28.5,1.4,68.8
268,2019-08-10,28.8,2.9,67.9
268,2019-08-11,27.7,4.1,78.9
268,2019-08-12,27.8,2.7,86.5
268,2019-08-13,28.8,1.8,76.3
268,2019-08-14,27,2.3,84
268,2019-08-15,26,2.4,86.4
268,2019-08-16,25.5,2,82.3
268,2019-08-17,26.2,1.9,82.1
268,2019-08-18,25.1,1.5,71.9
268,2019-08-19,24.2,1.7,78.4
268,2019-08-20,26.2,1.4,77.3
268,2019-08-21,26.9,1.6,81.9
268,2019-08-22,26.2,2.1,85.9
268,2019-08-23,24.2,.8,82.5
268,2019-08-24,23.4,1,79
268,2019-08-25,22.9,.9,81.1
268,2019-08-26,23.7,1.7,75.5
268,2019-08-27,24,1.4,93.5
268,2019-08-28,23.3,.9,86.4
268,2019-08-29,22,1.4,89.9
268,2019-08-30,22.5,1.4,76.9
268,2019-08-31,22.2,1.2,79.8
268,2019-09-01,21.2,.7,88.4
268,2019-09-02,21.8,1.6,91.9
268,2019-09-03,23.7,1.6,89.1
268,2019-09-04,24.8,1.9,87.6
268,2019-09-05,24.7,2.1,85.3
268,2019-09-06,26,2.6,80.3
268,2019-09-07,25.1,5.2,83.8
268,2019-09-08,23.6,.7,91.8
268,2019-09-09,25,1.9,88.1
268,2019-09-10,25.4,2.3,83.6
268,2019-09-11,24.3,1.3,87.8
268,2019-09-12,24.3,1.8,75.4
268,2019-09-13,22.6,1.2,72.9
268,2019-09-14,22.7,1.6,78
268,2019-09-15,23.1,2.2,85.8
268,2019-09-16,22.8,1.8,83.5
268,2019-09-17,22.3,1.3,76.8
268,2019-09-18,21.2,3.6,73
268,2019-09-19,19.4,1.6,68.8
268,2019-09-20,20.4,1.1,72.3
268,2019-09-21,18.3,3.2,88.1
268,2019-09-22,19.3,7.3,81.4
268,2019-09-23,18.8,3.6,69
268,2019-09-24,17.5,1,79.9
268,2019-09-25,18.9,.8,76.4
268,2019-09-26,20.4,.9,80.1
268,2019-09-27,22.3,1.1,80.9
268,2019-09-28,23.5,1.1,84.5
268,2019-09-29,22.1,1.8,79.1
268,2019-09-30,22.1,.8,81.3
268,2019-10-01,22.4,1.5,84.4
268,2019-10-02,22.1,3.3,91.6
268,2019-10-03,22,2.8,84.3
268,2019-10-04,21.4,.6,86
268,2019-10-05,18.4,2.5,76.3
268,2019-10-06,19.5,1.2,70.6
268,2019-10-07,18.9,1.9,79.4
268,2019-10-08,18,3,65.8
268,2019-10-09,14.7,2.3,62.6
268,2019-10-10,15.1,.5,74.5
268,2019-10-11,18.3,1.5,73.9
268,2019-10-12,17.9,.7,77.5
268,2019-10-13,16.5,.5,69.3
268,2019-10-14,15.5,3.1,74.1
268,2019-10-15,14,2,67.4
268,2019-10-16,14.7,.9,77.1
268,2019-10-17,,.9,
268,2019-10-18,,1.6,
268,2019-10-19,18.1,2.1,77.5
268,2019-10-20,17,1.5,80.4
268,2019-10-21,15.6,.8,79.9
268,2019-10-22,16.1,.7,75.5
268,2019-10-23,17.5,1.2,75
268,2019-10-24,17.4,1.4,73.6
268,2019-10-25,16.9,2.2,79.6
268,2019-10-26,14.5,4.1,57.8
268,2019-10-27,13,2.8,63.1
268,2019-10-28,11.8,.8,80
268,2019-10-29,15.2,1.8,65.3
268,2019-10-30,13.3,1.8,65.3
268,2019-10-31,12.4,1.2,84
268,2019-11-01,14.1,1.1,84.9
268,2019-11-02,14.3,.8,82.6
268,2019-11-03,15.2,1.8,77.3
268,2019-11-04,12.9,.7,85.8
268,2019-11-05,12.4,1.1,83.1
268,2019-11-06,13,1.1,76.5
268,2019-11-07,13.6,3.9,64.4
268,2019-11-08,11.5,4,55.4
268,2019-11-09,11.4,2.7,63.8
268,2019-11-10,12.2,2.6,76.1
268,2019-11-11,15,3.2,63.9
268,2019-11-12,12.1,1.1,70
268,2019-11-13,11.8,1.9,79.8
268,2019-11-14,7,4.1,62.8
268,2019-11-15,9,1.8,76.5
268,2019-11-16,12.6,.9,83.1
268,2019-11-17,19.4,3.6,72.1
268,2019-11-18,11.1,4.5,68.4
268,2019-11-19,8.8,4.7,53.5
268,2019-11-20,6.3,3.1,60.6
268,2019-11-21,8.7,1.6,51.4
268,2019-11-22,13.2,1.3,70.3
268,2019-11-23,14.9,1.3,74.1
268,2019-11-24,15,2.4,81.1
